,SNF,PINSPlus,NEMO,COCA,LRAcluster,ConsensusClustering,IntNMF,MOFA,Spectrum,IclusterPlus,Mean
GE-CNV,0.2519937398209053,0.3000302666235965,0.2940509736288924,0.3087394444672248,0.2505055753451751,0.2417165441849746,0.3742742953150934,0.2287622272021189,0.2651859475464521,0.1884165691131582,0.27036755832475917
GE-ME,0.4158684541452485,0.4502320615470221,0.5293585612376708,0.3756184650734308,0.3308661501784743,0.4535020945535565,0.4660380269680551,0.4354189481884736,0.3509900109360017,0.4461989435186579,0.4254091716346591
GE-ME-CNV,0.3207311993709608,0.2353900824768218,0.3934645317263546,0.3437381463218313,0.2134049256023625,0.2844059590651007,0.3295385129128633,0.3254026578699935,0.3575092795837499,0.2480620213382313,0.30516473162682695
GE-ME-MI,0.5149399626683557,0.4327229029934066,0.5770158362668822,0.3586146167063827,0.3288179267913939,0.4195902495040419,0.4330378595482795,0.4039149578110418,0.371296066873921,0.4310841782218741,0.42710345573855796
GE-ME-MI-CNV,0.3866345724582297,0.2196999421819471,0.489751403528756,0.299254736667221,0.2085120569870346,0.2836677490414953,0.3047136235966123,0.3249032014126464,0.4014563560698595,0.2634594285572172,0.3182053070501019
GE-MI,0.3308448457064669,0.3277162252301952,0.3353336660901703,0.2263707486327658,0.2752993660331607,0.4343660456871111,0.5202722922309893,0.3171300402439868,0.3750300831275171,0.3085947188781975,0.34509580318605604
GE-MI-CNV,0.2761665862071543,0.2772286229005842,0.3871329327143362,0.2470598257173019,0.2448166376759168,0.2007854746050665,0.3458096777689821,0.2042356614212712,0.3457226627776114,0.1649348338407529,0.2693892915628978
