,SNF,PP,NEMO,COCA,LRAclst,CC,IntNMF,MOFA,Spectrum,IclusterPlus,Best,Mean
GE-CNV,0.34362747873963767,0.6614045499333697,0.38497518471556674,0.38905611436492077,0.4481777831630301,0.5944602100125589,0.35621131914494625,0.3067554046719847,0.3238241341047254,0.24950375838027586,PP,0.40579959372310165
GE-ME,0.5030126671554167,0.6759479576761408,0.5966147589814906,0.3988211577043368,0.44698336394070887,0.6337044044498664,0.3660401248787232,0.5168160042510055,0.4722629988060203,0.32767416024092494,PP,0.49378775980846346
GE-ME-CNV,0.3991414245742968,0.7163148788435095,0.4805070167920206,0.34321979509465406,0.5085476874345446,0.5871886982969995,0.381982924069636,0.3457828884725034,0.4092390512033528,0.29547576362246897,PP,0.44674001284039866
GE-ME-MI,0.5412649079134711,0.6356360047616837,0.6091776308464354,0.3254781114529716,0.4515416214745736,0.5469346261193184,0.372845397989562,0.48076071222708167,0.5113054187821365,0.31870163979205035,PP,0.47936460713592843
GE-ME-MI-CNV,0.4702441354739147,0.6659823335780143,0.5710906807777719,0.3660525507638844,0.46615745792694935,0.6249265386761959,0.38572224259660315,0.3989885374239033,0.5621794092843642,0.29676149830593473,PP,0.48081053848075356
GE-MI,0.43953260100938235,0.6021585660178547,0.42616746650823173,0.3104280608099377,0.42906952478940386,0.5218829277285311,0.6231872033279898,0.47331743004211696,0.45805158550116315,0.3821301756439548,IntNMF,0.46659255413785655
GE-MI-CNV,0.39234597838635094,0.5391556432246895,0.48706279694759846,0.32483757800399227,0.43391542627028606,0.5747904369140896,0.3616239814361842,0.28911995395312706,0.43253080298009183,0.25484452702645505,CC,0.40902271251428646
