,SNF,PP,NEMO,COCA,LRAclst,CC,IntNMF,MOFA,Spectrum,IclusterPlus,Best,Mean
GE-CNV,0.3381918491597797,0.38046344611230815,0.36891889028634345,0.3908736308387623,0.33665250924490137,0.3299750347003907,0.4541342217237802,0.3145195458365767,0.3459363277945842,0.27524400505710817,IntNMF,0.3534909460754535
GE-ME,0.49117545735756307,0.5154048141256503,0.5765095159922782,0.4634918521954183,0.4190177987223395,0.5158194743361907,0.5372493181683288,0.5082520313324768,0.44392433341502713,0.509514432600052,NEMO,0.4980359028245324
GE-ME-CNV,0.39240684264496845,0.33007952361523785,0.4638603886032214,0.42800308861387987,0.3211207759968375,0.3801292801502872,0.4028686772937166,0.4048439607257153,0.438554295023388,0.3450484726686631,NEMO,0.3906915305335915
GE-ME-MI,0.5729801330492744,0.49804454324011943,0.6213189618161518,0.4377774986901016,0.4157043397587546,0.4824515076031111,0.5001368545025461,0.4787358146181828,0.4671196586706076,0.4962172758766667,NEMO,0.49704865878255167
GE-ME-MI-CNV,0.4474839543199654,0.3199105589269649,0.540195626713481,0.3891497878746897,0.31691106112016326,0.3751681549841004,0.38044229720148315,0.40491036392980534,0.4892913009846073,0.35490859181706114,NEMO,0.40183716978723216
GE-MI,0.4335303573817826,0.4254540123073003,0.42873085519261805,0.32835099255043987,0.3822412060231331,0.5151923149365835,0.5649060559661355,0.4041282913023017,0.4645056439768851,0.3980893314004206,IntNMF,0.43451290610376
GE-MI-CNV,0.35791929055108646,0.36332392786250844,0.45782718910409903,0.3381711597471446,0.3303758348676281,0.2951367586836098,0.4314885820715914,0.29048056718212933,0.4380238312182195,0.2571277962847038,NEMO,0.35598749375727196
