,SNF,PP,NEMO,COCA,LRAclst,CC,IntNMF,MOFA,Spectrum,IclusterPlus,Best,Mean
GE-CNV,0.3400008984575879,0.3975958167193803,0.37537244507798523,0.3528938939405098,0.3493310629955815,0.3317208974696943,0.4579219370016993,0.2865525097427363,0.34245833546509624,0.2712725210805854,IntNMF,0.3505120317950856
GE-ME,0.5017234423337359,0.4701526367326058,0.5225576967966648,0.34203320124116393,0.4484458153376272,0.510376952024279,0.45733040198029284,0.6195232016764853,0.4819147239465704,0.46392834935547667,MOFA,0.48179864214249013
GE-ME-CNV,0.34889255712667894,0.42722329804940234,0.4844431043411026,0.35076057471434074,0.3820786005448788,0.38578994716395837,0.44557810453764235,0.37711679269787585,0.5156453685533446,0.3009896122102789,Spectrum,0.4018517959939504
GE-ME-MI,0.4614621415015798,0.45918872428800456,0.4148861717199117,0.29797924510987706,0.3632714680675724,0.45962468535987355,0.46449686959868525,0.5016619046143682,0.4211400764932442,0.4384996815727716,MOFA,0.4282210968325888
GE-ME-MI-CNV,0.43319339317395955,0.3978655879789872,0.49860168954004996,0.33183786739206805,0.3761599362602208,0.4169794550991767,0.44473765487920264,0.3498666835299316,0.49552606685039446,0.34052492363674564,NEMO,0.40852932583407375
GE-MI,0.44396944126143856,0.3963599062782756,0.42231961399769685,0.30074359921019095,0.39057922305137516,0.47434666324018154,0.5526448066683335,0.2495631726961203,0.4419736857815921,0.37709357786063885,IntNMF,0.40495936900458435
GE-MI-CNV,0.35539273368589613,0.38995629818957794,0.46393150474156325,0.34544419684509764,0.33593967016618986,0.37064004389654576,0.43714312124198945,0.3697057949953419,0.4011030559363526,0.30015737255371056,NEMO,0.37694137922522647
