,SNF,PINSPlus,NEMO,COCA,LRAcluster,ConsensusClustering,IntNMF,MOFA,Spectrum,IclusterPlus,Mean
GE-CNV,0.454524193741051,0.4774096443760425,0.4755360874200453,0.4873852143766587,0.446040210864516,0.4467857401486347,0.53436512028437,0.4520622377363861,0.4642356181378269,0.4043753134501046,0.46427193805356354
GE-ME,0.5674808422810144,0.5972056864318994,0.6466377496673108,0.5418598293531172,0.5183065149061019,0.5903798213414478,0.6119125203921223,0.5902154642242519,0.5263223794922791,0.5938270630883982,0.5784147871177943
GE-ME-CNV,0.495323260403659,0.4368692029769321,0.5632639210758974,0.5146667266275972,0.4326808359450617,0.4813429340349836,0.4971631578681316,0.4980024182631737,0.5264984974290723,0.450650355971206,0.4896461310595714
GE-ME-MI,0.6358514156451059,0.582238356682489,0.681676778987337,0.5241677529657698,0.5170852627978803,0.564383333769805,0.5858525779904383,0.561083411769488,0.5464428324479761,0.5821575940623018,0.5780939317118592
GE-ME-MI-CNV,0.5397291017836405,0.4265430308065975,0.6194055954556548,0.4818923041594452,0.423321542268202,0.4753408853446224,0.4775918245627086,0.4962440607239923,0.5623952857374984,0.4623474135347149,0.49648110443770765
GE-MI,0.4988739773276136,0.4977839513584861,0.5023356977949347,0.4337209799376799,0.4628954529567392,0.5804803592482557,0.6393779701170436,0.493561598531727,0.5387851092788878,0.482122137256343,0.5129937233807711
GE-MI-CNV,0.4671222623661976,0.4611444221163892,0.5430560229693733,0.4411092763780695,0.4410063791739508,0.4168197964712794,0.5138226049717551,0.4231906752736044,0.5144706655910742,0.3926046426973203,0.4614346748009014
