,SNF,PINSPlus,NEMO,COCA,LRAcluster,ConsensusClustering,IntNMF,MOFA,Spectrum,IclusterPlus,Mean
GE-CNV,0.3080576139173827,0.3639504273372854,0.3371696098100929,0.3764962336724035,0.313411741525013,0.3014228197675628,0.4537632495718773,0.2627341725712251,0.3083874176994737,0.2329401326080617,0.3258333418480378
GE-ME,0.4901770756464264,0.4987766943980295,0.553532237071853,0.4729972621597068,0.4078807310824422,0.5035765071135675,0.5337974071448089,0.4991216815847047,0.4544606098168005,0.4885172911931,0.4902837497211439
GE-ME-CNV,0.3611660681602855,0.3179792853919597,0.4348527130074123,0.4256043928922109,0.3172765664430884,0.3746389473507773,0.3819043611001549,0.3911268060439787,0.4316551080573417,0.3364330406965521,0.3772637289143761
GE-ME-MI,0.5681490208343616,0.4791723700444628,0.605264270194236,0.4305501263981523,0.4012098296869896,0.4633809395354865,0.4815201259689207,0.4712090742740187,0.4836200766899257,0.475410055345824,0.4859485888972378
GE-ME-MI-CNV,0.4160881887180261,0.31348870379235,0.511429881156032,0.3863023227974028,0.3188995841052531,0.3664958305661835,0.3590214434451285,0.3935838296527774,0.5040222611464641,0.3389189333592513,0.39082509787388686
GE-MI,0.4708722491112672,0.4508618603332197,0.4485232016927491,0.324961249080874,0.4085287990794996,0.5307305398743837,0.5350679055503738,0.4016932351311914,0.4797017395242505,0.4035511380667212,0.445449191744453
GE-MI-CNV,0.3304690230799076,0.3515987385705519,0.4432926116285876,0.3263443771460624,0.3053044877530168,0.2678050049744834,0.434833463474037,0.2440153648515125,0.4538781652859729,0.2138439123160382,0.33713851490801705
