,SNF,PINSPlus,NEMO,COCA,LRAcluster,ConsensusClustering,IntNMF,MOFA,Spectrum,IclusterPlus,Mean
GE-CNV,0.1094019820709226,0.1949411016672388,0.2720123432669393,0.1218814689203412,0.1263386074145717,0.247223957012115,0.1572777249465585,0.10186590077878,0.1292843736697676,0.0294442679204889,0.14896717276677235
GE-ME,0.3150747494642847,0.5690205904792179,0.4953971619159672,0.4360385457140639,0.4245242241168395,0.4291643918465107,0.4496607207385684,0.4782021750118073,0.4567572172709539,0.5716040853137893,0.4625443861872004
GE-ME-CNV,0.3547402541619736,0.5633450030485386,0.4358241569642076,0.2518403265848319,0.4617362512923278,0.4172871185535114,0.3236109648427043,0.3321561526624078,0.5043939771455271,0.4656642835486394,0.411059848880467
GE-ME-MI,0.4056324660084949,0.5705219634941237,0.4725568909822749,0.3542958486676185,0.4387339595710783,0.40071549881209,0.4700971244599276,0.4787895019826941,0.4041370813401703,0.569244769609871,0.4564725104928343
GE-ME-MI-CNV,0.3759957355008317,0.5633450030485386,0.4589466193435575,0.2509329254819624,0.467759896333177,0.4148782287864653,0.3293792131019676,0.338817661360929,0.3798846679933155,0.512718082530334,0.40926580334810786
GE-MI,0.3723846440078281,0.3957327218329082,0.4159741219111634,0.06583901212957,0.2202935262699416,0.2571719328749601,0.3378033484515513,0.3065680399520799,0.2580521972383053,0.2549952885394187,0.2884814833207726
GE-MI-CNV,0.2510129694488511,0.2047150555453244,0.3703242259100746,0.1123487667216942,0.1069890786333021,0.2677613927367904,0.1698520432820872,0.1471273621190009,0.2386521708711605,0.0218188980965755,0.18906019633648605
