,SNF,PP,NEMO,COCA,LRAclst,CC,IntNMF,MOFA,Spectrum,IclusterPlus,Best,Mean
GE-CNV,0.2465104159229937,0.3543320974476553,0.34831976142716137,0.21849940682617508,0.27353375422765164,0.35350600947693805,0.28760984230373715,0.2364954612191642,0.22866654759174185,0.15600859604036274,PP,0.27034818924835813
GE-ME,0.491181712169842,0.6920921677043285,0.5281337741636055,0.3515421112746175,0.5787925325901567,0.45077367097447535,0.46571560863888967,0.43778915945176466,0.5386410164078683,0.5876924520071306,PP,0.512235420538268
GE-ME-CNV,0.38497050000512817,0.6758642033187842,0.440006728723126,0.31770452455786824,0.6214383446399712,0.42252698534479755,0.4069769884319235,0.1958654954157255,0.4350693688085339,0.4255075347367621,PP,0.43259306739826214
GE-ME-MI,0.533422111576345,0.7196484384395762,0.5231502353860981,0.37691905701668743,0.5404552614838812,0.40158298692107314,0.4114409551767628,0.32154470887697856,0.4437325187209528,0.5029936544105927,PP,0.4774889928008948
GE-ME-MI-CNV,0.4313536245675677,0.659158588098276,0.5117561911511129,0.30224200851343336,0.5446451225460379,0.447202711416208,0.45328535581829144,0.2672744537905674,0.43701933361946926,0.4574916817965154,PP,0.451142907131748
GE-MI,0.45958785902380167,0.37660403147576016,0.4727635375629265,0.2178533255434981,0.31838208758172987,0.34175882904022464,0.4282272399002696,0.23381179226614798,0.3882648219080534,0.29088008246057345,NEMO,0.35281336067629854
GE-MI-CNV,0.305730553798962,0.41058187333353385,0.444854924739358,0.2115441657789355,0.3294927273708001,0.38800864015293923,0.4307334051823224,0.26186603169637984,0.4035913932668634,0.1801906553911683,NEMO,0.3366594370711263
