,SNF,PP,NEMO,COCA,LRAclst,CC,IntNMF,MOFA,Spectrum,IclusterPlus,Best,Mean
GE-CNV,0.24065437621618693,0.43450136527601374,0.3294759214769308,0.2796910120701947,0.35313003850272734,0.4033865462526942,0.25267984012381706,0.17434554058040788,0.23613405459492046,0.15617123593431756,PP,0.286016993102821
GE-ME,0.5181506045133775,0.4195014021621482,0.5971905693764884,0.4910481335171942,0.3837727944738119,0.3373766798215174,0.5282318261905891,0.6323407122512158,0.5718509741576988,0.6295738790106288,MOFA,0.5109037575474671
GE-ME-CNV,0.42366118825615295,0.48395755893047454,0.47619204578816504,0.4186555513280113,0.39374162872455676,0.3705828640776782,0.5360349530531691,0.3585539678376981,0.5547230810896081,0.45350774917425357,Spectrum,0.44696105882597675
GE-ME-MI,0.4901293017808544,0.48625314500608097,0.49718049171300943,0.4500447154972848,0.39040381775461636,0.3283715485512915,0.5324920700970188,0.5157838768142793,0.42456658780460294,0.6273702488225139,IclusterPlus,0.4742595803841552
GE-ME-MI-CNV,0.4317165829072578,0.5187145310243523,0.46303862323238426,0.4161176014926118,0.3740125193294103,0.38357160567387866,0.5625782986591578,0.39153698998108943,0.3999824158918333,0.446927977832756,IntNMF,0.43881971460247315
GE-MI,0.4014167680733556,0.43040040685503717,0.4494327055801756,0.285187652552676,0.35850473517514203,0.34106955978554815,0.44022435201403914,0.36252624715402515,0.32753888972556894,0.3633570121389669,NEMO,0.37596583290545343
GE-MI-CNV,0.32927518618229906,0.4694742168986625,0.3958912832034805,0.2544807851068015,0.36032918143087084,0.37024490204958127,0.2638495888153528,0.18052037207695518,0.3724086606583987,0.15617123593431756,PP,0.315264541235672
