,SNF,PP,NEMO,COCA,LRAclst,CC,IntNMF,MOFA,Spectrum,IclusterPlus,Best,Mean
GE-CNV,0.22235924782146213,0.28757652137773854,0.3469496332067367,0.22893344795717394,0.24173628671592354,0.3309048202268447,0.24904251461161478,0.2093540598698099,0.23594296876887966,0.16063512551205975,NEMO,0.2513434626068244
GE-ME,0.41274014771461626,0.6097049600577702,0.5784787240122191,0.5016345089713042,0.5066107675214115,0.5076773484056941,0.512401283909658,0.5425422335265949,0.5427656172418304,0.6120830178870137,IclusterPlus,0.5326638609248112
GE-ME-CNV,0.43223447298127854,0.6053580636545023,0.4923187062082204,0.3556600425891043,0.537614865477457,0.48925880416883943,0.3980020376081946,0.4160913059506297,0.5845997949607519,0.5260596046689895,PP,0.4837197698267969
GE-ME-MI,0.47426047920972997,0.610949209594001,0.5324206402388375,0.4406336709450532,0.5204261084833361,0.4896041108465164,0.5282064211775018,0.5414604799018079,0.49378171291377476,0.6100545432268838,PP,0.5241797376537443
GE-ME-MI-CNV,0.4427754500580714,0.6053580636545023,0.5141649253638477,0.3615258283024878,0.5412829396625328,0.48532044968058496,0.402689117322984,0.4188433937361508,0.4586171143207359,0.5646636902391787,PP,0.47952409723410766
GE-MI,0.4374231840386653,0.4731511378194704,0.4786310062896752,0.20475545536794781,0.32854247321065716,0.34856007693009977,0.41737324396834846,0.3920195809572224,0.3449947372015611,0.3539455036044184,NEMO,0.3779396399388066
GE-MI-CNV,0.3314526394732053,0.296249327556193,0.43626807677536444,0.22193964318661039,0.22980108637616622,0.34608852481731,0.2602814595121922,0.2524340416369848,0.32730843449052865,0.15586308580974997,NEMO,0.2857686319634305
