,SNF,PINSPlus,NEMO,COCA,LRAcluster,ConsensusClustering,IntNMF,MOFA,Spectrum,IclusterPlus,Mean
GE-CNV,0.4322637621825187,0.4685861491856221,0.513405780362524,0.4249402788691695,0.4505474605786315,0.502534466896892,0.4376232395968661,0.418782013832661,0.4346835788532321,0.403888165323377,0.44872548956814934
GE-ME,0.5481552420908682,0.7110335844707893,0.671907687569302,0.6297771996732233,0.621961121120333,0.6235031058552882,0.63275987379281,0.6558728299751536,0.6467801276252224,0.7128030062817594,0.6454553778454749
GE-ME-CNV,0.5770973629595304,0.7071815578454761,0.6227852487173198,0.5130813023096037,0.645144212735083,0.6132032968830334,0.5490931938444785,0.5599165430748225,0.6789600071970228,0.6446622252034426,0.6111124950769813
GE-ME-MI,0.6026928991054544,0.7120376318373306,0.647161237352634,0.5785091118350504,0.631297075213467,0.6060728243501636,0.6462472141344001,0.6561330543499062,0.6143162413709679,0.7111990064333643,0.6405666295982739
GE-ME-MI-CNV,0.5849188933100934,0.7071815578454761,0.6375672146371388,0.5177443521172391,0.6489944798068289,0.609851097986489,0.5519333990524299,0.5651064651724935,0.59235551500611,0.6750320463387838,0.6090685021273083
GE-MI,0.5813303100029019,0.602698433119126,0.6103627994332865,0.4425035713114156,0.4990096137303689,0.5146791966236599,0.5639689112549598,0.5613431250609748,0.5086515944473388,0.5185623001634282,0.5403109855147461
GE-MI-CNV,0.5038007171606104,0.4750006918231225,0.5788700342402346,0.4194883346461017,0.4462242951653764,0.5146491419237064,0.4459604934140412,0.4492323793893173,0.4997908237340169,0.4037362663695394,0.4736753177866066
