,SNF,PINSPlus,NEMO,COCA,LRAcluster,ConsensusClustering,IntNMF,MOFA,Spectrum,IclusterPlus,Mean
GE-CNV,0.1254119992109451,0.1992023132803546,0.2554307759907467,0.139978596082011,0.1483227921545675,0.2429560367715271,0.1522265792914198,0.1074142649979886,0.1438609537836393,0.0485729432923133,0.1563377254855513
GE-ME,0.374990451588696,0.5490607052233034,0.5681313225513881,0.4390877815266253,0.4733469573270622,0.4703645475152833,0.4547832571975957,0.4935516955928238,0.5247595068293147,0.5518419620654926,0.4899918187417585
GE-ME-CNV,0.3648658018223316,0.5455476300694921,0.4183467129431338,0.3020584988728772,0.50596413240496,0.4372859970699734,0.3213019541374011,0.3562012221146588,0.5704454005397058,0.4678523052548866,0.428986965522942
GE-ME-MI,0.4144560725152405,0.550288033450549,0.4775437923816035,0.3890960523324906,0.4912472906654632,0.4620240093772956,0.4682749249381778,0.4894588833728235,0.4628918160301861,0.5497198536374162,0.4755000728701247
GE-ME-MI-CNV,0.367411721363289,0.5455476300694923,0.4459809421108467,0.3159002073082619,0.5070944428475926,0.4312320222688005,0.3267547398145546,0.3526060546750299,0.4036111599627822,0.5062409418484183,0.42023798622690683
GE-MI,0.3585545981052659,0.421022258506377,0.4095560975245756,0.1059237826628578,0.2663242796316609,0.2738291012916793,0.3503474721985341,0.3081475778586123,0.2682804199190393,0.2882789221104083,0.30502645098090114
GE-MI-CNV,0.2395442318101545,0.2090322353001321,0.3596099701757842,0.1339818281920353,0.1361898853298202,0.2558550397914332,0.1650318418404483,0.1609423834026361,0.2434823088664086,0.042034092963135,0.1945703817671988
