,SNF,PINSPlus,NEMO,COCA,LRAcluster,ConsensusClustering,IntNMF,MOFA,Spectrum,IclusterPlus,Mean
GE-CNV,0.0126306074867726,0.0003579245472849,0.0223335682350038,0.0057549875103378,0.0074637379036728,0.0224343173487264,0.0016073097441616,0.0011406527558737,0.0057273306144033,0.0017697763354845,0.00812202124817214
GE-ME,0.0381696112321282,0.016175275500903,0.0441241649280224,0.0082477902318374,0.016175275500903,0.016175275500903,0.016175275500903,0.0136656642659298,0.0162107372155903,0.0049487643310895,0.01900678342082096
GE-ME-CNV,0.0193342555793599,0.0191996124520804,0.0276449460253547,0.0131435329800823,0.0191996124520804,0.020656881476879,0.0197429533459941,0.0050521722234819,0.0290383365219572,0.0075143188888375,0.018052662194610738
GE-ME-MI,0.0156786353909479,0.0285211967639985,0.020450131177026,0.0186813340931986,0.0285211967639985,0.0295298383665246,0.0285211967639985,0.0206317106227818,0.029350583818558,0.0211739297185139,0.02410597534795463
GE-ME-MI-CNV,0.0231173366891047,0.0277495326642562,0.0319958380634076,0.0276674322349773,0.0281583742270064,0.0302526352069213,0.0286239714649741,0.0278134928204248,0.0257238701265189,0.0142454156110924,0.026534789910868366
GE-MI,0.0116298182815905,0.026811322690682,0.0105051902518877,0.0083071246285856,0.0221185743751168,0.0076442965295623,0.0012539201633631,-0.0008495657237865,0.0119434420497199,0.0036875675254637,0.010305169077218512
GE-MI-CNV,0.0209510005958477,0.0121140976136934,0.0217160651707241,0.0220456754889689,0.0189698390431447,0.0151851577019105,-0.0005110437597761,0.0050781545044736,0.0133802257735882,0.0041428586962307,0.013307203082880572
