,SNF,PP,NEMO,COCA,LRAclst,CC,IntNMF,MOFA,Spectrum,IclusterPlus,Best,Mean
GE-CNV,0.20558865326688938,0.1800282295222737,0.18328779248833985,0.18075712947059933,0.1774957187721529,0.18672438702079805,0.17557964690978434,0.18990898185120395,0.1796479484524889,0.17756698207875268,SNF,0.18365854698332829
GE-ME,0.20477117383720234,0.18648001608303988,0.18648046068263083,0.19301302491136507,0.17543559744129644,0.1991431742891475,0.19629472700744297,0.1857312189757981,0.2096037863120446,0.17348034710783986,Spectrum,0.19104335266478073
GE-ME-CNV,0.18574924880113106,0.17860309705615407,0.1728649713686755,0.17857095584544821,0.18405819508321342,0.17911010365056104,0.1731483167457307,0.18355403294394054,0.20606046419907756,0.18139878268002552,Spectrum,0.18231181683739575
GE-ME-MI,0.17996818148499635,0.18726482448766132,0.18256003124408574,0.19136742922572444,0.17373352959861788,0.2091490736260615,0.19843090166987085,0.18666926009782933,0.2041410367293601,0.17023659702733066,CC,0.18835208651915383
GE-ME-MI-CNV,0.18238941627361438,0.18599081217516342,0.17525854372798674,0.1828862353450207,0.1889945394547938,0.18534866774677083,0.18260682176077592,0.18717119562529014,0.19584797528665052,0.17178031790044032,Spectrum,0.18382745252965066
GE-MI,0.17639460797513098,0.18845446646835282,0.1745761083526941,0.19532495649951295,0.18777191491955345,0.18010598108457757,0.16921057581709106,0.17724665063177206,0.18550545784472117,0.16718482583169647,COCA,0.18017755454251025
GE-MI-CNV,0.19949917733220146,0.18383231874376507,0.18173035301619533,0.18249729854395047,0.18544665186109685,0.1842208210844057,0.16982966083887488,0.19224145758082226,0.19082598329283848,0.1737735618673442,SNF,0.18438972841614948
