,SNF,PP,NEMO,COCA,LRAclst,CC,IntNMF,MOFA,Spectrum,IclusterPlus,Best,Mean
GE-CNV,0.19532358811174577,0.1778842416044912,0.18169898265329,0.18643220119927603,0.18167825141801566,0.17935512309627125,0.16614824738576423,0.16983921422773007,0.19332449054809434,0.1702182536748623,SNF,0.1801902593919541
GE-ME,0.2114264120817263,0.18013787091615543,0.19283743442676526,0.1897497902876758,0.17937068634632972,0.17996277474844372,0.1954664922413708,0.19615092474144488,0.1956348665218588,0.17624244674855535,SNF,0.18969796990603258
GE-ME-CNV,0.19144595432329958,0.1787495637514048,0.17931746989589822,0.1852054180911619,0.17788277380930853,0.17931066519264252,0.19764570350020483,0.1886022926411666,0.20347638592973008,0.18239223465081955,Spectrum,0.18640284617856367
GE-ME-MI,0.20909940659322926,0.18141989357392105,0.18564778932576867,0.18458354150706682,0.18851485447270847,0.1773462878058939,0.20618945909675856,0.2051403913571407,0.212613734480668,0.19363966449561376,Spectrum,0.19441950227087693
GE-ME-MI-CNV,0.18001074648196433,0.17959444356198714,0.18027663404347175,0.1927546949226747,0.18287210765620684,0.1786998079476825,0.20515482829807227,0.1930827288958409,0.22172226840108678,0.18438153033240576,Spectrum,0.18985497905413928
GE-MI,0.17197281519857568,0.18151985953706987,0.17484522756971388,0.18080825771811984,0.1838366384362683,0.1800493723903417,0.17311788894670363,0.18164400684145507,0.17097202309253448,0.17361585690790124,LRAclst,0.17723819466386834
GE-MI-CNV,0.17991466603659104,0.181370224080173,0.17076693581699523,0.17712185536191274,0.18374603946414234,0.1795553374463714,0.17084663794079935,0.17361323401856632,0.17963093199177158,0.17790206832512998,LRAclst,0.1774467930482453
