,SNF,PP,NEMO,COCA,LRAclst,CC,IntNMF,MOFA,Spectrum,IclusterPlus,Best,Mean
GE-CNV,0.20494969382612513,0.17581681338374155,0.18410075956509497,0.18194402020559183,0.1829459830645752,0.18922617125104443,0.1690585282747222,0.18507066481881382,0.1901611453104464,0.17156814097949505,SNF,0.18348419206796507
GE-ME,0.20393902428624763,0.1954664922413708,0.1997832574405397,0.1820809146624789,0.1954664922413708,0.1954664922413708,0.1954664922413708,0.19436508836746266,0.19549364423577187,0.17638128340892967,SNF,0.19339091813669138
GE-ME-CNV,0.1957209972263424,0.19764570350020483,0.18846697849422442,0.18453033620053652,0.19764570350020483,0.1984821219886951,0.19796829265244278,0.184103446231606,0.19548140672570583,0.18161357304454392,CC,0.19216585595645067
GE-ME-MI,0.19653623535160336,0.20618945909675856,0.1843149315410216,0.18791516417449208,0.20618945909675856,0.20679618974304873,0.20618945909675856,0.2030026538258021,0.20678127360560325,0.19680975267289588,CC,0.20007245782047428
GE-ME-MI-CNV,0.19730878566097795,0.20490883755858794,0.19143338848932387,0.19446595045205695,0.20515482829807227,0.20642280653392486,0.2054438346556702,0.1974783661072036,0.20107852948981256,0.18664740194080073,CC,0.1990342729186431
GE-MI,0.18296187854045656,0.18765597182204716,0.1786533228595323,0.20225394672964056,0.1884018406174777,0.18494994526896436,0.16916082091311269,0.1857536607734991,0.18120903931821875,0.1736666227998991,COCA,0.18346670496428485
GE-MI-CNV,0.2013126507101869,0.18531977709767722,0.1840405808124663,0.18618184552257136,0.18823281108196133,0.1849890984115976,0.16849793704300728,0.18464705740251997,0.2067083186243622,0.1818707016345431,Spectrum,0.1871800778340893
