,SNF,PINSPlus,NEMO,COCA,LRAcluster,ConsensusClustering,IntNMF,MOFA,Spectrum,IclusterPlus,Mean
GE-CNV,0.582518662601706,0.5247898089426167,0.5115799222335116,0.5312753473810211,0.533399203290697,0.5248750331365095,0.5023973789230212,0.5502490484995721,0.5565530930404801,0.5096026622487388,0.5327240160297875
GE-ME,0.5397327757920876,0.5520861630090068,0.5211610847972445,0.5277990878118995,0.5520861630090068,0.5520861630090068,0.5520861630090068,0.5536222673639744,0.5520996492021856,0.5171096561854153,0.5419869173188834
GE-ME-CNV,0.5470206611061881,0.5526305610023827,0.5153695635751339,0.5270421755267596,0.5526305610023827,0.5523970034611041,0.5525716095683886,0.5402251227007734,0.5319897637482498,0.5274063924288164,0.539928341412018
GE-ME-MI,0.5544138395102631,0.5587922372175405,0.5150791455068385,0.5271574327680562,0.5587922372175405,0.5587210948871049,0.5587922372175405,0.5641462147410784,0.558958583226467,0.5455845370720142,0.5500437559364443
GE-ME-MI-CNV,0.5454063739576512,0.5570310745138659,0.5166382957518928,0.5314454001336869,0.5570011745670401,0.5568911619174309,0.5569945779797678,0.5413130683924026,0.5486872888906007,0.5289398627091875,0.5440348278813525
GE-MI,0.5255888638889941,0.5143150699002411,0.5151459343537251,0.5830858865413635,0.523324689858543,0.5388054312637662,0.5031735951124229,0.5566677423290658,0.5202726956885997,0.5122376418501762,0.5292617550786897
GE-MI-CNV,0.5587438882322988,0.5316292423839066,0.5121517578145179,0.5176491562380641,0.5290333180133631,0.5249951170238997,0.5041820320912034,0.5430708176818732,0.5838075437185877,0.5350210516188879,0.5340283924816603
