,SNF,PINSPlus,NEMO,COCA,LRAcluster,ConsensusClustering,IntNMF,MOFA,Spectrum,IclusterPlus,Mean
GE-CNV,0.0196998113898967,0.002302706661323,0.0183887882267696,0.0088017257254166,0.0079750079993558,0.0203691632678973,0.0031708961569838,0.0038222932009956,0.0082030122764559,0.0033319843542618,0.009606538925935607
GE-ME,0.0339146858345271,0.0181380382142026,0.0340645225963522,0.0101958659436997,0.0181380382142026,0.0181380382142026,0.0181380382142026,0.0158073334724838,0.0181705462895397,0.0070854297102842,0.01917905367036971
GE-ME-CNV,0.0208080749934792,0.0211069370461514,0.0223864258821847,0.0134053000947677,0.0211069370461514,0.0223924810281022,0.0215903150429457,0.0070330437705627,0.0254161199069105,0.0099200078159779,0.018516564262723346
GE-ME-MI,0.019516231153599,0.0312549433087367,0.0174155179392003,0.0179067256622215,0.0312549433087367,0.0321376359755167,0.0312549433087367,0.0242300361135461,0.0320346537717848,0.0236707912281596,0.026067642177023807
GE-ME-MI-CNV,0.0234026463361779,0.0299459054976417,0.0256660316526712,0.0242850189875066,0.0303049361001703,0.0321246224774223,0.0307129545222687,0.0233085371087834,0.0288244294523181,0.0167569275021223,0.026533200963708252
GE-MI,0.0116669534507852,0.0218415228752183,0.0103088439729841,0.0153688290189725,0.0197622576187733,0.0084001080135645,0.0030549474635521,0.0014428057152181,0.0114109802163366,0.0050746590240575,0.01083319073694622
GE-MI-CNV,0.0242430633024142,0.0122159912954316,0.0182539194521568,0.0188507048406811,0.0166952761893762,0.0147870205089827,0.0018228227975945,0.0057922000212131,0.0229371863809107,0.0064481945885107,0.01420463793772716
