,SNF,PINSPlus,NEMO,COCA,LRAcluster,ConsensusClustering,IntNMF,MOFA,Spectrum,IclusterPlus,Mean
GE-CNV,0.284227443011151,0.2407527454055929,0.4278956798655354,0.229864141695107,0.1370449201647521,0.1987009873217215,0.204348907232324,0.15554673825373,0.2493137096429215,0.055822853469831,0.21835181260626663
GE-ME,0.6450848070402643,0.4826951501543847,0.6436926968307494,0.3888878060974702,0.3337461837532783,0.5336408372769255,0.3709862733046246,0.4913323516112127,0.570716684922858,0.3507828451517437,0.4811565636143512
GE-ME-CNV,0.5570419090293146,0.4384620923275847,0.5357055803975952,0.3779244873475342,0.3631622280027277,0.3860386629851163,0.4007315623191557,0.3564153292123423,0.4806657016326958,0.2936406407901496,0.41897881940442155
GE-ME-MI,0.6064128025270177,0.4897623816938378,0.5776527657711645,0.4187338931154781,0.3515634724685924,0.5168110051479459,0.3571447732798393,0.4585935741615813,0.5582604968312357,0.354003550071918,0.46889387150686107
GE-ME-MI-CNV,0.5811517747515398,0.4470083712689345,0.4536580435030309,0.3261066373991331,0.3631622280027277,0.3896677625722055,0.3987108832652444,0.3609563473497633,0.5502296806412301,0.2584554811258496,0.412910720987966
GE-MI,0.5861577937171669,0.6412592591097107,0.466740044455934,0.3670253479386594,0.4907939920830169,0.5766517022165704,0.4753870963358474,0.3043030956744022,0.4131445736911782,0.6044061572619182,0.49258690624844037
GE-MI-CNV,0.4048115168793365,0.2563433708379161,0.372360669804713,0.3016097152644939,0.1792800920925538,0.2380757970442539,0.2283242235299845,0.1647164910817522,0.360586781675304,0.0665886534548949,0.2572697311665203
