,SNF,PP,NEMO,COCA,LRAclst,CC,IntNMF,MOFA,Spectrum,IclusterPlus,Best,Mean
GE-CNV,0.37236118261064727,0.3393568590378373,0.4990385803512833,0.3348311245489974,0.24106984478614815,0.30756397138216957,0.2931939402904787,0.2560017575480014,0.3471466220968507,0.15720910508442076,NEMO,0.3147772987736835
GE-ME,0.6874836711561657,0.5540559303111,0.685533402776365,0.48475492399355463,0.4323966058695204,0.6046130330525571,0.4582181913093361,0.5648763193794385,0.6308158481415204,0.4311199874428449,SNF,0.5533867913432403
GE-ME-CNV,0.6098085102988101,0.5139092903371826,0.5969542112320455,0.46443421628645726,0.4535851605336029,0.47546796800781416,0.4794005229734424,0.4435635538215959,0.551697411073034,0.38043921858571417,SNF,0.4969260063149699
GE-ME-MI,0.6533216899549866,0.5592086219565137,0.6285939921758891,0.5019584543240484,0.4453201225247647,0.5876038352682312,0.44420951459993985,0.5360103045728963,0.6149761579459356,0.43399890722131235,SNF,0.5405201600544517
GE-ME-MI-CNV,0.6302790427092173,0.5209616363877264,0.5347944135584797,0.4207108742133705,0.4535851605336029,0.47692780922642464,0.47683530650865164,0.448411226570371,0.602863786030597,0.35372562258931045,SNF,0.4919094878327751
GE-MI,0.63461967477609,0.6893869580840164,0.5307525159882983,0.44994816056387377,0.5585819994406077,0.6390856981313915,0.5486619075671767,0.39567698063781465,0.4884861700824725,0.6543031945588199,PP,0.5589503259830562
GE-MI-CNV,0.47925692601716535,0.3511847454270769,0.4585555331065944,0.3898866198664132,0.2871714500252818,0.3449060202391822,0.3162580293246289,0.2626464442416472,0.44453645117090307,0.17056009525032598,SNF,0.3504962314669219
