,SNF,PP,NEMO,COCA,LRAclst,CC,IntNMF,MOFA,Spectrum,IclusterPlus,Best,Mean
GE-CNV,0.43135528115703964,0.8155040432529184,0.5413366391232636,0.3609172668140424,0.6233648827089556,0.6950509760826127,0.2039421072336791,0.34247615463292264,0.5076398475976446,0.17124566022990048,PP,0.469283285883298
GE-ME,0.7278998736740215,0.8343758138716887,0.7508017511640862,0.46220462332075246,0.6403549639117433,0.7289441163304516,0.46623786303440246,0.5950229501959455,0.7166376798125796,0.40949359944833313,PP,0.6331973234764005
GE-ME-CNV,0.6726369028512035,0.8094343100810121,0.6790555659881412,0.47722819567809355,0.6470846002776502,0.6949162100864213,0.48004478979380866,0.4091308907454136,0.6892675293517515,0.2873925436974898,PP,0.5846191538550987
GE-ME-MI,0.7270433756510696,0.834806620376931,0.7177880419568089,0.46417973403881874,0.6369614184014599,0.7262063304987768,0.4655488924361455,0.5460054945314106,0.6688946870179492,0.4146559523523328,PP,0.6202090547261703
GE-ME-MI-CNV,0.7158035958722286,0.8026979157716565,0.5763474352532708,0.496238572406775,0.6452852751532103,0.6793729728849182,0.48031909439418335,0.43386587071244226,0.6953460158611139,0.2771138409796536,PP,0.5802390589289453
GE-MI,0.7028908213760631,0.8096844131922452,0.6541166650020118,0.5208374578166292,0.6593541463617569,0.6890031580867427,0.520999592983015,0.4841968529123049,0.6100641756198093,0.6602149891864818,PP,0.631136227253706
GE-MI-CNV,0.5864913819415707,0.8394889423779318,0.5184176860385326,0.3963984589003579,0.6750790198904028,0.7588548589703299,0.2649851716945064,0.31164874567146195,0.5666133784064334,0.1485579896922754,PP,0.5066535633583802
