,SNF,PP,NEMO,COCA,LRAclst,CC,IntNMF,MOFA,Spectrum,IclusterPlus,Best,Mean
GE-CNV,0.3806715685887749,0.36420366088913386,0.4966052363751554,0.29957505609094365,0.25319890166260456,0.32054276335617704,0.325490490644535,0.3102680279893339,0.33579817193726885,0.1635609638144945,NEMO,0.32499148413484213
GE-ME,0.6147105846923925,0.5390493529304469,0.6087741457031328,0.3920956117227628,0.4532388049331491,0.5467487215817513,0.461310991815874,0.4967642615921554,0.5914281766687145,0.41692367230188365,SNF,0.5121044323942263
GE-ME-CNV,0.5414272356462676,0.45329004897387587,0.49449936388071736,0.35304527503455185,0.3866647996716028,0.4315498541655806,0.37110051322969273,0.37107307181401367,0.4489196097718801,0.21936337094159705,SNF,0.407093314312978
GE-ME-MI,0.6083161989398338,0.5799458621674652,0.5555233541186833,0.42721479398828305,0.46516308530606,0.6176980084083542,0.4234305667070495,0.5771907220899647,0.603863218494845,0.22459546916822234,CC,0.5082941279388761
GE-ME-MI-CNV,0.5606414713219289,0.4609921175698683,0.47651613921855945,0.3731390276871953,0.4178566198689033,0.4341002295570527,0.3858255786305922,0.4271671981295772,0.531570190992083,0.17623997665227994,SNF,0.424404854962804
GE-MI,0.6264152730381515,0.6426981460046952,0.5488453350001113,0.4514494438517989,0.5361798652879669,0.6402231780959702,0.5372882356981713,0.53128389379052,0.549463131550783,0.24599095336630242,PP,0.5309837455684471
GE-MI-CNV,0.46586915511733,0.4343062844118318,0.4795069465579174,0.3994585196090546,0.36717242000842704,0.4090655737483709,0.37733292948890185,0.3223611262728328,0.44643101769774596,0.153880804102928,NEMO,0.38553847770153404
