,SNF,PINSPlus,NEMO,COCA,LRAcluster,ConsensusClustering,IntNMF,MOFA,Spectrum,IclusterPlus,Mean
GE-CNV,0.4595622787505613,0.4344883857241901,0.5701257254892982,0.4275217651819861,0.3616924857748133,0.4019299403642459,0.3976928743556704,0.3689503916789394,0.4336835540662405,0.2950354892356329,0.4150682890621578
GE-ME,0.7300499153068046,0.6088437500135987,0.7295123516326696,0.5446088478364935,0.5003683604440635,0.6497978019630548,0.5294014081857119,0.6178025592093059,0.6760653026505875,0.5106464772070154,0.6097096774449307
GE-ME-CNV,0.6636303239466219,0.5776101153525672,0.6548259631540416,0.5330339675686112,0.5201468633321039,0.5405752304953643,0.5496872238827653,0.5146290035283183,0.609562041430493,0.4720014656842871,0.5635702198375174
GE-ME-MI,0.7006704057423573,0.6137815135069877,0.6807988548390471,0.5637759323654038,0.5122301543424232,0.638050931521895,0.5183047976531849,0.5934723136896997,0.6682747502393218,0.513402944938456,0.6002762598838776
GE-ME-MI-CNV,0.6816812353294381,0.58374221070804,0.5988807570104416,0.4981961202700971,0.5201468633321039,0.5421563914878653,0.5479065440087602,0.5180599169891108,0.6589173280409468,0.4462776574496958,0.5595965024626499
GE-MI,0.6852372872258699,0.7283539986377818,0.5968826289519263,0.5224984577159979,0.61661315837469,0.6819468482502,0.6028882040451811,0.4844500108894919,0.5591319091011007,0.7002926307853299,0.6178295133977569
GE-MI-CNV,0.5482390150096595,0.4427053932960062,0.5414332723332584,0.4774547148455998,0.3921615486491384,0.431687624987462,0.4142222589824916,0.3730588462516868,0.5167860432847073,0.3069017783552912,0.4444650495995301
