,SNF,PINSPlus,NEMO,COCA,LRAcluster,ConsensusClustering,IntNMF,MOFA,Spectrum,IclusterPlus,Mean
GE-CNV,0.3732938260702295,0.3428294459837289,0.4990943356990162,0.3471074667698991,0.2244721284188791,0.3220609864605414,0.2775400392834418,0.2435081427113349,0.3584426025813901,0.1207689725477984,0.310911794652626
GE-ME,0.6873162911214282,0.5706288907653165,0.6833951598656759,0.5207681180467001,0.4630752734112193,0.6304004599176909,0.4742668924376718,0.5854940473177969,0.6456655568511156,0.4319306399697757,0.569294132970439
GE-ME-CNV,0.6087532979204938,0.5256556633313958,0.6003310901444998,0.4823441939432266,0.4774463902659772,0.499790010542962,0.4877827827184062,0.4596463287241272,0.5648644901559136,0.3756755492827058,0.5082289797029708
GE-ME-MI,0.6528818615955851,0.5740819706687157,0.6273303559174557,0.5233655374912634,0.4721667407632784,0.6079495691348528,0.4571789728667953,0.555965025867408,0.6183932267672495,0.4345902266535631,0.5523903487726167
GE-ME-MI-CNV,0.628004118046674,0.5321343271862047,0.5518444401619664,0.4378298649708813,0.4774463902659772,0.4989592736192031,0.4838884922519503,0.4662174153722388,0.5994443494096139,0.3564437291923861,0.5032212400477096
GE-MI,0.6324639433852333,0.6985476165045565,0.5286348745570345,0.4603206760369639,0.5683388478641164,0.6586585439274041,0.5677104223205016,0.3982778353495498,0.4931820274551386,0.6582107956292117,0.5664345583029711
GE-MI-CNV,0.4847202461625001,0.3545054721473084,0.4618726571818117,0.3905954294891459,0.2900727093341534,0.3649546386858306,0.3062276054614105,0.2501639953915026,0.4562365285526978,0.1381898539407918,0.3497539136347153
