,SNF,PINSPlus,NEMO,COCA,LRAcluster,ConsensusClustering,IntNMF,MOFA,Spectrum,IclusterPlus,Mean
GE-CNV,0.0013603625659365,0.0087935225319575,0.0003395386172782,0.0014174146564408,0.011237238489034,0.0053770937391743,0.0122937167694986,0.0053232009323333,-0.001453089269244,0.0015441155594583,0.00462331145918675
GE-ME,0.1817968369602635,0.892377693313195,0.2180587060569481,0.9271911704104796,0.9533778692461634,0.9531287481390776,0.8998905791666681,0.913428728786711,0.984313986343792,0.1748770745686344,0.7098441392991932
GE-ME-CNV,0.0106324464130747,0.9051841464923494,0.033497740827841,0.3341107731652694,0.9457482975174571,0.9397408825217372,0.8595409954642033,0.0784622719128489,0.6984184704953821,0.2656672242603265,0.5071003249070489
GE-ME-MI,0.2972842676624793,0.8804386572675165,0.2349245664348236,0.802004398152482,0.941463277598749,1.0,0.9121483974408456,0.912256726486161,0.9513091227477652,0.3510758433357245,0.7282905257126547
GE-ME-MI-CNV,0.0211815663724579,0.8783629229496948,0.0380279391660619,0.3355677594036305,0.9058612136830366,0.9609537832716336,0.8616275595798957,0.032924841682305,0.3820011104600889,0.4468690056289733,0.4863377702197778
GE-MI,0.0056064388356803,-0.0021153249176051,0.0076679026619238,0.0008099302908246,-0.0024736176941878,0.0172795927698909,0.0015037294261378,0.0029153503694534,0.0011584543536484,-0.0014096229835722,0.0030942833112194107
GE-MI-CNV,0.0075870636293747,0.0026009902219676,0.0093849043176625,0.0033530467676323,-0.0023342761465887,-0.0019031598608325,0.0057504547204828,0.0225032718204841,0.0028394004363572,0.0006482646132911,0.00504299605198311
