,SNF,PP,NEMO,COCA,LRAclst,CC,IntNMF,MOFA,Spectrum,IclusterPlus,Best,Mean
GE-CNV,0.17987924606382313,0.19304621204512984,0.17882287474909156,0.19971296626401688,0.1854364437476913,0.20032286971703075,0.17635461307316705,0.17794992889590888,0.18760605472194805,0.18049563819074207,CC,0.18596268474685496
GE-ME,0.1732193575215547,0.17243023518501333,0.1704860195374529,0.19022597041654146,0.17785288126770785,0.1808039998863938,0.17369975424170406,0.19529722151247983,0.17193489028420852,0.16790741439718285,MOFA,0.17738577442502393
GE-ME-CNV,0.18293422862548683,0.1844125150325319,0.17683317921846897,0.17692365559559864,0.18920958034380797,0.188019457466165,0.17828573479730878,0.18518499378718734,0.18034183545945806,0.1730256915123076,LRAclst,0.18151708718383214
GE-ME-MI,0.1825897333106061,0.1689772009790432,0.16833719856361487,0.18822041773496742,0.18423602845479045,0.1861541011905864,0.17099937888512476,0.17964162923993576,0.17474458331926168,0.16945468126199756,COCA,0.1773354952939928
GE-ME-MI-CNV,0.18525448630995764,0.18925519728639636,0.18071398284075482,0.1855289098929096,0.19224499230592906,0.1918919866039492,0.17163045946639421,0.19166641962545305,0.17502146956734507,0.16655753245906,LRAclst,0.18297654363581492
GE-MI,0.17134185355226603,0.1679018387494611,0.1697586657245794,0.22285478840423592,0.16912638640855115,0.17236831097093963,0.16595429610250503,0.1797800363629488,0.1772473509971709,0.1664973105385021,COCA,0.17628308378111598
GE-MI-CNV,0.18266478155975618,0.1883534316128944,0.18300010250658236,0.1888407003769554,0.19053058583686674,0.1906210529960742,0.17625652735301703,0.19187130205729022,0.19072326160824984,0.16757778065741968,MOFA,0.1850439526565106
