,SNF,PP,NEMO,COCA,LRAclst,CC,IntNMF,MOFA,Spectrum,IclusterPlus,Best,Mean
GE-CNV,0.1806575214834419,0.18653225936228468,0.1800180771295539,0.19060544629783316,0.18597127658620308,0.1978780327680385,0.17383340069272815,0.18770476673529826,0.18315917081770472,0.18297509150690375,CC,0.18493350433799902
GE-ME,0.9810505398371623,0.18965959984054107,0.9227433837744673,0.9495763881636418,0.23197107969422567,0.18933556625730197,0.8568560801466535,0.7945461277439695,0.9777979211086095,0.30883727697778984,SNF,0.6402373963544362
GE-ME-CNV,0.18387722141674687,0.22247716644737525,0.20492847625523233,0.49877305349656637,0.22136690937015283,0.2016767549083387,0.8766395166558388,0.6326611977647011,0.981464036229601,0.3153690609424441,Spectrum,0.43392333934869975
GE-ME-MI,0.21975961446132275,0.20609381500503468,0.2559659403973789,0.5671095091292121,0.23644579331584273,0.1886812747892721,0.8701460475775405,0.8418300822972453,0.9701742965949153,0.4546250797079477,Spectrum,0.48108314532757124
GE-ME-MI-CNV,0.18335528432443596,0.24081347270037068,0.19216635582782596,0.4261684983291472,0.22454585557490891,0.1790118528224651,0.8738469358062725,0.7455979517757984,0.918468367408173,0.39284061149247984,Spectrum,0.43768151860618776
GE-MI,0.18365802252295274,0.1815831003247984,0.18333493188839903,0.19083895197324294,0.18961312169395683,0.17693788336577695,0.1978580232692074,0.36335184565465606,0.19150031962772215,0.17268001497125243,MOFA,0.20313562152919648
GE-MI-CNV,0.18806558820121422,0.2011794204137024,0.17885774117869635,0.17717618926578296,0.19903885498580617,0.1948594369972765,0.17748589876481624,0.1910671637879772,0.1949887412147059,0.17150374482185926,PP,0.18742227796318373
