,SNF,PP,NEMO,COCA,LRAclst,CC,IntNMF,MOFA,Spectrum,IclusterPlus,Best,Mean
GE-CNV,0.1793744480798459,0.17870303834428417,0.17876649557561222,0.20417532262770466,0.18057927799134818,0.19348455278637197,0.1777856673820167,0.18814837057458414,0.18746670367583604,0.17870934852130152,COCA,0.18471932255589055
GE-ME,0.306916592161391,0.8944310147619783,0.3331143888940567,0.9257297695736613,0.9510766446972733,0.9495763881636418,0.901042247424405,0.912987827045913,0.9822302900063926,0.3099445152544386,Spectrum,0.7467049677983152
GE-ME-CNV,0.18123104439779855,0.9056411719017885,0.19565930232394935,0.45885418574050085,0.9427934691128811,0.9378979911223203,0.8664029407722048,0.24266677016159532,0.7367597870725288,0.3842634918712598,LRAclst,0.5852170154476828
GE-ME-MI,0.39291163720411726,0.8841408340160924,0.34467509404627683,0.8198480150354076,0.940380856974258,1.0,0.9118354200223858,0.9121714274364524,0.9462940364530595,0.45350959075317027,CC,0.760576691194122
GE-ME-MI-CNV,0.1889411052740876,0.8823652746748163,0.20022355955686566,0.44627961142352796,0.9070802085899277,0.9555717261063063,0.8681680432272435,0.19998930677040527,0.4722185174519496,0.5320406061564779,CC,0.5652877959231608
GE-MI,0.17519536765529795,0.19204263872854374,0.17724185738556644,0.22466772214320405,0.18538214586619448,0.18149074215226926,0.17011081246220738,0.1845524183159972,0.1890674160215042,0.17093675725959348,COCA,0.18506878779903785
GE-MI-CNV,0.1866764360267543,0.19251498741978734,0.18363530504432593,0.18297844351541814,0.19093568414958131,0.190437984850666,0.1742022304360146,0.1939963770374261,0.19149081161437842,0.17122200728069115,MOFA,0.18580902673750435
