,SNF,PINSPlus,NEMO,COCA,LRAcluster,ConsensusClustering,IntNMF,MOFA,Spectrum,IclusterPlus,Mean
GE-CNV,0.5325046692765292,0.5174551916293433,0.5325764446195327,0.6056497843017347,0.5190118489381411,0.5648957608687651,0.5090796680959168,0.5514860395832674,0.5621229440544112,0.5302721770858463,0.5425054528453488
GE-ME,0.5953041121097816,0.946058091286307,0.6102791963547614,0.9634832461790256,0.9766119810116424,0.9764783056883142,0.9498151681885928,0.9565864222065606,0.9921271134195764,0.5873508400180075,0.855409447646257
GE-ME-CNV,0.5214365773910521,0.9524557956777996,0.5247636377901227,0.6841768322030639,0.9727766036401342,0.9697766550287132,0.929671407552722,0.5843437995999483,0.8526394049218677,0.6333902747460188,0.7625430988551443
GE-ME-MI,0.6485630341770052,0.940068957502034,0.6170034930189974,0.90178602124719,0.9706379442469076,1.0,0.9559252701034424,0.955986849047618,0.9755515464101292,0.6755542850788481,0.8641077400832172
GE-ME-MI-CNV,0.5253608164526498,0.9390278168024724,0.5295839368966868,0.6826975266769133,0.9528018292594126,0.980392248489726,0.9306803594351736,0.5377381890972532,0.6959979274802719,0.7241303492202013,0.7498410999810761
GE-MI,0.5125241330283287,0.577452044364381,0.5152883386406878,0.6539323916930017,0.557742286069554,0.5112587015103531,0.5045528977939946,0.5458346519254837,0.5610989612120101,0.5121692213404399,0.5451853627578235
GE-MI-CNV,0.5415727163095004,0.5678719339221031,0.5300339809473228,0.539171710295959,0.5744801681376728,0.5717754080963291,0.5092459038257136,0.5382898548511366,0.5664471220029366,0.5084345887210916,0.5447323387109766
