,SNF,PINSPlus,NEMO,COCA,LRAcluster,ConsensusClustering,IntNMF,MOFA,Spectrum,IclusterPlus,Mean
GE-CNV,0.004258312397072,0.0098604008715517,0.0033835034900258,0.0054587689249385,0.0114887465468694,0.0101808037511764,0.0119836172806347,0.0076358712081518,0.0017302562423409,0.0043117529186,0.0070292033631361205
GE-ME,0.1436488274141279,0.8448572596864325,0.1710052642704606,0.8865148921314784,0.923240083834014,0.9191221106635338,0.8534209949179541,0.8689483301444675,0.9702497702558096,0.1676056311766739,0.6748613164494952
GE-ME-CNV,0.0116241093892688,0.8592835735352164,0.0287165283538843,0.3582749518531694,0.909855506181052,0.9041764358165107,0.8099964192996889,0.0651942389719888,0.6592214858003365,0.253732976607434,0.48600762258085506
GE-ME-MI,0.2328876097728674,0.831914887278727,0.1820972226850095,0.7557536257065508,0.9090413490771174,1.0,0.8674325925228695,0.8682707067755784,0.9120214402012844,0.3338986438449381,0.6893318077864943
GE-ME-MI-CNV,0.0202809329971552,0.8297050842722815,0.0330588026078483,0.3205735481900401,0.8625775828273337,0.9253691465575592,0.8121962106666614,0.0293048895316576,0.3386565144154881,0.4251224636202591,0.4596845175686283
GE-MI,0.0074555311018848,0.0007911967388553,0.0087693308540878,0.0192608444457858,0.0008777692232172,0.0159339321765638,0.0042758101664898,0.0049072526530544,0.0049448324988541,0.0020506734219128,0.006926717328070579
GE-MI-CNV,0.0108695281413877,0.0070720381152913,0.0114870298679925,0.0064105734826631,0.0006611604576599,0.0014417063165014,0.0076103327618475,0.0211960044406576,0.0051859124038415,0.0045831685076907,0.00765174544955332
