,SNF,PINSPlus,NEMO,COCA,LRAcluster,ConsensusClustering,IntNMF,MOFA,Spectrum,IclusterPlus,Mean
GE-CNV,0.2553864098112776,0.2651818439969837,0.5086242767291536,0.3232924949249945,0.2374784699804446,0.2935900627062747,0.2429029056024181,0.078721864527926,0.246510472720013,0.1182951364391363,0.2569983937438622
GE-ME,0.6036977381409251,0.4343614733415543,0.625823266796681,0.4197393594221875,0.3742270733646896,0.5247351974729713,0.4190640271977111,0.53558535946102,0.5397371360460481,0.427950040819055,0.49049206720628435
GE-ME-CNV,0.5410321643035751,0.4418929403305529,0.6126760836852618,0.3500642352597385,0.3438071579150538,0.4826985714970243,0.3725141028469201,0.2139791270097422,0.5350949039851629,0.2993235009134704,0.4193082787746502
GE-ME-MI,0.6397890418144367,0.4511729129973885,0.67203595698731,0.4375357336802939,0.3679482335269166,0.4651438310209533,0.5155896915768652,0.431549385105089,0.5035234186428645,0.4517746646782251,0.49360628700303427
GE-ME-MI-CNV,0.5944830653001376,0.4052246637357976,0.63066284645664,0.4042401924006286,0.328158431785267,0.4750285762044589,0.391850538586295,0.250798710469588,0.5575814724097531,0.2496831882078193,0.42877116855563846
GE-MI,0.670132351271367,0.6739111720488352,0.6886256972037728,0.4081702069879375,0.530550166198018,0.6182398864304826,0.6828489591266449,0.625294742656491,0.541118244151828,0.6490072906275776,0.6087898716702954
GE-MI-CNV,0.4265357302290032,0.2390815432010406,0.6099767436554757,0.3073427240729707,0.1727305964282856,0.2916432377743728,0.2243367219638002,0.1099042780570302,0.4751852920776626,0.1197595628138612,0.29764964302735025
