,SNF,PP,NEMO,COCA,LRAclst,CC,IntNMF,MOFA,Spectrum,IclusterPlus,Best,Mean
GE-CNV,0.3721853032645339,0.6903091600155004,0.5618154394860593,0.40857355973227677,0.5815341527775444,0.6403721689691545,0.31333604084457917,0.22113858422420693,0.3714883740997183,0.2212291608956947,PP,0.4381981944309269
GE-ME,0.6549191201509347,0.7444333501647771,0.6692792004609274,0.5132990310751487,0.66334970936966,0.665080898436976,0.5857281572937446,0.6431067269112628,0.6024760641527321,0.5016356703731085,PP,0.6243307928389272
GE-ME-CNV,0.6152162554021622,0.7764101616290833,0.6760520863993685,0.5091232471127288,0.6487623010052302,0.7182591377377504,0.4564462206920415,0.30000161137609577,0.6136261168314484,0.4181960390855297,PP,0.5732093177271438
GE-ME-MI,0.6846027505801957,0.7413242828411989,0.6960948499717873,0.5430185915175697,0.6153494024067144,0.6948154465703231,0.5477283288571728,0.6313036344182051,0.5570039346189177,0.5201976688144595,PP,0.6231438890596545
GE-ME-MI-CNV,0.6527590459230723,0.7629198150724078,0.6789764781757434,0.5022048519799854,0.6173861631201575,0.724475595136547,0.4559104380804985,0.25916846823108464,0.6008676662416452,0.3651388803500713,PP,0.5619807402311213
GE-MI,0.6778531565461753,0.7100340980067692,0.7135874696901444,0.5158762344204154,0.6245242374118694,0.675722569962236,0.7196803043914887,0.6476280853709312,0.6206133673697757,0.7201459168340775,IclusterPlus,0.6625665440003883
GE-MI-CNV,0.5329638958822498,0.7178255059283604,0.6627443741946702,0.4331402388771533,0.5859395342307074,0.6580794060140821,0.3297907309071407,0.20335019709846988,0.6081971750782965,0.2147169182823713,PP,0.49467479764935013
