,SNF,PP,NEMO,COCA,LRAclst,CC,IntNMF,MOFA,Spectrum,IclusterPlus,Best,Mean
GE-CNV,0.34793136482013276,0.3529647361053924,0.5567940903446459,0.4089637235003393,0.3271965880774062,0.3763005040853569,0.3231921478519926,0.16794109902146603,0.33247776546570584,0.21225664498178962,NEMO,0.3406018664254228
GE-ME,0.6525812178451885,0.49661663619271296,0.6669254462828883,0.49706529026165575,0.4494720329621893,0.586379722584886,0.4885570460809608,0.5895378061758267,0.5986638059280175,0.48911843056344156,NEMO,0.5514917434877769
GE-ME-CNV,0.5914306959755393,0.5087960072396815,0.6506484260566561,0.43826174662081746,0.43574456093036035,0.5566645038498932,0.43814511453802374,0.30671593307249406,0.5978055117681724,0.38520723680392144,NEMO,0.49094197368555603
GE-ME-MI,0.6821056148404798,0.5138177253061265,0.70769014704599,0.5091719451886331,0.44938044177047226,0.5417337803339096,0.5694398016103742,0.5041429292026467,0.5750391521008996,0.5130189721117897,NEMO,0.5565540509511322
GE-ME-MI-CNV,0.640370607561597,0.47813293595586953,0.6743133297800123,0.4786600060528485,0.4236976152013976,0.546123353373169,0.45533986197391135,0.3404720499374996,0.6198700331027933,0.3425063066969969,NEMO,0.4999486099636095
GE-MI,0.7091371875098331,0.7180044466003735,0.7230475269730291,0.5163231576499522,0.602870809915299,0.6763579704563402,0.7157741617922486,0.6792664587722799,0.6150018584947854,0.6924876572208466,NEMO,0.6648271235384987
GE-MI-CNV,0.48928071576562643,0.3304000873193144,0.6501057699135552,0.39224067390180234,0.27648577276027536,0.380764535349706,0.30659287862500245,0.20035288341636823,0.5446845240852977,0.2121472303261753,NEMO,0.3783055071463123
