,SNF,PP,NEMO,COCA,LRAclst,CC,IntNMF,MOFA,Spectrum,IclusterPlus,Best,Mean
GE-CNV,0.34967331777613947,0.3601267371653308,0.5457173285423139,0.4244450938009285,0.33318382967570326,0.42607301533204095,0.33647187961681707,0.1763319987156108,0.29986887035894044,0.20355600577696584,NEMO,0.34554480767607915
GE-ME,0.6528927449614749,0.6009089412620408,0.6833872503852491,0.4669575025007247,0.49419893473508053,0.6128104363736817,0.5406380539014771,0.5114553437082728,0.574432495653539,0.507314967819132,NEMO,0.5644996671300673
GE-ME-CNV,0.5520898884856019,0.4912650106903909,0.655409319348954,0.4053404878466033,0.413168306010882,0.49479620101462857,0.368813692703773,0.1834247942470841,0.5665218854933426,0.26563052170561335,NEMO,0.4396460107546874
GE-ME-MI,0.6563679381289982,0.6581775704988756,0.6808690811502417,0.5029368138225198,0.4983932722044064,0.6483862809001478,0.6209130553907908,0.5489079436581437,0.5995448209646316,0.4798260042281499,NEMO,0.5894322780946905
GE-ME-MI-CNV,0.624738727997629,0.5273887649201406,0.6739588832905222,0.41447414663820775,0.39750247110916476,0.5174077331256507,0.4602534038042833,0.3151632811278873,0.6176524925185815,0.3173720313331219,NEMO,0.48659119358651887
GE-MI,0.7007127103668633,0.6651027469010393,0.7229117920441817,0.49416018713723125,0.5415804086441977,0.6719520714410422,0.6473282969605914,0.32536014310102107,0.6080553892494082,0.4634862120612809,NEMO,0.5840649957906857
GE-MI-CNV,0.4670688154512037,0.4295519467655072,0.6306281862996463,0.4127932949955673,0.34318522676540414,0.4065127992473676,0.3670668431936053,0.1869454386239623,0.5265742661934331,0.279061775374237,NEMO,0.4049388592909934
