,SNF,PINSPlus,NEMO,COCA,LRAcluster,ConsensusClustering,IntNMF,MOFA,Spectrum,IclusterPlus,Mean
GE-CNV,0.4721572190470212,0.4692491227094006,0.6320894950556746,0.4995707557141223,0.4416837542241381,0.4783197101913246,0.4424103742082711,0.3289272118729634,0.4512200565916658,0.3607194556796452,0.45763471552942275
GE-ME,0.7032449716727841,0.574900882363398,0.7184900412912923,0.5685960820128619,0.5323886987164876,0.6484890181153241,0.5636093668490962,0.6525693156140309,0.6564798919467335,0.5700442718829046,0.6188812540464913
GE-ME-CNV,0.6561023383941423,0.5828718788005821,0.7083597583194167,0.5204120368684957,0.5132035143018889,0.6210289396031938,0.5292298368543158,0.4175443576853106,0.654415760876809,0.4827211141658379,0.5685889535869992
GE-ME-MI,0.7295022151410657,0.5873765878110537,0.7531849456484457,0.5795292535600863,0.5307726136876452,0.6060123937271937,0.6357227925455589,0.5781754657896363,0.6344181666005924,0.5877063304672933,0.6222400764978571
GE-ME-MI-CNV,0.695105559614672,0.5564315285421687,0.7221320063682399,0.5567709549775792,0.5006777270049494,0.6110322488075882,0.5425423322399319,0.4460059916649564,0.6722186353140722,0.4468096555210621,0.5749726640055222
GE-MI,0.7529098663352773,0.7573765679976321,0.766159992378418,0.5860260760223321,0.6530520678210706,0.7186144693841661,0.7622867849092041,0.7247409251353661,0.6628816411192832,0.7382297483077301,0.7122278139410481
GE-MI-CNV,0.5723599282148351,0.4486982024840258,0.7070573699430999,0.4893831085830021,0.4044013104513648,0.4779721248125386,0.4240509192136765,0.3546944648937916,0.6126743035072507,0.3562182868876786,0.48475100189912634
