,SNF,PINSPlus,NEMO,COCA,LRAcluster,ConsensusClustering,IntNMF,MOFA,Spectrum,IclusterPlus,Mean
GE-CNV,0.3162504656020996,0.3244632416097928,0.5296684992491096,0.4040279198619011,0.302427540027636,0.3569917393584715,0.2842631637452885,0.0961742206635087,0.2997027670854388,0.1577553428265873,0.3071724900029834
GE-ME,0.6508009437218564,0.4805875528731865,0.6564630307606916,0.5028604293499178,0.4418003268053906,0.5859149521663627,0.4829977441960751,0.5804587434524293,0.5997743897912711,0.4693609789883652,0.5451019092105546
GE-ME-CNV,0.5771575852289006,0.5016232025879097,0.6309094361652898,0.4443089677342183,0.4502230105741384,0.5662660004494614,0.4126914039128354,0.2886243145224295,0.6039058704425453,0.373577095332456,0.4849286886950184
GE-ME-MI,0.6770255875659371,0.5029036751099372,0.6978495385022143,0.510450848325519,0.449420478096855,0.5540451162535818,0.5570069207086987,0.5027039367132148,0.5871758710592422,0.4995759211898508,0.5538157893525051
GE-ME-MI-CNV,0.6315231977699812,0.4727426155896423,0.6701451365151572,0.4749688707803376,0.4422566868139764,0.5523092351074596,0.4316267150955072,0.3246114476779543,0.6298099915845545,0.3310260763621092,0.496101997329668
GE-MI,0.704369344922855,0.7227255997546536,0.7143568913368965,0.5547731899395869,0.625010195726808,0.6922195555543722,0.7021867413408972,0.6877637085249825,0.6410056902132452,0.6902259327272324,0.673463685004153
GE-MI-CNV,0.4689464888530411,0.3034205162728768,0.63328319614209,0.3799961890494343,0.2523254114011756,0.3726782434622065,0.2713909946975306,0.1364599072982829,0.5461939766709799,0.1604638412769861,0.3525158765124604
