,SNF,PINSPlus,NEMO,COCA,LRAcluster,ConsensusClustering,IntNMF,MOFA,Spectrum,IclusterPlus,Mean
GE-CNV,0.0085426230659416,0.0028899168249017,0.0108436517357185,0.0121552474024674,0.0039672869481375,0.0013725936132452,-0.002117289498057,0.0036944350794741,0.0055709183983641,0.0022882471288251,0.00492076306990182
GE-ME,0.0351365434011692,0.0328777038814993,0.0372582495879224,0.0062396129420043,0.0306956230327724,0.0390318102354169,0.031584219684516,0.0359905933537641,0.051269872957439,0.0189461666703807,0.03190303957468843
GE-ME-CNV,0.0171136953688338,0.0385276812370281,0.0181768677116529,0.0017042941643298,0.0377458212058223,0.0374338644432501,0.0347756396437557,0.0014414758043302,0.0347343975713965,0.0191498656370182,0.024080360278741757
GE-ME-MI,0.0327349836471711,0.0336179539821666,0.0359709594547524,0.006071842376931,0.029908905744628,0.0294496965094491,0.02862901443447,0.0266272145799951,0.0356666785427085,0.0189238288453963,0.027760107811766806
GE-ME-MI-CNV,0.0068709688424044,0.0289191145765311,0.0145356693958939,0.0057103060791025,0.0244001002881821,0.0173469272509711,0.0189025973971973,0.0062452059244414,0.0176592249849689,0.0139284021312829,0.015451851687097558
GE-MI,0.0290126573147888,0.0143550982407243,0.0380420183179085,0.0068388334604885,0.0155196622415919,0.0087485418644611,0.0054678636860369,0.0199690915200896,0.0174080306707246,0.0038003540313162,0.01591621513481304
GE-MI-CNV,0.0020021009799941,0.0026931485629682,0.0065586932027112,0.0142829060451499,0.0011177193366464,-0.0018036154369644,-0.0021040836605275,-0.0001471066103846,0.0054858578046025,0.0033822567399071,0.00314678769641029
