,SNF,PP,NEMO,COCA,LRAclst,CC,IntNMF,MOFA,Spectrum,IclusterPlus,Best,Mean
GE-CNV,0.18281888677181693,0.19452297033263757,0.18076300605548576,0.18792425199029703,0.19658387604143926,0.1830277586124075,0.1723125742276809,0.18457180761159941,0.20682848825051778,0.1777790767534965,Spectrum,0.18671326966473786
GE-ME,0.22018824525116723,0.22086748837837747,0.21084808423516863,0.18784347436065163,0.2226767791034063,0.2066361160264815,0.20279028135123425,0.21594371333481663,0.2122116659715585,0.1994814730600236,LRAclst,0.20994873210728854
GE-ME-CNV,0.18969470533413557,0.22317520717369996,0.18837336532273455,0.17970421827307523,0.20799402134641232,0.2138109871340009,0.20641186188602076,0.1759735279904776,0.2204322478689261,0.20179565281157105,PP,0.2007365795141054
GE-ME-MI,0.21997714216932288,0.22048646180212064,0.21199030763391638,0.19248235016736273,0.20449716286002864,0.19851253417846534,0.19974334598139012,0.20109726524140467,0.22236599833188223,0.1991660932604402,Spectrum,0.20703186616263336
GE-ME-MI-CNV,0.18419915783118965,0.21630270345111413,0.18947506740621198,0.1881210501212951,0.21152337135983745,0.20518531166178589,0.19557435159131534,0.18472008147800623,0.20331118259624206,0.20270423633648907,PP,0.19811165138334869
GE-MI,0.1897575812122004,0.18740905132841454,0.19581423944679144,0.20211851262236305,0.184003798737596,0.18015970919793142,0.17495933908934436,0.18897233016466755,0.1926843218908029,0.17696808172624867,COCA,0.18728469654163604
GE-MI-CNV,0.18065895550550937,0.2052756398685022,0.1791010133925929,0.18700822040620538,0.20306612094172968,0.1997964138967252,0.16587609794816208,0.1969245081147499,0.208394819667349,0.1843744565408837,Spectrum,0.19104762462824096
