,SNF,PP,NEMO,COCA,LRAclst,CC,IntNMF,MOFA,Spectrum,IclusterPlus,Best,Mean
GE-CNV,0.18124662054531018,0.19380659513127851,0.18057639028658154,0.19006146278609795,0.19637132482738953,0.18033072976353007,0.17137685280090162,0.1936497383727834,0.20457673620156322,0.17629219983601851,Spectrum,0.18682886505514545
GE-ME,0.19091963295285527,0.17424791902178563,0.18471013599959454,0.19314155112988088,0.18220397644148245,0.18854060223725497,0.2056247760533424,0.1777853717375084,0.20046495219939095,0.17440332779396128,IntNMF,0.18720422455670568
GE-ME-CNV,0.18046308263260466,0.20373501593142362,0.1760109579850432,0.18673003123805354,0.20798377374673538,0.19440996893959903,0.19056251302250696,0.19605109828406556,0.17742892874346436,0.18350521565265884,LRAclst,0.1896880586176155
GE-ME-MI,0.18317615025781694,0.19301739130452888,0.18844412479463435,0.19399429999944892,0.19238765703350638,0.19290918369033785,0.20796170006785794,0.18331122979666603,0.18916644479434666,0.1724916866178605,IntNMF,0.18968598683570045
GE-ME-MI-CNV,0.1807177808892412,0.2031771080589715,0.17704334414015743,0.18742989407785607,0.20985578474018426,0.20008981497713138,0.18212274638510026,0.1771363823766956,0.18761265732237956,0.16851403601209636,LRAclst,0.18736995489798133
GE-MI,0.18278059493098742,0.19165271651869265,0.18893638635548693,0.20244290954594793,0.18633941074731794,0.1961000048052082,0.18934476792604235,0.18161145508645515,0.18975513172574124,0.16841996975681783,COCA,0.18773833473986976
GE-MI-CNV,0.18103860285033233,0.20050676726523134,0.1738150146430926,0.18926282698676591,0.2041897122032327,0.20079364669558356,0.16650867152863433,0.1818030066434777,0.21606006406226516,0.16763039956822243,Spectrum,0.1881608712446838
