,SNF,PP,NEMO,COCA,LRAclst,CC,IntNMF,MOFA,Spectrum,IclusterPlus,Best,Mean
GE-CNV,0.18578083939341883,0.19181051533549262,0.18218789161055873,0.1775739046195455,0.18967917531992332,0.18826244017699967,0.17340116542595388,0.1801878805393898,0.20803174159718518,0.17798363744609222,Spectrum,0.185489919146456
GE-ME,0.21928416468424694,0.2028996861726359,0.2036058560507401,0.18107031805958532,0.20288121345985297,0.20430316788107997,0.21523234008227807,0.22644955532924935,0.21961015453648156,0.2054714636462366,MOFA,0.20808079199023868
GE-ME-CNV,0.1873322365764709,0.20398008048108018,0.18372051936181752,0.18146086308459564,0.19827482144041772,0.18844680129633248,0.20579580846215442,0.18350106204061367,0.21893024786497883,0.20795835989330977,Spectrum,0.1959400800501771
GE-ME-MI,0.2127808187474526,0.20002510550049446,0.20291866238322395,0.17817717569808353,0.19477020282937976,0.21663060216511884,0.2127068054098198,0.21931585855475833,0.21208197992952837,0.20464835699715908,MOFA,0.20540555682150186
GE-ME-MI-CNV,0.18745036668268167,0.19666424856053213,0.18592891453393756,0.18537891607289136,0.19195015888181743,0.19596274064405214,0.1932817985111965,0.1909246289257862,0.19991531116823227,0.20421695186375025,IclusterPlus,0.19316740358448775
GE-MI,0.1908330635143367,0.19180362959890673,0.19249706910321096,0.18679198254816035,0.18947455627628332,0.1905709127365501,0.17098075829400025,0.18289252658337854,0.19844238808371426,0.17392019049636953,Spectrum,0.18682070772349105
GE-MI-CNV,0.17745393355839714,0.18829643650257755,0.17561459655449785,0.17124619789276782,0.18499782939371612,0.18332820480731774,0.16898838101645242,0.17911956657622932,0.1792625355163803,0.18859094321143058,IclusterPlus,0.1796898625029767
