,SNF,PINSPlus,NEMO,COCA,LRAcluster,ConsensusClustering,IntNMF,MOFA,Spectrum,IclusterPlus,Mean
GE-CNV,0.5292420149694466,0.5704085040227134,0.519386616954605,0.5377343292649985,0.5734443951025586,0.5435815119315301,0.5171962475705012,0.5428305268477792,0.5990248882437118,0.5259578100614462,0.5458806844969291
GE-ME,0.5798351777150603,0.5842437297722884,0.5561837325571312,0.547179032405352,0.5901022365389867,0.5442685509458494,0.5453048140722959,0.5690652417056989,0.5412565504373603,0.5506820765317728,0.5608121142681797
GE-ME-CNV,0.5339018397684665,0.5813248069187338,0.5284641320604051,0.5318296661013556,0.5483659403328862,0.5631254525578087,0.5494051561500426,0.521886441363489,0.5807786897024819,0.5586967290336632,0.5497778853989332
GE-ME-MI,0.5823598784040359,0.5818539614196949,0.5608346059428178,0.5592678396242269,0.5507475729987135,0.5375916302867529,0.5419372188554366,0.5450736712729876,0.5823683740638426,0.5494728977908665,0.5591507650659375
GE-ME-MI-CNV,0.5358247411472081,0.5801750104896987,0.5372227964525302,0.5469457581274985,0.5760801482743595,0.5716922717389454,0.5462925255809145,0.5371829621048144,0.5680950291465036,0.5724100942014971,0.557192133726397
GE-MI,0.5152358236284581,0.5318267318694636,0.5179741736699499,0.5845869189925399,0.521088728581218,0.5211645247111516,0.5115792786205504,0.5270004557324672,0.5410731710221365,0.5199186381751126,0.5291448445003049
GE-MI-CNV,0.53436569916212,0.6022662073510416,0.5219280495475588,0.531366621988197,0.6005336716802334,0.6000235892612747,0.497578725213301,0.5852393499091468,0.6008912166877192,0.5419108983811701,0.5616104029181762
