,SNF,PINSPlus,NEMO,COCA,LRAcluster,ConsensusClustering,IntNMF,MOFA,Spectrum,IclusterPlus,Mean
GE-CNV,0.0106720222800627,0.0102704901502977,0.0120587494761338,0.0138831793034251,0.0123399460736217,0.0041291702924472,0.0018587646105985,0.0071904609075449,0.0158896581094774,0.0050911730702183,0.00933836142738273
GE-ME,0.0455930146372722,0.0454810314813447,0.0391022705604523,0.0101117777345986,0.0472324777384597,0.0366079868981782,0.0314818102968908,0.0427753049449868,0.0441085745198762,0.0288161759779172,0.03713104247899767
GE-ME-CNV,0.0180685808651064,0.0496731333653379,0.0184790961961457,0.0055786945535402,0.0378703025005284,0.0408736444009439,0.035054789864264,0.0045926668036136,0.0457836563328998,0.0275403637640317,0.02835149286464116
GE-ME-MI,0.0448365644567616,0.0459874700045004,0.039165357504179,0.0121073685009303,0.0328350098367445,0.028496275739194,0.0286638046542639,0.0315909098712313,0.0490629423890956,0.0291015531450579,0.03418472561019585
GE-ME-MI-CNV,0.0099017635039564,0.0398139852871126,0.0166667363702118,0.0117070861572843,0.0340898655169708,0.0265167359954411,0.0215279317958343,0.0107320764047629,0.0241792936572537,0.0217742126766872,0.021690968736551512
GE-MI,0.0250242626933543,0.0160453238750557,0.0314265263525159,0.0149297854140608,0.0154030053899781,0.0105660610181815,0.0078308749614458,0.0199474432414458,0.0195717639795476,0.0071852529723172,0.01679302998979027
GE-MI-CNV,0.0056090663744141,0.0108675636914968,0.0088162974275088,0.0153751331852693,0.0075469718083092,0.0011692678658653,0.0021536522917127,0.0056812810454874,0.0188073845097253,0.0078302145015739,0.00838568327013628
