,SNF,PINSPlus,NEMO,COCA,LRAcluster,ConsensusClustering,IntNMF,MOFA,Spectrum,IclusterPlus,Mean
GE-CNV,0.0210398660191563,0.0146773058144071,0.0180842779742507,0.0136944067753066,0.0142626830998736,0.0059105639471911,0.03130707269755,0.0078322595576961,0.0198604229272365,0.0010622830207393,0.014773114183340727
GE-ME,0.0292596424460916,0.009585933534183,0.0250026233076704,0.00780702114572,0.00718294307853,0.0237858459502058,0.0160041600266339,0.0082041853448215,0.0216657232503404,-0.0022049846057458,0.014629309347845083
GE-ME-CNV,0.0160102677787659,0.013736641586836,0.0168374109425478,0.0139657083595987,0.0066778223280535,0.0049168734748607,0.01053008227313,0.0088614338641923,0.0055649431334548,-0.0018487009890446,0.009525248275239508
GE-ME-MI,0.0193856188195142,0.0101825085233776,0.0251536689920877,0.0135020464345781,0.0104130729636488,0.0217048432904842,0.0144499561318475,0.0079894285817024,0.0128924828929585,0.0050686827883796,0.01407423094185786
GE-ME-MI-CNV,0.0349199083225779,0.0088767986108517,0.0189528589128374,0.0178607510205554,0.0058389663503116,0.0186168855825887,0.0180916501789552,0.0050963564067726,0.0147378007103063,0.0010303883331731,0.01440223644289299
GE-MI,0.0252297730618244,0.0060038405397409,0.0225337916156405,0.0070372559553476,0.0075960926405948,0.0212572434028205,0.027350311013213,0.0141306605142048,0.0159791603635275,0.003980435648936,0.015109856475585002
GE-MI-CNV,0.0339988864582237,0.0176424440648874,0.0154703719434018,0.0123858238906963,0.0255505216973831,0.0121572872854489,0.0192363204507395,0.0280612804559824,0.0027196490636337,-0.0080282055232078,0.0159194379787189
