,SNF,PP,NEMO,COCA,LRAclst,CC,IntNMF,MOFA,Spectrum,IclusterPlus,Best,Mean
GE-CNV,0.12706077462521229,0.11923675887547132,0.11978695569562044,0.1174502681667865,0.12231352904694949,0.10132906161404054,0.12017486182478047,0.11158357581723614,0.11041500054678315,0.0872005228627854,SNF,0.11365513090756658
GE-ME,0.10075851675057047,0.11628617745146823,0.10480960236446253,0.10533752143302393,0.10985910427338547,0.11908206340838184,0.11520592514526706,0.11689294654629051,0.11408811996491884,0.08890404262575886,CC,0.10912240199635277
GE-ME-CNV,0.0999313589092692,0.10010496998358882,0.10714225923054356,0.10542118098832938,0.09961380209790789,0.10084767734338557,0.10384167607315666,0.10322377527373211,0.09170480556020127,0.10035398810849867,NEMO,0.10121854935686132
GE-ME-MI,0.1138735911449348,0.1132454358485789,0.12339973673839637,0.10355616127861723,0.11367136779695859,0.1183148669768699,0.1102620437788776,0.11718844714381772,0.11017551617257822,0.09663999558416873,NEMO,0.11203271624637981
GE-ME-MI-CNV,0.10789918666091607,0.10283483196658333,0.12165868669297393,0.11354645888758856,0.10471496965672515,0.10287827907907414,0.09816854279939609,0.10435724773127403,0.10652171812330262,0.09060651046315438,NEMO,0.10531864320609881
GE-MI,0.12334993953571753,0.1273405545693134,0.12649289935952832,0.1064127784723286,0.12098758535047767,0.13151457441656716,0.12773839220111635,0.12727257396281175,0.1198358647245437,0.10170978020573107,CC,0.12126549427981356
GE-MI-CNV,0.12063362732739209,0.12190996420788837,0.12604662844325787,0.12088221736882897,0.12975124510958566,0.11557656478990097,0.12305917440297658,0.12120483557248794,0.1067376498940009,0.10122343611698609,LRAclst,0.11870253432333056
