,SNF,PP,NEMO,COCA,LRAclst,CC,IntNMF,MOFA,Spectrum,IclusterPlus,Best,Mean
GE-CNV,0.11241506398286345,0.1125367398386476,0.11006149752452514,0.09877776507181496,0.10801353355934179,0.1099343495484404,0.11619511369545736,0.11118166066512897,0.09473562530076902,0.0919237052555062,IntNMF,0.10657750544424949
GE-ME,0.12121916937252213,0.12505287064542284,0.11838088747376367,0.11552616986397309,0.11553661492608829,0.13210610725030048,0.11527658422331977,0.11636591989228896,0.1249634731310933,0.09911688318309331,CC,0.11835446799618658
GE-ME-CNV,0.11352904649904506,0.11328909895994614,0.1252872454889491,0.10579127753084187,0.10434314954559576,0.10575210488235824,0.1386028608689943,0.10965863690524706,0.11286086783594186,0.09445094328713664,IntNMF,0.11235652318040559
GE-ME-MI,0.12331971184602074,0.12231401789510665,0.1254289195042353,0.11493141745028916,0.11726489987574495,0.12271519186617513,0.12208795670187196,0.11889548547546995,0.12314626068489572,0.09462877809673063,NEMO,0.118473263939654
GE-ME-MI-CNV,0.10843029103848677,0.1203513182734911,0.12332330720494833,0.11472661155680741,0.12267868307582667,0.1263390677182514,0.1218573577129111,0.11747260349820143,0.12024772232362584,0.09018758224739422,CC,0.11656145446499444
GE-MI,0.11977204889552291,0.1223975902288934,0.12664810711258065,0.11655222787929558,0.11681268070486915,0.1279381661350707,0.1287536200571656,0.11487189582635958,0.1206254499463915,0.09345984419136728,IntNMF,0.11878316309775164
GE-MI-CNV,0.09943982643198274,0.1246504301335712,0.1170070312977356,0.10895422552281214,0.12141909219992009,0.12687681375706059,0.12051394376713204,0.11992185235240842,0.10617404344903193,0.10228492160781973,CC,0.11472421805194744
