,SNF,PP,NEMO,COCA,LRAclst,CC,IntNMF,MOFA,Spectrum,IclusterPlus,Best,Mean
GE-CNV,0.11878459778720596,0.1187829343792372,0.12045546901883773,0.1130592502985696,0.12108919686503411,0.10603026705159342,0.12787827006273259,0.11440927832647736,0.11653424583392298,0.09829473936000988,IntNMF,0.11553182489836211
GE-ME,0.12196900946744672,0.11509004587316213,0.11907853310014051,0.11629054455720877,0.10955292984774588,0.12454635952541654,0.11221651670106837,0.11440324375843203,0.1262165391187188,0.09442355361223627,Spectrum,0.11537872755615759
GE-ME-CNV,0.11108937024903363,0.1179660197126486,0.12131100078299313,0.11291394074220096,0.10983011356288334,0.1071768512661209,0.10885957946854874,0.11431350618227766,0.10435419498676213,0.095580111716516,NEMO,0.1103394688669985
GE-ME-MI,0.12198377328519296,0.12115500803201291,0.12963546423220584,0.1160920583147433,0.11720460501872983,0.12739975748537183,0.11307323777440663,0.11816997672331224,0.11670834145324722,0.1013109563185261,NEMO,0.11827331786377489
GE-ME-MI-CNV,0.1316676220438606,0.11901774258634706,0.129300809804332,0.11945344922801189,0.10763542815611837,0.12286509576708422,0.1171515765998863,0.11305918884190759,0.11468874688275722,0.09834305563821157,SNF,0.11731827155485168
GE-MI,0.13294792887368706,0.11757649941174607,0.1331661668343753,0.11804223288212534,0.1137943279930564,0.12542505483987762,0.13305809962325477,0.12819374444058548,0.1222088437173932,0.09995801706292817,NEMO,0.12243709156790294
GE-MI-CNV,0.13122283856711844,0.12328504222621672,0.12454361317905516,0.11481728652653729,0.12919139896738582,0.10982776164586434,0.11718377110726387,0.13047161192539306,0.10946343498907936,0.09019156674012467,SNF,0.11801983258740387
