,SNF,PINSPlus,NEMO,COCA,LRAcluster,ConsensusClustering,IntNMF,MOFA,Spectrum,IclusterPlus,Mean
GE-CNV,0.2675924336362776,0.2705669608000859,0.2775109718231027,0.2678509895370212,0.2744556197913938,0.2561658110181996,0.2696935481162117,0.2753420367297676,0.2665359531242041,0.2511816140949254,0.267689593867119
GE-ME,0.269729493130231,0.280690888846112,0.2679555041849047,0.289921228335404,0.2697620227728991,0.2751738461221541,0.2626493587146804,0.2801613086908289,0.2857709176605615,0.2491215742070168,0.27309361426647927
GE-ME-CNV,0.2590603203467304,0.2817790355565115,0.2849016930848865,0.2652890526511379,0.2722789817850759,0.2686549655973743,0.2596094026357112,0.2800236349986605,0.2554947068108649,0.2465373991677297,0.2673629192634683
GE-ME-MI,0.2736664833069647,0.2799343368922715,0.2834062216241981,0.2774575327876076,0.2749819409735147,0.2795517519864921,0.2649336686074919,0.2796889501379367,0.2680159511377949,0.2550654672752317,0.2736702304729504
GE-ME-MI-CNV,0.2732315914394257,0.2872801301198863,0.2965094311372579,0.2697683134695945,0.2662457796799572,0.27500603445928,0.2654834246066036,0.2750833695067131,0.2660725194647788,0.2485922550013924,0.2723272848884889
GE-MI,0.2881417017866473,0.2849808816990172,0.2902131492114931,0.2894162894932316,0.2721810187365164,0.2803609224798039,0.2861475296755201,0.3036273769865531,0.2769920937300624,0.2515339789607272,0.2823594942759572
GE-MI-CNV,0.2765396196263869,0.2716407139705188,0.2952614517946322,0.2662074878328099,0.2786454293007215,0.2568376951223391,0.2592951864670178,0.2814109522260791,0.2676017224785396,0.2442037390911515,0.2697643997910196
