,SNF,PINSPlus,NEMO,COCA,LRAcluster,ConsensusClustering,IntNMF,MOFA,Spectrum,IclusterPlus,Mean
GE-CNV,0.067721493706184,0.0711045365232186,0.0657711572591598,0.057632354583381,0.0745492877038349,0.0560144261893896,0.0826341893744361,0.0600535386919684,0.0632063614503284,0.0426403209643649,0.06413276664462657
GE-ME,0.0669178928260176,0.0549933152391914,0.0642774718078464,0.0511433841905023,0.0517138236918085,0.0746793865038897,0.0579960313618908,0.0548442372396457,0.0712129764452545,0.0363540712354378,0.05841325905414847
GE-ME-CNV,0.0581975226216046,0.0583823819945983,0.0621938983215451,0.0594870612158663,0.0505335365755206,0.0479587147261277,0.056439253496805,0.0540554496839802,0.0520029350159667,0.0420516369708629,0.05413023906228774
GE-ME-MI,0.0728992177291,0.0733481786803897,0.0803465020803317,0.0573165957220442,0.066218801119026,0.0809426771791392,0.0598360885838805,0.0668315514502976,0.0692165903289883,0.043798718891967,0.06707549217651641
GE-ME-MI-CNV,0.0868513663695781,0.0608962990283032,0.0724401393629007,0.0707312831938858,0.0508215384380863,0.074972367259384,0.0678796550141001,0.0589978406122371,0.0632559204731866,0.0454065235800692,0.06522529333317312
GE-MI,0.0854723117725895,0.0617447759964801,0.0867515596759923,0.0576731531977968,0.061605872602058,0.0746569986370085,0.0856764581810312,0.0668231958209985,0.0736552770585897,0.0443596365791213,0.0698419239521666
GE-MI-CNV,0.0831300096167447,0.080571968643244,0.0628990157991315,0.0658585478561057,0.0833782459040529,0.060488302529805,0.0730198064040343,0.0819426030941177,0.0580689334250648,0.0343991666524303,0.0683756599924731
