,SNF,PINSPlus,NEMO,COCA,LRAcluster,ConsensusClustering,IntNMF,MOFA,Spectrum,IclusterPlus,Mean
GE-CNV,-0.0034760062016926,-0.0063851931273638,0.0046032365375718,0.0017735146692802,-0.0067386422979011,-0.0038993132559809,-0.0023008735271911,-0.0089982766478158,7.353309788459255e-05,-0.0056979981107464,-0.0031046018863955106
GE-ME,0.0190605266809352,0.0030194816463518,0.0136713390839954,0.0128808145017304,0.0091686066240139,0.0135814461807038,0.0213823444878704,0.011798306608801,0.0025600490799557,-0.0049335382211555,0.01021893766732021
GE-ME-CNV,0.0322234856890178,0.0237738101721233,0.0259249977697416,-0.0033339562763108,0.0071046147554015,0.0420866197521343,0.0257845280721787,0.0295248129106353,0.0165856500489111,0.0131413383576848,0.02128159012515176
GE-ME-MI,0.0176431375829833,0.0127672908674932,0.0230817718304608,0.0114656664913698,0.017804649231851,0.0189581852226726,0.0208864580175583,0.0163304204793502,0.0160698689462184,0.0027965356688567,0.015780398433881432
GE-ME-MI-CNV,0.0083700679482534,0.015189688603034,0.0308679838310724,0.0109674860449296,0.0276296347711352,0.0129681050466066,0.0136536339769275,0.0085276370268808,0.0176927876438831,0.0003144751483425,0.014618150004106512
GE-MI,0.0130660476245385,0.006451533117326,0.0133124529380086,0.0059631434790559,0.0086362320048265,0.0071477280067429,0.0098534739592376,0.006507383246561,0.0062998861850291,0.0005347435844566,0.007777262414578269
GE-MI-CNV,0.0111994387128096,0.0180601703507955,0.0224620423895544,0.0127138824485919,0.0181239150248572,0.012510306591332,0.0139510500064573,0.0106432888262262,0.0078526268595205,-2.599809714118606e-05,0.012749072311300342
