,SNF,PP,NEMO,COCA,LRAclst,CC,IntNMF,MOFA,Spectrum,IclusterPlus,Best,Mean
GE-CNV,0.08307938549788753,0.10751278498143753,0.11417975369003551,0.10029312230326183,0.10503576901371216,0.10989792731627436,0.09443328536181467,0.0952898641894445,0.09687553513489337,0.1034385745839325,NEMO,0.1010036002072694
GE-ME,0.12167092047655116,0.12609805034667895,0.13150155589026322,0.14211935735602313,0.13398103648656434,0.14987030304925877,0.15024429366525463,0.13125812015431973,0.12176190190002319,0.11814269449259156,IntNMF,0.13266482338175287
GE-ME-CNV,0.12516740433847837,0.1470493670035993,0.14748865242616602,0.12210554601969308,0.1285383555852018,0.13576207202464252,0.16296975873011135,0.13148682362534522,0.1196105508611507,0.10636302013289733,IntNMF,0.13265415507472855
GE-ME-MI,0.13503771600121842,0.1322711447198944,0.1368888022999042,0.12773867005533326,0.13120304687776344,0.1266957882586533,0.13241687310944475,0.13786695154213746,0.14144946902014813,0.12327241015912394,Spectrum,0.13248408720436214
GE-ME-MI-CNV,0.13013782731026632,0.13681544585508462,0.13859017153748637,0.12727845952418534,0.13038559093922128,0.12837155423385027,0.13318457641530326,0.14482329683447734,0.1388453340951525,0.11478839890246924,MOFA,0.13232206556474965
GE-MI,0.12885016640802793,0.1322303098544606,0.12775427000199713,0.13489688914746378,0.1312698570976393,0.13105191845362807,0.1267879700152052,0.13410763566180353,0.13443296528743165,0.11530883422578486,COCA,0.1296690816153442
GE-MI-CNV,0.13784716473546627,0.13770788346518217,0.1317279048324386,0.1283568371430689,0.1361227377232738,0.13460947743524776,0.1226136497600334,0.13495473174897163,0.13792754526595963,0.11405351986867762,Spectrum,0.13159214519783197
