,SNF,PP,NEMO,COCA,LRAclst,CC,IntNMF,MOFA,Spectrum,IclusterPlus,Best,Mean
GE-CNV,0.09109909804482068,0.0968693427941784,0.10470312173463787,0.09982219125827933,0.09511922374176078,0.0931955011081451,0.09384838267056293,0.09917721392134866,0.09491891858972253,0.08983570895783206,NEMO,0.09585887028212885
GE-ME,0.12855383114590394,0.13105235986222544,0.13022173805961787,0.13728372034153632,0.12733796699746466,0.12662681477274804,0.14020119374689988,0.14063157528088974,0.11123452494618243,0.10561270050741926,MOFA,0.12787564256608874
GE-ME-CNV,0.13865065478786837,0.15048048244290632,0.14545585059490784,0.10735474950189162,0.12819047189066798,0.15142294160807013,0.14124369477139104,0.150488801485173,0.1268150578268802,0.12526253006166574,CC,0.13653652349714224
GE-ME-MI,0.13411792638964867,0.13504195645647393,0.13895378489550494,0.13515674259001406,0.1381192904219247,0.1385743873902524,0.13535231186205446,0.13733244487507226,0.1410095281420618,0.11949431863290344,Spectrum,0.13531526916559106
GE-ME-MI-CNV,0.13082118435573986,0.14023923811728037,0.1451455278957682,0.12863929224419823,0.14219514023380578,0.13676785800097596,0.12989936363136267,0.13003000719755534,0.13979019310552845,0.11330572317544307,NEMO,0.1336833527957658
GE-MI,0.13045013522923116,0.12867435928175305,0.13012838087995243,0.15657643300573762,0.13284791467632806,0.13038416569476344,0.12820907010192784,0.12792863830007975,0.13540321340611633,0.1132067461238024,COCA,0.1313809056699692
GE-MI-CNV,0.1451331393710332,0.13836646408243128,0.1383207848579381,0.1299366693234381,0.13851471073976007,0.13592808438809892,0.12609419884057826,0.13656410626186086,0.13436042133611897,0.11441024963199149,SNF,0.13376288288332489
