,SNF,PP,NEMO,COCA,LRAclst,CC,IntNMF,MOFA,Spectrum,IclusterPlus,Best,Mean
GE-CNV,0.09091428360608167,0.09890878639805967,0.10646741537044974,0.1007060200540499,0.09505898000307084,0.0884619829448542,0.09563959701021219,0.09622970021750633,0.09494121649427006,0.09962678124711111,NEMO,0.09669547633456657
GE-ME,0.1457478914470011,0.1436121791025605,0.1516488363510772,0.13696133480354603,0.13842981816507444,0.14906706375996903,0.14050202355023075,0.15914606577627785,0.1413605406896337,0.11138869417712836,MOFA,0.14178644478224986
GE-ME-CNV,0.12311220006173527,0.13128154427517058,0.12571036193409404,0.0975816478691725,0.1114816291231186,0.13244331446671898,0.1070945580561028,0.11111077786572376,0.12158958517725017,0.11992695999337598,CC,0.11813325788224627
GE-ME-MI,0.13237871436285353,0.13250662255456955,0.13197505485399477,0.12389496291141333,0.12944379186587898,0.13096273061203617,0.12445333910752393,0.13561742335274787,0.1306567652038618,0.11180104260056722,MOFA,0.12836904474254468
GE-ME-MI-CNV,0.13310233457064816,0.133180976769898,0.1395758226157597,0.125838401818953,0.132673057210396,0.13112881129639123,0.13157850888426068,0.13338988176859803,0.1323547393901559,0.11685042776340537,NEMO,0.13096729620884662
GE-MI,0.1351320822921315,0.12993234612046226,0.132640030883131,0.15486546433693008,0.1340155014940401,0.13495414236255457,0.12829445155059174,0.12982948117025347,0.13659978176547116,0.11252897960573931,COCA,0.1328792261581305
GE-MI-CNV,0.14553063941544078,0.14058086520012902,0.14558098018853644,0.12657984606646117,0.14086660806142906,0.13980820783222986,0.13192361974476421,0.13866602499672512,0.13629934482200914,0.11161265593678833,NEMO,0.1357448792264513
