,SNF,PINSPlus,NEMO,COCA,LRAcluster,ConsensusClustering,IntNMF,MOFA,Spectrum,IclusterPlus,Mean
GE-CNV,0.1906091412600677,0.2097753170796813,0.2163726276745724,0.204872663858177,0.2036307595625019,0.1971493512998076,0.1997372412092871,0.2167650758163689,0.1958705812137384,0.1925000484704097,0.2027282807444612
GE-ME,0.2530081315925529,0.2810155122054631,0.2666578453387446,0.2833440442705499,0.2660044992929687,0.2582655307279496,0.2726324628713746,0.2909477554815527,0.2435410685013884,0.240050524511018,0.26554673747935625
GE-ME-CNV,0.2619812221573445,0.2899460692901119,0.2916118954848416,0.2450742753638188,0.2690106342582885,0.2755540836396519,0.2661479713646494,0.2863117781661984,0.2559023912511994,0.2546476637839058,0.26961879847600106
GE-ME-MI,0.36192018469056,0.3715550772658275,0.3655521756466681,0.3745293998377492,0.3734801211412646,0.3707791000856669,0.359349026290657,0.3723502365892505,0.3828700273232863,0.3455783496821827,0.36779636985531133
GE-ME-MI-CNV,0.3666774808546301,0.3801196343949188,0.3709702540709741,0.3578110721161395,0.3676845595038672,0.376990453584083,0.3551010716162154,0.364524085735118,0.3773074316544597,0.3329055334624943,0.36500915769929004
GE-MI,0.3576923186950124,0.3638061116324644,0.356460062203393,0.4435007138919151,0.3711846446221691,0.3669700088608525,0.3563867150816129,0.3619061565479796,0.381825247668102,0.3339403679245392,0.369367234712804
GE-MI-CNV,0.4060772412835097,0.3714422218829419,0.3649330307325615,0.357747686029328,0.3721852297451323,0.3737948081699418,0.3464835832236135,0.3817428986634807,0.3755316224398844,0.3383203158017662,0.368825863797216
