,SNF,PINSPlus,NEMO,COCA,LRAcluster,ConsensusClustering,IntNMF,MOFA,Spectrum,IclusterPlus,Mean
GE-CNV,0.0861641590760869,0.0872179044302177,0.0931335009917694,0.0928203952473808,0.0884655539606815,0.0863364652806086,0.0841087803295928,0.0897648425954929,0.0888126414575446,0.0827050765138329,0.0879529319883208
GE-ME,0.1135928351642237,0.1091220857348614,0.1103360297561136,0.1156263022523287,0.1068407950754114,0.1080334674095907,0.1265887738814546,0.1191486637523155,0.0876024572572032,0.0817211152323953,0.1078612525515898
GE-ME-CNV,0.1217472565172428,0.1377215678664837,0.1188306585301403,0.0803239294181669,0.108456166658314,0.1366281214324242,0.131798584877345,0.1356298133786853,0.1079571321805301,0.1079985880434066,0.11870918189027391
GE-ME-MI,0.0227904568954027,0.0208035012361011,0.028227407209386,0.0194751614409232,0.0230731008926585,0.0259858768624177,0.0258214512779481,0.0233166775566161,0.0240886881566807,0.0101080705476709,0.022369039207580498
GE-ME-MI-CNV,0.0174160042643361,0.0254083913538883,0.0335983457852581,0.0171393185715256,0.0312712264264149,0.0203450153722383,0.0209433853009451,0.0170382988306672,0.0243703600182426,0.0066971609154924,0.021422750683900864
GE-MI,0.0205920393681426,0.0157654330954687,0.0206126274984557,0.0202654416462419,0.0187228674019886,0.0170347602166949,0.018387021264933,0.0153723751056987,0.0180845063652179,0.0051451268624114,0.01699821988252534
GE-MI-CNV,0.0181227381167803,0.0255970000135564,0.0275672814516984,0.0193484394923944,0.0252349874492907,0.021479138403023,0.017847963291664,0.0173061312958757,0.019697014708952,0.0049364311913495,0.019713712541458442
