,SNF,PINSPlus,NEMO,COCA,LRAcluster,ConsensusClustering,IntNMF,MOFA,Spectrum,IclusterPlus,Mean
GE-CNV,0.0559844054740334,0.0879274076602761,0.0678332939714681,0.0393674097776913,0.0890200600573224,0.06161332307274,0.0424932838352116,0.0269068022418413,0.0517359590681724,0.0221785747987317,0.05450605199574883
GE-ME,0.0431158595645077,0.0373657636253498,0.0525645962636949,0.0121853897467435,0.0391459931413225,0.0432272930895331,0.0270870183514625,0.0213718955002217,0.0440822037977989,0.004501526204525,0.03246475392851596
GE-ME-CNV,0.0456692605470254,0.0371921177166269,0.0456882932382102,0.0321294517244768,0.0492348857509153,0.0280220804121803,0.0451746075504145,0.0379071017011883,0.0578868411089906,0.0060911392191674,0.03849957789691957
GE-ME-MI,0.0447523810425774,0.0413792095376072,0.0415181648285522,0.0186418671213253,0.0313257017714977,0.0482760215800371,0.0258876556173213,0.0311883077420794,0.0482221400859656,0.0055149803050749,0.03367064296320381
GE-ME-MI-CNV,0.0654603666299151,0.0388424821495918,0.0543500666583083,0.0509562816941191,0.0475111251802852,0.0417138876339626,0.0442741873024038,0.0321887054339406,0.0518497575752401,-0.0040134846076192,0.04231333756501474
GE-MI,0.0209590006707401,0.04749990472859,0.0226187428273726,0.0110002074014983,0.0301356986246947,0.0277728033461305,0.0225369746565556,0.0321469881729791,0.0490152142171113,-0.0100473149611843,0.025363821968448795
GE-MI-CNV,0.0435778388983215,0.0490495897198497,0.0508760915114401,0.0309451994514464,0.0493508611446635,0.0483316443968167,0.0343288019371604,0.0350668983299624,0.0417412152715961,0.0090452081739936,0.03923133488352503
