,SNF,PP,NEMO,COCA,LRAclst,CC,IntNMF,MOFA,Spectrum,IclusterPlus,Best,Mean
GE-CNV,0.15535896761971832,0.14071649939195144,0.15330888745422588,0.13437809024609945,0.14012610629780534,0.13908219682190928,0.13274128672437965,0.13185618558970716,0.14224546958293063,0.1049110389753809,SNF,0.1374724728704108
GE-ME,0.13514314053628723,0.13692755039783053,0.13106621218016887,0.12743221741517924,0.12587454845981577,0.12221565488174661,0.13557918734429122,0.13553556467020636,0.1322670444040236,0.1048451081682328,PP,0.12868862284577823
GE-ME-CNV,0.13271080094902957,0.1419071568720732,0.1478781648043136,0.13279418861193157,0.138955413011717,0.13297498855506873,0.12364462945268102,0.13346889054387057,0.14294266482887055,0.09944240572234901,NEMO,0.13267193033519048
GE-ME-MI,0.11866433622616716,0.13808948219995867,0.12111031779543024,0.12251819729881959,0.13096523316952224,0.11536397126180058,0.14933032372094485,0.1373974077928253,0.13813746960914955,0.09291965092553173,IntNMF,0.126449639000015
GE-ME-MI-CNV,0.1381534252103734,0.14373685161499614,0.14606782994290937,0.1390805483551139,0.1456490656663691,0.13913405423821168,0.1436098342989455,0.14590273109871696,0.14154332019016166,0.09128768859963177,NEMO,0.13741653492154296
GE-MI,0.10342576592317664,0.14137172346112034,0.1071049434437107,0.1129569784783126,0.1306243127889585,0.11167604407284205,0.10686418791574509,0.13984090239521196,0.12854816989754006,0.09046889063397473,PP,0.11728819190105925
GE-MI-CNV,0.12748820767887684,0.13604533236387836,0.13024635173003016,0.13947347820341763,0.1384446120678956,0.12529457715809325,0.14415836826745287,0.1389073878468623,0.12613224289064157,0.10230116700190496,IntNMF,0.13084917252090533
