,SNF,PP,NEMO,COCA,LRAclst,CC,IntNMF,MOFA,Spectrum,IclusterPlus,Best,Mean
GE-CNV,0.1516662457895889,0.1761889964833531,0.1566873940492873,0.1367681445425396,0.17988481531632905,0.15343662019609905,0.13093952388360136,0.1318409774479305,0.14862551665986137,0.11309554563669925,LRAclst,0.14791337800052895
GE-ME,0.135486373346677,0.1370999724283168,0.1403022274298623,0.1300996912885898,0.13816077247693245,0.1387552682165786,0.12653325442462304,0.1262246334347029,0.13897402281591473,0.09848225703056916,NEMO,0.13101184728927667
GE-ME-CNV,0.13845469242852204,0.1406897299228057,0.14070752247176257,0.12632205367363888,0.14703879654136157,0.12945671559119964,0.13537969058076793,0.13505065812087563,0.15095522731856917,0.09653713945492103,Spectrum,0.13405922261044242
GE-ME-MI,0.13798519328074133,0.1480758168632608,0.13602956730175852,0.14329703685650616,0.1359954277573382,0.14782695903864607,0.12896007345861576,0.1404635683748891,0.14098856948050256,0.09815763744285898,PP,0.13577798498551177
GE-ME-MI-CNV,0.15802287976814042,0.14412572927219802,0.14863891624721168,0.1470692231800819,0.1522802379607919,0.1453539402997133,0.13587196739616025,0.12773726884791936,0.14639932600957897,0.0888668838955033,SNF,0.1394366372877299
GE-MI,0.11716937078955758,0.15471294430559174,0.12868110155811027,0.14694598441024065,0.12982143128571114,0.12591449767715768,0.12947471068376978,0.142711300142606,0.14304730890642,0.08266474789872157,PP,0.13011433976578862
GE-MI-CNV,0.14299251344625083,0.1429501192702682,0.15267288058450507,0.12518831710964304,0.14735842111882697,0.14353026332503327,0.12619985471368741,0.1341992312084452,0.13817746515858417,0.10121676776147047,NEMO,0.13544858336967144
