,SNF,PP,NEMO,COCA,LRAclst,CC,IntNMF,MOFA,Spectrum,IclusterPlus,Best,Mean
GE-CNV,0.14624850914362433,0.18164895923616753,0.1522712556858019,0.1373249736955495,0.17443942732314477,0.15483703516809583,0.1334939690296886,0.12828452254916703,0.14751412769636088,0.11711548957703204,PP,0.14731782691046327
GE-ME,0.12350239587857216,0.11971058881431292,0.11567540749839207,0.11328571430070196,0.11831437273288693,0.12210298953194275,0.10446742343095483,0.10889892190608245,0.11529759502100406,0.09577901621998179,SNF,0.11370344253348319
GE-ME-CNV,0.12771931872413533,0.14594436578724643,0.12950463638475446,0.1145555584683796,0.15362100874664805,0.13950797776415097,0.13443707881153535,0.12386433392187403,0.138314576622208,0.104892404258283,LRAclst,0.13123612594892153
GE-ME-MI,0.12498311094845127,0.1283254926029524,0.13357079243950576,0.12406899621565447,0.13095791180493552,0.12495908540676737,0.12166779026254776,0.1147073467420127,0.12198356424748513,0.0914806186852954,NEMO,0.12167047093556078
GE-ME-MI-CNV,0.14257992978687317,0.15255300841691688,0.14559884699641884,0.12894383731045325,0.15017560090840834,0.14762126426800717,0.14825156899285283,0.13960670820361135,0.1409465243301726,0.09644780835064637,PP,0.13927250975643607
GE-MI,0.12307683269906343,0.1283993596490803,0.12701889019508267,0.14324656286320192,0.132108675425305,0.12727609888218613,0.11914149029011382,0.1359359694921509,0.13134905178749648,0.08977455556295756,COCA,0.12573274868466383
GE-MI-CNV,0.14614484783590195,0.14546393778147684,0.14944137970952842,0.11683143081001296,0.14757295088681988,0.13452813794699636,0.13803372866634947,0.13747551505368705,0.13921426438165538,0.09468719864555293,NEMO,0.1349393391717981
