,SNF,PINSPlus,NEMO,COCA,LRAcluster,ConsensusClustering,IntNMF,MOFA,Spectrum,IclusterPlus,Mean
GE-CNV,0.3040782456081617,0.3189263620089443,0.3014014709424052,0.3040376527226484,0.3252986011747309,0.3019515539247303,0.2802159209010662,0.3122570713012995,0.3034320356919262,0.2706179029294425,0.30222168172053554
GE-ME,0.290851329894443,0.3011892102473905,0.2895426017182248,0.3218890029782255,0.3078099352636213,0.2990549344410676,0.2887224085261369,0.2955644352164607,0.2936643902226822,0.2591636513229493,0.2947451899831202
GE-ME-CNV,0.2875914253735844,0.3062224184238852,0.2879421886306083,0.2830739350893431,0.3148492676628218,0.2931283364314498,0.2899932120672702,0.2970810483148268,0.3031724395287314,0.2523734925514133,0.2915427764073934
GE-ME-MI,0.2854143439185507,0.31316388425501,0.2948432104995221,0.3320093932828435,0.302882832712434,0.3037171300470778,0.2872718684072318,0.3093376345717499,0.2897036479913606,0.2545800719959848,0.2972924017681765
GE-ME-MI-CNV,0.2978262037808011,0.3000954178090019,0.2944027260263303,0.2975850125720479,0.3094330170637993,0.3025845156586569,0.2835724225039021,0.2789267029332952,0.2943989997965311,0.2455025647201702,0.2904327582864536
GE-MI,0.2674043318625697,0.3279022375058424,0.2947081470682321,0.3566185558296066,0.287245462844465,0.2764531707559305,0.2972251776437565,0.3270746597111241,0.2882889736850227,0.2399336294518105,0.296285434635836
GE-MI-CNV,0.295303116848164,0.2912968750248788,0.3073373219638223,0.2802353078936421,0.2960418431435964,0.291642432019387,0.273095834286891,0.2912426127314876,0.2864958259457,0.2566453623201835,0.2869336532177753
