,SNF,PINSPlus,NEMO,COCA,LRAcluster,ConsensusClustering,IntNMF,MOFA,Spectrum,IclusterPlus,Mean
GE-CNV,0.0949360862865716,0.1217132197808389,0.1008274172339886,0.0668993711272791,0.1253357847169338,0.0967449835908269,0.0701093669145263,0.0563590588006507,0.0907085552194855,0.0464901591819236,0.0870124002853025
GE-ME,0.0724919305810803,0.0727449434122101,0.0787994843076671,0.0562246811408005,0.0675263890258535,0.0739835771191351,0.0637903363962697,0.0617375695874263,0.0791754744272631,0.0317815935642332,0.06582559795619389
GE-ME-CNV,0.0821033913649563,0.078654653627905,0.0884920855464693,0.0637627742070968,0.0770322362103476,0.0672197299299688,0.0709712521246191,0.0701638243466118,0.0918064013179855,0.0311467865941824,0.07213531352701426
GE-ME-MI,0.0837888548810959,0.0896843567971652,0.0717273265772013,0.0792398501653497,0.0737777487880829,0.0914877254888233,0.0737206963512942,0.080864762810838,0.0850399203641815,0.0343778600275172,0.07637091022515492
GE-ME-MI-CNV,0.1107820688937051,0.0934392878580004,0.0971639560569965,0.0926663752740787,0.0998965716382912,0.0917634176065204,0.0797692923821749,0.0720963981765223,0.0929492206569657,0.0251115715739589,0.08556381601172143
GE-MI,0.063144779835363,0.0887366906823428,0.0687164147787261,0.073219189999617,0.0720831323879737,0.073517518929412,0.0686619797509972,0.0689122525437148,0.091837738817126,0.0181079292055385,0.06869376269308111
GE-MI-CNV,0.090096584592267,0.0885038930660761,0.0998052282782528,0.0643844439838406,0.096682559068221,0.0906167135588961,0.0711749279170109,0.0762881825638856,0.0862953542584564,0.0379597327902343,0.08018076200771408
