,SNF,PINSPlus,NEMO,COCA,LRAcluster,ConsensusClustering,IntNMF,MOFA,Spectrum,IclusterPlus,Mean
GE-CNV,0.015769241223552,0.0141533990426366,0.0175815784539919,0.0117492009607767,0.0084149145056461,0.0253610330658223,0.0034562206984636,0.0166827093126961,0.0118454783936947,4.0908719576978646e-05,0.012505468437685699
GE-ME,0.0268926723190076,0.0157195865217006,0.0222848691018622,0.0120322672314495,0.0071850609820073,0.029783927171173,0.0274277333865419,0.0184211202813837,0.0220525323130162,-0.0004701630136822,0.01813296062944598
GE-ME-CNV,0.0170431398038005,0.0253965967195812,0.0221860857857796,0.0076985397125442,0.0138798723950897,0.0173781767936984,0.037528975285221,0.0156382437594966,0.0150825807362416,-0.0023002088705728,0.016953200212088
GE-ME-MI,0.0253055621942248,0.0074285442437325,0.0197105740191749,0.0096730201898451,0.0027753445007503,0.0219829419981554,0.0223041992393105,0.0139873377237934,0.0128941356594211,-0.0029088136561698,0.013315284611223822
GE-ME-MI-CNV,0.0234965883615626,0.0150708980295368,0.0267822736837754,0.004176337880863,-0.0008905299923695,0.0101087396349902,0.027859307440008,0.0073891208206336,0.0043364369377448,-0.0041652383941727,0.011416393440257222
GE-MI,0.026948120768506,0.0214264354801646,0.0163153786532491,0.0122505675452198,0.0191429139513227,0.0249867014648045,0.0144812871741561,0.0091676273435448,0.0262149252952235,0.0017121864742672,0.01726461441504583
GE-MI-CNV,0.0209748755071497,0.0012601507404639,0.0205312021468503,0.0012613878069878,-0.0005702270479336,0.0126294043650107,0.0333674167087519,0.0068988598917023,0.0224790995972977,-0.001498940897376,0.011733322881890471
