,SNF,PP,NEMO,COCA,LRAclst,CC,IntNMF,MOFA,Spectrum,IclusterPlus,Best,Mean
GE-CNV,0.11298408125481278,0.13231624020921606,0.1222443236932897,0.1186023566994841,0.11511013892465621,0.1139645230810949,0.10543269402723532,0.11935421719628823,0.10976147501457673,0.09184852464007653,PP,0.11416185747407308
GE-ME,0.11313838019898474,0.13017326311619362,0.1185034756001847,0.12261613895303634,0.12962643181105907,0.12474061168595922,0.1217419316100226,0.11312715468034791,0.12148032712338987,0.09298117953310296,PP,0.11881288943122811
GE-ME-CNV,0.11556368062172294,0.13979840749145667,0.13277175989018097,0.11022866096702554,0.14661929965378506,0.12690605620224463,0.11132733716408223,0.12733362391157135,0.11321549750624545,0.0880298221314712,LRAclst,0.1211794145539786
GE-ME-MI,0.10323881354502823,0.11435711093513719,0.10763517375192418,0.11021667692043462,0.108796230643448,0.1144815330092866,0.10189349518048546,0.10275868548971744,0.10601489871758217,0.0909636058944734,CC,0.10603562240875175
GE-ME-MI-CNV,0.11808334053421705,0.13104000318006084,0.11675381645387195,0.11448168668151554,0.14430548561842207,0.11875285668899771,0.11919899789046311,0.1285039921628044,0.10876251809387127,0.08915686224808762,LRAclst,0.11890395595523115
GE-MI,0.11731513963211364,0.12411313941586355,0.12024689912952423,0.12802042790364945,0.11694090566756321,0.11666648339384167,0.11088187055755956,0.12076503231063856,0.11659949031772343,0.09424933879936757,COCA,0.1165798727127845
GE-MI-CNV,0.1146899705885079,0.11537227698237024,0.11517210722247588,0.10960318194359571,0.1074440954696318,0.1089051275589417,0.11998003781573467,0.11243385471284917,0.11903215589342053,0.09416673477871353,IntNMF,0.11167995429662411
