,SNF,PP,NEMO,COCA,LRAclst,CC,IntNMF,MOFA,Spectrum,IclusterPlus,Best,Mean
GE-CNV,0.11110464126269244,0.11703868784581833,0.11270027026401945,0.11488491045273673,0.11596381558660884,0.12143854810920925,0.09833490162434577,0.11748428328759279,0.10989440886093606,0.0944207303408549,CC,0.11132651976348144
GE-ME,0.12153774906690058,0.11750745520042294,0.11581910414115752,0.11273015172893369,0.11279601113263647,0.12519730168897086,0.11922332671888435,0.12481506842794388,0.12065271751128707,0.09271303146439773,CC,0.11629919170815353
GE-ME-CNV,0.1102391522769565,0.125353635169604,0.11985765162984359,0.10306540388774864,0.12269956112168028,0.11162756291266766,0.12838508499979753,0.12950594893551734,0.10942056614280986,0.09114716147577813,MOFA,0.11513017285524034
GE-ME-MI,0.11810292798945954,0.10839823109864954,0.11789746974989544,0.11342062243372057,0.10896346426126179,0.11672237099396364,0.1152112783907916,0.11783518794723376,0.11014063700765399,0.0907976814386624,SNF,0.11174898713112924
GE-ME-MI-CNV,0.11679446247763776,0.11088394909082012,0.12385360767872283,0.09957321388281211,0.10508448749440946,0.10625103886102903,0.11829838114514617,0.11561847140993127,0.09886836944472982,0.0897697927548245,NEMO,0.10849957742400629
GE-MI,0.1205579591317325,0.12151247848981174,0.1138036537919217,0.13733637305622434,0.11668626595785701,0.12041359351188008,0.10788047065456939,0.11137660224683998,0.12021567892618479,0.0953703736558816,COCA,0.11651534494229032
GE-MI-CNV,0.11530902938728176,0.1100962160983856,0.11826625416462866,0.1003665002093707,0.10511565072813256,0.11438323292926732,0.12640478358281512,0.11545062306004565,0.1175736777594969,0.0913086752066277,IntNMF,0.1114274643126052
