,SNF,PP,NEMO,COCA,LRAclst,CC,IntNMF,MOFA,Spectrum,IclusterPlus,Best,Mean
GE-CNV,0.10997181908131763,0.11020911788687193,0.10363706261367217,0.11241383351643504,0.10740210364819269,0.1111063740647759,0.09698788119672146,0.11840896247486382,0.10759946448864664,0.0958720166861531,MOFA,0.10736086356576505
GE-ME,0.11876541605522646,0.1035340098906914,0.1137397038212134,0.11042589654011743,0.11165684468270043,0.11554758335517713,0.12872549926679847,0.12026775789360078,0.11358427542340914,0.09305114804309293,IntNMF,0.11292981349720274
GE-ME-CNV,0.1192576318206613,0.10531737817697169,0.11178451418664681,0.1033180139183492,0.11569282070440667,0.10579113888474867,0.1229569099613624,0.1286727823959439,0.10942938730957696,0.10668160901639827,MOFA,0.11289021863750662
GE-ME-MI,0.12560781094616147,0.10295430839128177,0.11947085715366312,0.11197523957006987,0.11029387177061456,0.11394732157359753,0.1211202736039954,0.10890627278644582,0.10990605295696139,0.09844606845052627,SNF,0.1122628077203317
GE-ME-MI-CNV,0.11376411047745444,0.10094859807397856,0.12288737865478273,0.11243635476915491,0.10105097974425252,0.1041361649530226,0.11807901951037857,0.11280933298821856,0.10540808113748142,0.08919750898904287,NEMO,0.10807175292977671
GE-MI,0.10666281567691949,0.10731387639769757,0.1022046714920194,0.11593932500557487,0.10663142749229493,0.11374973027239166,0.11599774389702382,0.11745243332034287,0.10910127702166571,0.10115299876914984,MOFA,0.10962062993450801
GE-MI-CNV,0.10590083383682862,0.1051774120585688,0.11111457076736797,0.11663706677949574,0.10933566423949748,0.10430229641480404,0.11254160883080873,0.11681220078161414,0.11190422807456242,0.09921131803051586,MOFA,0.1092937199814064
