,SNF,PINSPlus,NEMO,COCA,LRAcluster,ConsensusClustering,IntNMF,MOFA,Spectrum,IclusterPlus,Mean
GE-CNV,0.2679956257856587,0.2860973297890675,0.2686903933654575,0.2793166689764724,0.2839963487950237,0.2747495900541467,0.254052150505619,0.2800018765260929,0.2688823232744158,0.2512175137530791,0.27149998208250337
GE-ME,0.2747062061589954,0.2858140551478258,0.2701851452788371,0.2778201400399873,0.2876070989086415,0.2794165544888912,0.2707134415993631,0.2965180699793194,0.2796835660504276,0.2474767662428469,0.27699410438951355
GE-ME-CNV,0.2627122148361697,0.283413154877517,0.2791371558561301,0.2614250627092335,0.3006848349643954,0.263814910934561,0.2751377039650868,0.3083440450971842,0.2663078415035596,0.2452491557508903,0.2746226080494728
GE-ME-MI,0.2713182524146947,0.2760194512635191,0.2816452005236843,0.2810556808483334,0.278036974265822,0.2685929911889547,0.2658147658254257,0.2908844747299461,0.2691791683120372,0.2454115667744588,0.27279585261468753
GE-ME-MI-CNV,0.2675722326132482,0.2698652878335041,0.2859455571907239,0.2573775033673976,0.2800757580175081,0.2635376542997595,0.2671869004742524,0.2845072297099173,0.2558763397719336,0.2448034976372571,0.26767479609155015
GE-MI,0.2722362884094796,0.2815790746722954,0.269463508752726,0.3296034192900777,0.2740658807585931,0.2753016612088529,0.2608306839548585,0.279939678181467,0.271925165813124,0.2492356349103568,0.27641809959518315
GE-MI-CNV,0.2713545169303185,0.2840034280066151,0.2752335514638255,0.2623812296379461,0.2765283674515457,0.2771563251975848,0.2765231729344539,0.2891033316907242,0.2722680114223492,0.2446020761471873,0.272915401088255
