,SNF,PINSPlus,NEMO,COCA,LRAcluster,ConsensusClustering,IntNMF,MOFA,Spectrum,IclusterPlus,Mean
GE-CNV,0.0495490567788666,0.0508653347057509,0.0518288389726089,0.0535888614209611,0.0554801834591567,0.0642050212076588,0.0374963336689547,0.0557682640239894,0.0489554249146977,0.0320037685499086,0.04997410877025534
GE-ME,0.0630143687226988,0.0509887239317424,0.0549872980427733,0.0483380479153643,0.0435958735072606,0.0663914234068484,0.059528805170748,0.0595060150231285,0.0602220541704174,0.0311324911640285,0.053770510105501025
GE-ME-CNV,0.0509621021908993,0.0672511539117138,0.0582497132476211,0.0400726092414682,0.0535339760055557,0.0536896010097436,0.0724885757490848,0.0645355579498712,0.0468712761886284,0.0304925375470169,0.053814710304160296
GE-ME-MI,0.0576849693594591,0.041746697788697,0.0523366347068271,0.0495331662629832,0.046078074017213,0.0595911797947808,0.0575148701076386,0.0486337513879618,0.0483486070515037,0.0298902911976982,0.04913582416747625
GE-ME-MI-CNV,0.0593145664581025,0.0477156614094195,0.0588329921616692,0.0371658004001757,0.0360682344580898,0.0451067226483374,0.0598489355211781,0.0549590636992429,0.0363923316245111,0.0286711190213891,0.04640754274021153
GE-MI,0.0624894682172119,0.0615319253169752,0.05563207396979,0.0701551323333755,0.0568500031636552,0.0609524178619828,0.0483294408346936,0.0450225012155082,0.0625069456702069,0.0351632995830208,0.055863320816642005
GE-MI-CNV,0.0535976957243771,0.0450250695480778,0.0590340088832102,0.0374568831831782,0.0393888117807856,0.0533639692252064,0.0693237611052396,0.0503496775977104,0.0579739222588438,0.0308228903700718,0.04963366896767009
