,SNF,PINSPlus,NEMO,COCA,LRAcluster,ConsensusClustering,IntNMF,MOFA,Spectrum,IclusterPlus,Mean
GE-CNV,-0.0007712777965192,0.0467132204694107,0.0811288184450733,0.0188969397318926,0.0305060311579192,0.0137969673213427,0.0721719937076316,0.0057278628855736,0.0139388455310849,0.0032657741382174,0.028537517559162673
GE-ME,0.6755846910418561,0.96733925111844,0.6242312926183319,0.696777996491427,0.9859375106394532,0.9906102771419912,0.9821992974374228,0.9470928732122944,0.9840772422984512,0.8839790017581286,0.8737829433757796
GE-ME-CNV,0.1013431252389334,0.9659368704444056,0.4042223157047006,0.3134586582720561,0.9876326166861644,0.9933332957212676,0.9195907329696104,0.0418572326901327,0.9061322240544298,0.7881342127418571,0.6421641284523558
GE-ME-MI,0.2157105682238431,0.9637115896261422,0.296282500556554,0.7718705922611953,0.990384560090763,0.990384560090763,0.9770063623195734,0.9439780209902364,0.9228357081897444,0.981772372586879,0.8053936834935694
GE-ME-MI-CNV,0.0451182826303235,0.9641455606786248,0.171441440696932,0.3758705127781357,0.9815778224293036,0.9902438446860622,0.9092825653065524,0.0539527680147362,0.4810227110008065,0.9805354001387128,0.595319090836019
GE-MI,0.0040800879080218,0.0911007460716194,0.072087962628721,0.0261877664221434,0.0878373115830895,0.0591261091680064,0.0703517399459793,0.0938605495411971,0.0409883641120033,-0.0004480882394958,0.05451725491412855
GE-MI-CNV,0.0045898487666469,0.0062853322447913,0.0588727862410223,0.0359462128272701,0.0154669121038465,0.0187881486949796,0.0673273191550938,0.0101274449632516,0.0246492026098031,0.0029650803548932,0.024501828796159843
