,SNF,PP,NEMO,COCA,LRAclst,CC,IntNMF,MOFA,Spectrum,IclusterPlus,Best,Mean
GE-CNV,0.1982059117239973,0.26338604728966425,0.2417916087218824,0.1989823889094178,0.2528739533517956,0.2278344947501821,0.20762897294685193,0.18555524942242255,0.1803270403187545,0.189940330428891,PP,0.21465259978638596
GE-ME,0.9769208292217425,0.2652915965031494,0.920830316854313,0.7066908854050036,0.2783598365053333,0.2089226925467874,0.9788568741201861,0.9450473279641111,0.9885964207563411,0.9788568741201861,Spectrum,0.7248373653997154
GE-ME-CNV,0.27845361062281276,0.27688413028245645,0.6249383215331393,0.4230332708549747,0.282104180354541,0.22121137004746494,0.9397371538846288,0.9665318314275729,0.9771397138186239,0.5824992357703036,Spectrum,0.5572532818596517
GE-ME-MI,0.23854102841136945,0.23974307140741843,0.3181775486498582,0.7737395267146687,0.2653710373374071,0.204147372639682,0.97840110701594,0.9557977960500983,0.9292230731030067,0.97840110701594,"IntNMF,IclusterPlus",0.5881542668345389
GE-ME-MI-CNV,0.2010004891009305,0.26415803187261355,0.27606836999746515,0.3346462081512492,0.27425142524060314,0.22463813716042305,0.9305388243681828,0.8734792785515229,0.6999947616718076,0.8210284473356713,IntNMF,0.4899803973450469
GE-MI,0.20563181020198162,0.23178222662568002,0.20698823079050607,0.2144089282039988,0.2467198587537073,0.21304839818091206,0.2270268147014213,0.5700628692981956,0.21518287736114028,0.22856084465352441,MOFA,0.25594128587710674
GE-MI-CNV,0.18539798783351705,0.24587257150424854,0.20098858915786103,0.1888701834978139,0.25309177090612645,0.22138160897121575,0.20224017579198084,0.22540995505186814,0.20261364397401263,0.1887370872577392,LRAclst,0.21146035739463837
