,SNF,PP,NEMO,COCA,LRAclst,CC,IntNMF,MOFA,Spectrum,IclusterPlus,Best,Mean
GE-CNV,0.20343915955141578,0.2235409295464945,0.22382982773243099,0.1886015020181785,0.20822309818332616,0.20040126132221026,0.21990518734008993,0.18270622015156732,0.1985494187729633,0.16996271464628585,NEMO,0.2019159319264962
GE-ME,0.21717854485405533,0.23959708575402625,0.22579679734480237,0.21736739732592703,0.22730172118788664,0.2105598605244897,0.2253293851753253,0.2292664123462155,0.2345639001406069,0.1691767366158242,PP,0.2196137841269159
GE-ME-CNV,0.19840806483909768,0.2366348232988235,0.2404666582457533,0.1938377089458233,0.22841143578592135,0.21858610276564686,0.23152384546832247,0.18613266508727752,0.234381607018079,0.1776328684923881,NEMO,0.2146015779947133
GE-ME-MI,0.2123484481705411,0.2320126471608478,0.22477632467060862,0.22459734439247372,0.22292360370205822,0.22049466967417386,0.1928806073412892,0.22000902791344332,0.22136928255252997,0.1663933946377728,PP,0.21378053502157385
GE-ME-MI-CNV,0.18758446237104787,0.2311418369745922,0.21784918637824088,0.1971819391478363,0.22104300568089785,0.2132673082378005,0.22136056735263207,0.19116927317784435,0.21593507747758364,0.18332355011162685,PP,0.20798562069101023
GE-MI,0.20649611064624185,0.24206771656550244,0.22213971018992898,0.2192608768872288,0.21662448583639868,0.20315952546024527,0.21247224107404938,0.19059879535071111,0.2218934788144509,0.22012054423020042,PP,0.21548334850549575
GE-MI-CNV,0.18550552470799087,0.21837982147665566,0.20912012530287458,0.19283374536860867,0.20058128766820948,0.2104395721870662,0.23578106590628337,0.18574342746824957,0.19261864711311186,0.17504161776833002,IntNMF,0.20060448349673804
