,SNF,PP,NEMO,COCA,LRAclst,CC,IntNMF,MOFA,Spectrum,IclusterPlus,Best,Mean
GE-CNV,0.20262403060762169,0.2104140074227764,0.22760833894266477,0.1917182906236852,0.20292660735765575,0.20184119156099053,0.22067376784667472,0.1917333667075302,0.19928161437051617,0.17135938604415712,NEMO,0.2020180601484273
GE-ME,0.6995619636253427,0.9635504842648439,0.6515528381779376,0.735045755060805,0.9829739757834721,0.9881203528625789,0.9788568741201861,0.9438867931678264,0.9811353672163493,0.8977109369865434,CC,0.8822395341265885
GE-ME-CNV,0.25004125777037967,0.9621488621323055,0.4749324257821641,0.425741367535659,0.9848398428804838,0.9915767808804468,0.9184697059133077,0.21278318035582985,0.9005969612983277,0.819249579442324,CC,0.6940379963991228
GE-ME-MI,0.33295084654376655,0.9598903335304144,0.39134726223471317,0.7967950179879099,0.9878621505902708,0.9878621505902708,0.9733960876236017,0.9410005216905702,0.9176085948432364,0.97840110701594,"LRAclst,CC",0.8267114072650695
GE-ME-MI-CNV,0.20118008629753867,0.960328666351959,0.2979845294833731,0.4780658017040084,0.9787749261809041,0.9877015045701668,0.9093233025023437,0.2238119297406922,0.5469185756543739,0.9770527180088416,CC,0.6561142040494201
GE-MI,0.20799719250002566,0.2346894900420515,0.22312113304118034,0.2211340084534834,0.24034975775372802,0.21529174470453324,0.22168722903457294,0.23700195721654416,0.21840854523164374,0.16707985076526932,LRAclst,0.21867609087430323
GE-MI-CNV,0.1800275534738112,0.18336833743669181,0.21224863918378345,0.19632707928037593,0.20265328757531298,0.1929278090807812,0.2175943460655372,0.19596858963002384,0.19649535423190237,0.17546491662208416,IntNMF,0.1953075912580304
