,SNF,PINSPlus,NEMO,COCA,LRAcluster,ConsensusClustering,IntNMF,MOFA,Spectrum,IclusterPlus,Mean
GE-CNV,0.6083102087944512,0.5458292294587219,0.5405203734041398,0.5376399573935065,0.5487177056255061,0.5731535470682384,0.5355448227504203,0.5616282748460532,0.5653073257759009,0.5065348943630901,0.5523186339480028
GE-ME,0.8381878035878033,0.983633637721715,0.8118214187407251,0.8511826299462883,0.9929524440986708,0.9952941437002424,0.9910790844174132,0.973494591273999,0.9920202865652884,0.9419201474617598,0.9371586187513905
GE-ME-CNV,0.5649292755938873,0.982930527835456,0.7018993817321744,0.6707016454094274,0.9938017175816865,0.9966587302491428,0.9597337807968768,0.5613406685670588,0.9529795788929284,0.8938566027393161,0.8278831909397955
GE-ME-MI,0.6122730866338422,0.9818152036337904,0.64832028598413,0.887751263497423,0.9951807508738516,0.9951807508738516,0.9884763432285508,0.9719345479710356,0.9613453091506738,0.9908646308958294,0.9033142172742978
GE-ME-MI-CNV,0.5235855020711793,0.9820320042425392,0.5891933569949777,0.6963093096687094,0.99076852953826,0.9951100536818068,0.9545817312426088,0.5730574293949318,0.7429598121942742,0.9902443689923964,0.8037842098021685
GE-MI,0.6149897190334235,0.5445417606846223,0.5409648253010838,0.6055378727209618,0.5601966638918479,0.53896142297508,0.5397866284417989,0.5464340991037956,0.5770779070285439,0.5002699631065335,0.5568760862287692
GE-MI-CNV,0.5298460432419927,0.5362454900180283,0.5322265259985851,0.5238718041362942,0.5728814146620468,0.5419035683382515,0.5341349551012511,0.5667419675270648,0.5428172890890473,0.5188478882260236,0.5399516946338585
