,SNF,PINSPlus,NEMO,COCA,LRAcluster,ConsensusClustering,IntNMF,MOFA,Spectrum,IclusterPlus,Mean
GE-CNV,0.0003331608249331,0.0386995723401967,0.0611758249787812,0.0186179747456566,0.0295560852895419,0.0185730602933905,0.0543044870819724,0.0078439623909638,0.0185986718045627,0.0042774896311639,0.025198028938116283
GE-ME,0.5849133962463686,0.9396785639543764,0.5186058031747558,0.6571766387446996,0.970031972612292,0.9784566377455032,0.9632922405057224,0.9110729150171858,0.9673085727853084,0.8672336617397415,0.8357770402525952
GE-ME-CNV,0.0838513724783183,0.9375791881170552,0.3186755799096173,0.2930637989254936,0.9730851943736006,0.98473831667093,0.8760846039734357,0.0351516398102981,0.8426790809476247,0.7757579228457988,0.6120666698052173
GE-ME-MI,0.1708688847736144,0.9341442073313104,0.2294390001634555,0.7307631982051114,0.978021140806198,0.978021140806198,0.9547055573226808,0.9070889961104388,0.8686447671892908,0.9625663175651116,0.7714263210273409
GE-ME-MI-CNV,0.0348364741911132,0.9348084341347134,0.1333187907582097,0.36201758266518,0.9639784265751488,0.9777506153426312,0.8641056109578699,0.0444255918124086,0.4167732037680409,0.9603783848954156,0.5692393115100731
GE-MI,0.0049217705586317,0.0684259633699127,0.0563106111937362,0.031676386217345,0.0730152977862467,0.0477877019705133,0.0549233187159406,0.0707112230046398,0.037159364554384,0.0014176774287703,0.04463493148001203
GE-MI-CNV,0.005646768412794,0.0075741900472558,0.045646605311743,0.0291632208775635,0.0196115359600457,0.0180917102091125,0.0513207639402668,0.0110363563997551,0.0220195709968568,0.0045817812853357,0.02146925034407289
