,SNF,PINSPlus,NEMO,COCA,LRAcluster,ConsensusClustering,IntNMF,MOFA,Spectrum,IclusterPlus,Mean
GE-CNV,0.0269259241438594,0.0197901535374135,0.0307777991305506,0.0171439870821485,0.0203921475462857,0.0214503116421405,0.0178241326296982,0.0165347552350918,0.018736709813148,0.0016904544570122,0.01912663752173484
GE-ME,0.0323614982777259,0.0038396488334168,0.0150578082708012,0.0064393906316439,0.0069571089847218,-0.0076213532930465,0.0070958326751063,0.0040274798895506,0.0170707328910197,-0.0080945054684689,0.00771336416924708
GE-ME-CNV,0.0065021572688175,0.0119969756506893,0.0246930653862276,0.018020074218518,0.0107719324591448,0.0077481800456348,0.0089294272282036,0.0097082056875101,0.0121330703982797,0.0040406686426315,0.011454375698565689
GE-ME-MI,0.015822935008806,0.0004019089527204,0.0083727585405315,0.0028118763749814,0.0136323590777102,-0.0081702641728274,0.0036013690711093,0.0025694209117322,0.0079032864787155,-0.0071895289771351,0.003975612126634399
GE-ME-MI-CNV,0.0133181256559639,0.0136066458713856,0.0224584263419417,0.0089107121953709,0.0107301201788578,0.0121149960191855,0.0128806825160212,0.0129869042836221,0.0296889892173934,-0.0024770572020467,0.013421854507769542
GE-MI,0.0072778260212373,0.0030567101381877,0.0077079071824015,0.0027044549073079,0.0092112124389372,0.0025471661166995,0.0093880147512036,0.0117485531006015,0.0089064811394694,0.001081907571756,0.00636302333678016
GE-MI-CNV,0.0281148107854808,0.0088283091377463,0.0147644633800243,0.0049845835215257,0.016323571786861,0.010498149345122,0.0039585976458405,0.011361758200377,0.016743102964698,0.0008072856156957,0.011638463238337128
