,SNF,PP,NEMO,COCA,LRAclst,CC,IntNMF,MOFA,Spectrum,IclusterPlus,Best,Mean
GE-CNV,0.14062658715487908,0.1357831917051147,0.13995690168678598,0.13715713525042592,0.13756776783119204,0.1428320173716424,0.12925949073659862,0.12890558424752704,0.12905214865175194,0.11058826922465224,CC,0.133172909386057
GE-ME,0.13705730377448058,0.11684294586649661,0.12754914945792759,0.12713661435181847,0.11797852494126859,0.09680665877132481,0.12427140103580148,0.11226743455855147,0.1227288355845539,0.09045288713849915,SNF,0.11730917554807226
GE-ME-CNV,0.10696515527032213,0.13139631900828666,0.13853452768008187,0.1363833865250818,0.12509580072201323,0.12540459938052317,0.12207949760015169,0.12633005052697266,0.11410990074949896,0.10545495712600193,NEMO,0.12317541945889343
GE-ME-MI,0.1187138763734138,0.11289548166368497,0.11699218871392718,0.12722660906420866,0.12016563761880923,0.0954612293253646,0.11811041537788147,0.11221522417653244,0.10747584771772774,0.09224086314974517,COCA,0.11214973731812952
GE-ME-MI-CNV,0.11438998281289758,0.13087578497356075,0.1416213744150576,0.12486585387825644,0.12528946673333732,0.13262067785011375,0.13014953997052778,0.12886823729929162,0.135303382227257,0.09754309915453784,NEMO,0.12615273993148376
GE-MI,0.1111983586414384,0.10799099553558417,0.12008985902544463,0.1233115134830509,0.11667920159346375,0.10961496713320307,0.1207712838409757,0.12137083963119706,0.11560973975193901,0.10576351156616758,COCA,0.11524002702024642
GE-MI-CNV,0.1362048109745715,0.12404259812285894,0.1273904595861144,0.12043334657684295,0.13213277332787363,0.133207335938762,0.11034584841751964,0.12516081838669466,0.12382566958440457,0.10509098570844677,SNF,0.1237834646624089
