,SNF,PP,NEMO,COCA,LRAclst,CC,IntNMF,MOFA,Spectrum,IclusterPlus,Best,Mean
GE-CNV,0.140335727786365,0.12559252137018664,0.1357876455630261,0.13594330607760033,0.12664869740799498,0.11756139304129604,0.14456781796377127,0.13096371142292618,0.1329191332925996,0.1080351861001045,IntNMF,0.12983551400258708
GE-ME,0.1184490320708435,0.1312497235173482,0.11351039120665744,0.1318823587617375,0.11699359039666794,0.10742718971046934,0.13450287920715545,0.12368278948136528,0.12179418506123667,0.09044458770506726,IntNMF,0.11899367271185486
GE-ME-CNV,0.11897241498261234,0.12809851764813715,0.11547883015287697,0.12583318367368065,0.12446164015208427,0.13350677424152824,0.1381162584815926,0.12901483874752373,0.12309023857770245,0.10262902443563966,IntNMF,0.12392017210933778
GE-ME-MI,0.11583776766635179,0.12547580598997796,0.10319980337062103,0.11817432839222976,0.11158681235179417,0.09794070444956748,0.13654558609443454,0.1216491761609716,0.0961198820781284,0.09599141957866418,IntNMF,0.11225212861327409
GE-ME-MI-CNV,0.13800930264817743,0.12742238824935173,0.1557164187008318,0.14129360414053452,0.11903508948614054,0.12258383285540103,0.1449603450834713,0.12760429144015192,0.12032114478970009,0.1003395554073971,NEMO,0.12972859728011574
GE-MI,0.11014728452705651,0.11049198270160704,0.11058361375071103,0.11391270865710244,0.1114568218161401,0.10586110327638325,0.12024419606608233,0.1095057730245239,0.09777512310912216,0.10494207812618357,IntNMF,0.10949206850549124
GE-MI-CNV,0.12553083521726793,0.11601161155770622,0.13248891533729318,0.13366560448129575,0.09927101764721862,0.11028518736015074,0.132763262119286,0.1319114612836034,0.11242296030231351,0.11209761623721488,COCA,0.12064484715433503
