,SNF,PP,NEMO,COCA,LRAclst,CC,IntNMF,MOFA,Spectrum,IclusterPlus,Best,Mean
GE-CNV,0.14245768745868603,0.13578779826650247,0.1381165717533608,0.1384432994060627,0.13757366837576537,0.14205739857166222,0.12834380823287683,0.13266481882033535,0.12382331946268925,0.10618182660238766,SNF,0.13254501969503288
GE-ME,0.11062590924352271,0.10926256558030704,0.11780431749717844,0.14235235451799658,0.11854670576880104,0.12514016142360604,0.12351560827930726,0.11246921556553774,0.1073590480275984,0.09909573313677496,COCA,0.11661716190406302
GE-ME-CNV,0.1179041010689793,0.15587515300137808,0.13593928499640687,0.16058260051731324,0.17524662399809013,0.14873949206050496,0.12779737513936254,0.1539872217675076,0.12061929669615434,0.10911493889566387,LRAclst,0.1405806088141361
GE-ME-MI,0.10256193511921168,0.13689905245352288,0.12255314714267988,0.1239232988775514,0.1249604540019466,0.11763155306353497,0.14227996350679298,0.11464611101760987,0.08854054479680394,0.11613551360389092,IntNMF,0.1190131573583545
GE-ME-MI-CNV,0.13015829044018212,0.15727443253992782,0.15161498775059856,0.13796200893991042,0.15477681113688194,0.15443947702738944,0.12076307629453979,0.17837717840401626,0.1331046739728711,0.09785824087338384,MOFA,0.14163291773797013
GE-MI,0.10792948783412999,0.12485860203754102,0.11864708408314913,0.11824952120000849,0.1134318317364995,0.1102746055390104,0.11564383181779632,0.1049673996222729,0.11627473453304908,0.10740536932185744,PP,0.11376824677253143
GE-MI-CNV,0.13976829572623636,0.12782831140454967,0.1299202607968385,0.12476925163453377,0.13705099091087855,0.13874767221234952,0.1185545285769272,0.12622902504374597,0.13476338576397548,0.10362217518078753,SNF,0.12812538972508225
