,SNF,PINSPlus,NEMO,COCA,LRAcluster,ConsensusClustering,IntNMF,MOFA,Spectrum,IclusterPlus,Mean
GE-CNV,0.0982873261237541,0.1248548944125684,0.1150833374825129,0.1226229598392951,0.1215126590075026,0.1254483770429822,0.1058096995121076,0.1202479248239769,0.0922064787991022,0.0745981731000719,0.1100671830143874
GE-ME,0.1455978827929065,0.1802415167561827,0.1674016331284752,0.1785973628727761,0.1628166912377309,0.1183052758639178,0.1743461957602713,0.1538366619034243,0.1386416511906258,0.1117601839818289,0.15315450554881396
GE-ME-CNV,0.1278980702050351,0.1864520261669702,0.1751081144030997,0.1787313999637772,0.1656348705287491,0.1728398914974012,0.1677933089241833,0.1659636985526057,0.1326577809020382,0.1237156748225963,0.15967948359664558
GE-ME-MI,0.1314836647645712,0.1772935697036189,0.1635912810564671,0.1759252997960084,0.1630337990836242,0.1192639951889245,0.1714114089044061,0.151820577037843,0.1304351608047574,0.1123108576749343,0.1496569614015155
GE-ME-MI-CNV,0.1314070837647469,0.1914868821275067,0.1830187696222949,0.1668296682750993,0.1611001074951097,0.1857462346535708,0.1762142568989379,0.1705955333314347,0.1458247340954206,0.1179445785629127,0.16301678488270344
GE-MI,0.0924104881353583,0.1261300436962404,0.127888994322299,0.1406804529297347,0.1132252018608674,0.0895454809284511,0.1154798301433789,0.1285278931082451,0.0957538682924577,0.0868963920165174,0.11165386454335499
GE-MI-CNV,0.1128432116879047,0.136663157179024,0.1334048776985899,0.1277694582644944,0.1352545154907522,0.1358767123069157,0.1141194372517906,0.1339568474194083,0.1057967342606148,0.0876872347321212,0.12233721862916158
