,SNF,PINSPlus,NEMO,COCA,LRAcluster,ConsensusClustering,IntNMF,MOFA,Spectrum,IclusterPlus,Mean
GE-CNV,0.2966665111970237,0.2627045271653622,0.2740095684472944,0.2717044588298342,0.2707984969397878,0.2815973634298044,0.2641446400679901,0.2499340726835124,0.2762132573430056,0.2554761801168726,0.27032490762204875
GE-ME,0.2332125302528094,0.1664476720098903,0.2001880069745063,0.1963730895510354,0.1841617746013531,0.1797360537431031,0.1913721746720268,0.1789381618826795,0.2124741226720162,0.1676929829021375,0.19105965692615573
GE-ME-CNV,0.1864952383371138,0.1957399552072005,0.2158024032509183,0.2123986853929502,0.1988805991781458,0.1956257265985335,0.1895157566480682,0.2033182473408022,0.197538850948179,0.188608527912778,0.19839239908146894
GE-ME-MI,0.2088350293468642,0.1609909663347156,0.1790125265447829,0.2029426510216362,0.1838307546950933,0.1752899569599967,0.179318468158129,0.1822556745800221,0.1840890958697103,0.1716012607514363,0.1828166384262387
GE-ME-MI-CNV,0.1984447390179819,0.18753382692179,0.2193869272809362,0.1988571811642991,0.2040381725260445,0.2000008028775849,0.2013536804966242,0.203022274282818,0.2303964233689569,0.1771617761027475,0.2020195804039783
GE-MI,0.2339067617677196,0.1947862327723244,0.2246726755716334,0.2265496326121101,0.2276011904805867,0.2367522543544586,0.2374460066283446,0.2238360726847446,0.24216886982389,0.2293122351102293,0.2277031931806041
GE-MI-CNV,0.267656410450329,0.2266363280518065,0.234002037679729,0.2285459979445087,0.2448202327060076,0.2532471461642483,0.2129595103549278,0.2301638495402987,0.2489371715279009,0.2267784367775234,0.237374712119728
