,SNF,PINSPlus,NEMO,COCA,LRAcluster,ConsensusClustering,IntNMF,MOFA,Spectrum,IclusterPlus,Mean
GE-CNV,0.0005311566755392,0.0137303326684297,-0.0009867733686148,0.0135721413359898,0.0124828063142272,0.0114320918610029,0.0399355872607034,0.0146531811878762,0.0019667163100978,0.0060894501812585,0.01134066904265099
GE-ME,0.0511514343558912,0.0233353870208323,0.0660236032613427,0.0099556241297806,0.0351291880278925,0.0311495426162576,0.0518485055683426,0.0260881398525361,0.0297000356167575,0.0176174243388585,0.03419988847884915
GE-ME-CNV,-0.0005040143633333,0.011870387018478,-0.001578687895089,0.0036205336552266,0.0240802800460099,0.021560948978973,0.0300401307345882,0.0133203750475662,0.0241039246531878,0.0161176937722516,0.0142631571647859
GE-ME-MI,0.0249249859904444,0.0199730160341746,0.0549295555666965,0.0098724832509666,0.0349118876467817,0.0282080746153645,0.0525749596060373,0.0343004668162244,0.0397060549781942,0.0158131077362693,0.03152145922411535
GE-ME-MI-CNV,-0.0001114831723934,0.0091252851924573,0.0116967443162443,0.0024315947358468,0.0251533425672022,0.0179033497681169,0.0267489357226249,0.0054051947334407,0.0240345618539455,0.0065947189490427,0.01289822446665279
GE-MI,0.0114860001812421,0.0221322472279287,0.0149956556014523,-3.718219407184424e-05,0.0274949438095809,0.0066252382765209,-0.0017117242695518,0.0076655980801777,0.0123648582083938,0.0144918641329309,0.011550749905460364
GE-MI-CNV,-1.11224899894856e-05,0.0166238089774393,0.0031582533770905,0.0150669529908862,0.0353102482901792,0.005774877786382,0.0689077971858754,0.0106493261554132,0.0124940025010907,0.0065720562876749,0.017454620106204195
