,SNF,PP,NEMO,COCA,LRAclst,CC,IntNMF,MOFA,Spectrum,IclusterPlus,Best,Mean
GE-CNV,0.18032953494581375,0.19674178473757784,0.1708598533387304,0.19793680373416858,0.1979102659259279,0.19852287964927295,0.19737397749816032,0.20149221424093336,0.18586752904592363,0.18103127977892486,MOFA,0.19080661228954338
GE-ME,0.2135804364088616,0.19049568575526524,0.22131134909919947,0.19416365313836248,0.19765762290600974,0.19421113873114534,0.20704742557249023,0.20378341639407802,0.20030949086592928,0.1857150005619298,NEMO,0.20082752194332715
GE-ME-CNV,0.16816102924294493,0.1820082307999152,0.1659398910539732,0.1820229526305421,0.18825406423759405,0.18815262029764043,0.19288476657472328,0.19118468589416904,0.19253336993359818,0.18762421904673235,IntNMF,0.18387658297118328
GE-ME-MI,0.19970023698644546,0.18825504435247345,0.21515205524831782,0.196304133103688,0.1944866957001918,0.19188222766637253,0.20874002343316742,0.20382084719656013,0.2058634295548999,0.18383106700278118,NEMO,0.19880357602448978
GE-ME-MI-CNV,0.1682222357725028,0.1804446509558391,0.18179673758217632,0.17767627939202,0.18644266962389167,0.18596934104833165,0.19053611995983535,0.18292113421313963,0.19840703764937961,0.17512164767350355,Spectrum,0.18275378538706197
GE-MI,0.18688477445608365,0.1916772493822665,0.18753836148670924,0.21823759054244243,0.19374964805492056,0.18170964257861125,0.17104362899573977,0.19159778223685167,0.205667144048405,0.18677251872693904,COCA,0.19148783405089692
GE-MI-CNV,0.17130301972161252,0.1996323483115734,0.17363966330921302,0.19351293443714876,0.20673828061338004,0.19386098375690372,0.2192340171498095,0.1890081551548084,0.20317519959988586,0.17762150063008728,IntNMF,0.19277261026844222
