,SNF,PP,NEMO,COCA,LRAclst,CC,IntNMF,MOFA,Spectrum,IclusterPlus,Best,Mean
GE-CNV,0.17402811939983798,0.1774261935728565,0.16898770626344659,0.18364678876990712,0.182388958909954,0.18318804112939427,0.18751579898777518,0.1839084633076903,0.17731206792589346,0.1815563121619627,IntNMF,0.17999584504287183
GE-ME,0.20035216454981306,0.1878524867812725,0.20610909086391163,0.18938846668052065,0.2025710550374148,0.18160634632514963,0.20492363184094495,0.1953311935266292,0.20565264012915643,0.18531633837216877,NEMO,0.19591034141069819
GE-ME-CNV,0.16654754740444633,0.18119635456975003,0.16680595364389106,0.18748460453124804,0.1982841831860499,0.1968923235155342,0.18436572809397814,0.1766781239968601,0.1994510936325344,0.18473910743410704,Spectrum,0.18424450200083992
GE-ME-MI,0.20666047515909589,0.18977858084206325,0.20107679262084277,0.18757339722549182,0.19267621993772852,0.1804737776732596,0.20067539831479234,0.1915285871417932,0.20414986890649453,0.18180493209412327,SNF,0.19363980299156852
GE-ME-MI-CNV,0.16890804215674893,0.17999719780758458,0.197817316371708,0.1763031587670755,0.1901918490973219,0.1912367039462117,0.18397528620298098,0.17213222330875003,0.19790797535675286,0.1767894605122917,Spectrum,0.18352592135274262
GE-MI,0.18403345049729125,0.18584563400775322,0.179934454214654,0.18545772199964547,0.19019714387253892,0.18437260803279928,0.19139532504459686,0.18985175048167316,0.19523311003196486,0.18175835668637488,Spectrum,0.18680795548692922
GE-MI-CNV,0.17261747091382953,0.1840011206035961,0.1822606426560935,0.18316485616050956,0.1977044703312072,0.1891400650460361,0.20319983601466748,0.18889214556512005,0.19510956512536626,0.17947620799060107,IntNMF,0.1875566380407027
