,SNF,PP,NEMO,COCA,LRAclst,CC,IntNMF,MOFA,Spectrum,IclusterPlus,Best,Mean
GE-CNV,0.17943506573796086,0.19386352071872184,0.17169966575111958,0.19898215059440225,0.2089335594031665,0.20512218774548993,0.20546564481701643,0.18620664749691884,0.18355367074009046,0.18060709940259764,LRAclst,0.19138692124074844
GE-ME,0.19653380626878372,0.19800917376639496,0.20493039424154746,0.19623062432034769,0.19214928239980625,0.1969827085517228,0.18650294451501748,0.19347583491423212,0.20392849023450407,0.18567571138199665,NEMO,0.19544189705943532
GE-ME-CNV,0.1676984236871878,0.1977849987169434,0.16762509963752079,0.1838686690495179,0.19721154875478727,0.1854164241603454,0.20101623383690304,0.19119991991454108,0.19926729302435495,0.1914906471134821,IntNMF,0.18825792578955838
GE-ME-MI,0.198267621973976,0.20267344890919206,0.19794244388241222,0.19019742723292463,0.19323929729908648,0.19276063295542878,0.1872267966501662,0.18346288875557745,0.20590776527116747,0.1806790961812251,Spectrum,0.19323574191111562
GE-ME-MI-CNV,0.16837027992110895,0.20992531914225018,0.18272351154170877,0.18994265797978568,0.1968183590790842,0.19829251122901437,0.20252742465421578,0.1934021017522938,0.19774339124549142,0.1739033553071978,PP,0.19136489118521507
GE-MI,0.18973582839537736,0.19462955203923346,0.18659930685372506,0.21670126361339506,0.19007259143744448,0.1835218563845057,0.18252585583912764,0.18402708226778494,0.19523890377200281,0.16881958042422,COCA,0.18918718210268165
GE-MI-CNV,0.17122130233009927,0.21073394868942977,0.17842918292779844,0.1889035770767409,0.2115627795836801,0.2015060786657501,0.21549984926370405,0.18057324989349977,0.2060239328546661,0.18263515916835105,IntNMF,0.19470890604537194
