,SNF,PINSPlus,NEMO,COCA,LRAcluster,ConsensusClustering,IntNMF,MOFA,Spectrum,IclusterPlus,Mean
GE-CNV,0.5372502620541182,0.5594562631246316,0.5116724980155785,0.558967081939967,0.5646829073107166,0.5651333942416933,0.5203335655544999,0.5718851739000697,0.5506971261955707,0.527838873433681,0.5467917145770527
GE-ME,0.5439045934974491,0.5268551413077035,0.5431690312019489,0.5605626042202589,0.5286567549107785,0.5249802248123897,0.5281332381617954,0.5586911361416791,0.5427271973233286,0.522596707527981,0.5380276629105313
GE-ME-CNV,0.5025748864812032,0.5219240033563017,0.4978120763472358,0.5364061627124814,0.51971532680982,0.5230129952912435,0.5228591311704662,0.543332930273032,0.5311664331421844,0.5299298796827788,0.5228733825266747
GE-ME-MI,0.5481257160625101,0.526078134280585,0.5431079768485797,0.5665212317707269,0.5201000875244632,0.5231167038744499,0.5312582792607843,0.5460171192533467,0.5423650363362713,0.5201936227708117,0.5366883907982529
GE-ME-MI-CNV,0.5021041501163869,0.5220414340900283,0.5214371164579693,0.525753935772584,0.513015106549297,0.5230082542301192,0.5215761557156411,0.5343287233287936,0.5467490572770133,0.5107226144877641,0.5220736548025597
GE-MI,0.5361044595403446,0.5316706073265303,0.5320159994064119,0.6500420579680418,0.5297033593849084,0.5295111640787926,0.5135415534589716,0.5563202285115916,0.5839562386184034,0.5302586646287242,0.5493124332922721
GE-MI-CNV,0.510977833895385,0.5617044386635367,0.5124297403229608,0.5484195758254009,0.5514861616806725,0.565870805212028,0.53515932203235,0.5438596046150374,0.5771045872806514,0.5167671378609323,0.5423779207388955
