,SNF,PINSPlus,NEMO,COCA,LRAcluster,ConsensusClustering,IntNMF,MOFA,Spectrum,IclusterPlus,Mean
GE-CNV,0.0032071861077839,0.0170387584196722,0.0018938353692276,0.0212711879265489,0.0165650841528399,0.0190031528451227,0.0318527796792776,0.0179382876348542,0.0049387446321024,0.0091655157218351,0.01428745324892645
GE-ME,0.0456852813732444,0.0212965289372599,0.0547414128343068,0.0119727310650479,0.0291869257793583,0.0265036487647887,0.0411605329873327,0.0265709731880188,0.0285012396577017,0.0169308698189499,0.030255014440600914
GE-ME-CNV,0.0024122156109649,0.0122303020249659,0.0015862847097728,0.0060421615239183,0.0209665858569523,0.0198839166227048,0.0257550378191154,0.0169007523619089,0.0223297520054224,0.0168250836851666,0.014493209222089232
GE-ME-MI,0.0260500089063818,0.0187139827426608,0.0474186333296773,0.0125186842893705,0.0284481119293305,0.0243219045093032,0.0423868314326806,0.0311449555201093,0.0355191973502342,0.0154864705012625,0.02820087805110107
GE-ME-MI-CNV,0.0026740403735149,0.0101672335850316,0.0122563519723154,0.0048433076676292,0.0211595597551758,0.0169964191467589,0.0232832684412401,0.0090294845771847,0.02443749381718,0.0080476095837038,0.013289476891973438
GE-MI,0.0130638636466643,0.0212288935923405,0.0156034294522636,0.0047078958533574,0.0240506409702724,0.0089925253805203,0.0013010577977995,0.0108075201187858,0.0206803353184178,0.0155670274191621,0.013600318954958371
GE-MI-CNV,0.002942347759442,0.0205687972937442,0.0053309962275877,0.0170522744951591,0.0334184318692884,0.0099372682723011,0.0536349322312032,0.0125155346939747,0.0199270090179155,0.0095253077416546,0.01848528996022705
