,SNF,PINSPlus,NEMO,COCA,LRAcluster,ConsensusClustering,IntNMF,MOFA,Spectrum,IclusterPlus,Mean
GE-CNV,0.006459033397945,0.0216597492251349,0.0539080714927494,0.0220825899834998,0.0195912362229417,0.0958398397741794,0.1244898500859595,0.003305689565686,0.0056255512146258,0.0153191634363942,0.03682807743991157
GE-ME,0.1813202134852016,0.7122376371473385,0.2554734123901844,0.3947827823320881,0.8592637346175683,0.9252141371429612,0.7840320333992802,0.5396403800880425,0.9510023366089156,0.7708724879246278,0.6373839155136208
GE-ME-CNV,0.1767108998689519,0.7220758404907812,0.2389031980470128,0.2054648926074365,0.8760501750578552,0.9409770599363328,0.706241175631979,0.099593416216686,0.6651526031206455,0.7740881864050762,0.5405257447382757
GE-ME-MI,0.153003227328775,0.7098308740836559,0.2100809747623487,0.3197529088840024,0.8605480176276442,0.946483143088432,0.7909755342592686,0.5308831482716825,0.5033174029262388,0.7670196646156762,0.5791894895847725
GE-ME-MI-CNV,0.1092944983923681,0.7138497546610928,0.1685530386732074,0.233161032776609,0.8881217785924326,0.9668979387857688,0.7005377719146592,0.1225578180992557,0.2295860175665121,0.699233027227642,0.4831792676689547
GE-MI,0.1002225410565461,0.1003556827061733,0.1074751095941038,0.0280614667834235,0.1016663551841989,0.0851443885412507,0.1000036325000088,0.0651149936800768,0.0142288026450308,0.0817902458116152,0.07840632185024278
GE-MI-CNV,0.0583163243090829,0.0236605994220054,0.0854205744562373,0.0199986414055978,0.0297567728034775,0.1087224075974638,0.1766196726242136,0.0111296605638617,0.0678476785482636,0.0123443593626346,0.05938166910928381
