,SNF,PP,NEMO,COCA,LRAclst,CC,IntNMF,MOFA,Spectrum,IclusterPlus,Best,Mean
GE-CNV,0.20401115594676347,0.2247643976627917,0.20461316382382122,0.2080741925916273,0.2273935582695682,0.24930307883847094,0.29456490144138686,0.18732043894383513,0.20333379102227667,0.21316665409280958,IntNMF,0.22165453326333512
GE-ME,0.22833536193713844,0.2011162097404385,0.22691025082438662,0.19981636813562775,0.20322603297210748,0.21816848607335748,0.21902446542970555,0.27730525377072396,0.20987996879149562,0.18991118849826857,MOFA,0.217369358617325
GE-ME-CNV,0.23145775666633872,0.1919038998790562,0.2247370343512983,0.19380446621154968,0.18932886987148642,0.19686761919010856,0.1855149842281596,0.20010213909892574,0.2090206777123029,0.19372987525710192,SNF,0.2016467322466328
GE-ME-MI,0.2322414787905026,0.1959489097864964,0.22287558980882963,0.19984826252612783,0.21123715634224163,0.20601840522082107,0.19465577778742418,0.20694458252472883,0.23590214437147808,0.19085026552227222,Spectrum,0.20965225726809228
GE-ME-MI-CNV,0.23471688969161186,0.19514585104834006,0.225137681988281,0.20038151135759205,0.1936878982222886,0.19394262401249698,0.19114158188107097,0.21564202756330272,0.23919516162655063,0.17957299827288423,Spectrum,0.2068564225664419
GE-MI,0.23802716439174865,0.23862396442991948,0.23206165645545615,0.21813708102253734,0.23041035810221602,0.2158483713371997,0.23340123705491966,0.20940396526229524,0.22718975826276766,0.20104010168345113,PP,0.22441436580025115
GE-MI-CNV,0.21800349893018334,0.25576742079306214,0.2347157847023218,0.1947919390129874,0.25873207835168405,0.23666014027355967,0.32117903874907766,0.1978322880025635,0.2347810835659048,0.181100578163901,IntNMF,0.23335638505452455
