,SNF,PP,NEMO,COCA,LRAclst,CC,IntNMF,MOFA,Spectrum,IclusterPlus,Best,Mean
GE-CNV,0.2229268202846145,0.2339046126070241,0.19589216983545207,0.20375563249049336,0.2597254877670134,0.2512571046415279,0.2227970706535416,0.21701975138985116,0.18137884479917876,0.21538235107538142,LRAclst,0.22040398455440785
GE-ME,0.3185439406584093,0.2564505861614627,0.3762469192224707,0.44597961225659716,0.2631534724908234,0.2311964011592448,0.7772343930959487,0.7890566982826436,0.9128435517441394,0.8040250445832774,Spectrum,0.5174730619655017
GE-ME-CNV,0.3717469073926712,0.24301774392207642,0.3402681746397893,0.3708296643421074,0.2609434163946858,0.2488812358884022,0.76750720352927,0.6300546704366926,0.7505190839844849,0.5083614382126661,IntNMF,0.4492129538742846
GE-ME-MI,0.25800382252137216,0.2538792608361377,0.2831882386047496,0.3578801510578744,0.26215744487516507,0.2333948182133053,0.7770764913400175,0.8105845813371454,0.5138503774084321,0.8020276277923649,MOFA,0.45520428139865643
GE-ME-MI-CNV,0.2606501814785199,0.25120673068652477,0.27429395195664763,0.34161888396386964,0.25759499217534704,0.2385678660033281,0.7922759784701358,0.6711206272318692,0.3141461949960826,0.7461592855147451,IntNMF,0.41476346924770696
GE-MI,0.22742307184145283,0.2374118489159968,0.23024761526967122,0.21891178375083145,0.24940297415893506,0.23098464117015305,0.23998403078009778,0.3090987314716174,0.22534237974702667,0.23534063526686752,MOFA,0.24041477123726498
GE-MI-CNV,0.2359335162190069,0.2433853245764491,0.22952886483109047,0.2029252384234362,0.2612377257252935,0.24591517900212945,0.23871340138650535,0.24097007398861994,0.24270981317568277,0.20775378803491765,LRAclst,0.23490729253631315
