,SNF,PP,NEMO,COCA,LRAclst,CC,IntNMF,MOFA,Spectrum,IclusterPlus,Best,Mean
GE-CNV,0.20253332958366244,0.22457697274210106,0.21431050404051485,0.19623979862484797,0.22045459525833297,0.2555992023060701,0.2609825760109531,0.1918647978476159,0.2011275841301535,0.20611565368195314,IntNMF,0.2173805014226205
GE-ME,0.3175056211390917,0.7428039962830123,0.37164581507290223,0.4833518068164138,0.8613117337992987,0.9200169015863983,0.7992531078012411,0.6122910398081253,0.9459325222550796,0.7887500086460203,Spectrum,0.6842862553207584
GE-ME-CNV,0.31305776175115846,0.7525396047565879,0.36293492202687566,0.3284965412884359,0.8790783708484063,0.9364650764185728,0.7403821992101008,0.2596130595329125,0.7010883526971495,0.7933455143128078,CC,0.6067001402843009
GE-ME-MI,0.2849991439723602,0.7431209725150656,0.32671989317688,0.4182386106331683,0.8641552744945941,0.9422527809290786,0.8068349082181131,0.606623342426788,0.5612621847546132,0.7877807824138112,CC,0.6341987893534473
GE-ME-MI-CNV,0.2701370324779268,0.7484736751648807,0.3045635631417059,0.3639504754406972,0.8926422945360671,0.9630746633130821,0.7382810754932123,0.28233140741793233,0.371900899225236,0.7346924411325316,CC,0.5670047527343272
GE-MI,0.2494505657280411,0.24375172126470387,0.2482757595815915,0.21870244038321185,0.2457112632859458,0.23203261543452927,0.24353519970289014,0.22441099983399673,0.22561112338809605,0.23092277708287848,SNF,0.23624044656858847
GE-MI-CNV,0.21884536256822504,0.22796316188483812,0.2371353369678787,0.19197428823509852,0.23147322991734579,0.26124652313624525,0.30029516246565496,0.19853608501532416,0.24137935471912483,0.20648480746235798,IntNMF,0.23153333123720934
