,SNF,PINSPlus,NEMO,COCA,LRAcluster,ConsensusClustering,IntNMF,MOFA,Spectrum,IclusterPlus,Mean
GE-CNV,0.593092130825246,0.6059931881302425,0.5405061905914054,0.5430983775367867,0.5995508545589405,0.5807323526197645,0.5623955066162483,0.5639290341231152,0.5818761293694115,0.5810188379207374,0.5752192602291898
GE-ME,0.6079978325326372,0.8569661828549002,0.6385767224096484,0.7028652311923866,0.9294645042169404,0.9624663695732496,0.8921158718203295,0.7762101104993611,0.9754072319656056,0.8856338158033781,0.8227703872868437
GE-ME-CNV,0.6053846017148142,0.8618145549568546,0.6347853466170926,0.6107163875785829,0.937899910182811,0.9703731230098424,0.8541549750942059,0.587742222355937,0.8345568872457045,0.887263046658342,0.7784691055414188
GE-ME-MI,0.5801276522442953,0.8558818006005771,0.606176453332207,0.6655942002363796,0.9301180105955146,0.9731370872548928,0.8955836739794363,0.7766856806314473,0.7543597481454147,0.8837974381957743,0.792146174521594
GE-ME-MI-CNV,0.5892229014555451,0.857915392390008,0.59807150710553,0.6359909810613209,0.9439709506442392,0.9833793099343852,0.8514861946750141,0.6091653981044887,0.6493674347597196,0.8500494497075938,0.7568619519837845
GE-MI,0.5635645088273064,0.5522763783136332,0.5542165158547114,0.5869367788328336,0.555227004602412,0.5441890574744341,0.55218031129013,0.5554893029155168,0.6209746196519311,0.5454178471372739,0.5630472324900182
GE-MI-CNV,0.5486400750471196,0.6087101192424705,0.5537615087474399,0.5359493000827488,0.6090669068835103,0.5812626414295801,0.5881796739275216,0.5708256701838678,0.5809806589171803,0.5847458232660936,0.5762122377727533
