,SNF,PINSPlus,NEMO,COCA,LRAcluster,ConsensusClustering,IntNMF,MOFA,Spectrum,IclusterPlus,Mean
GE-CNV,0.0080488245277963,0.0460779808709257,0.0485172500373898,0.0235384283542574,0.0422216949931167,0.0902254145242663,0.0960623713306515,0.0083596698540465,0.0158810718064232,0.0220089596887278,0.04009416659876012
GE-ME,0.1631988173994363,0.659208168846798,0.2208873104188738,0.3524074069247668,0.7952069625633873,0.8723701980429839,0.7216114181841139,0.5210226288369723,0.9113879981907176,0.7097437222100551,0.5927044631618106
GE-ME-CNV,0.1570777836697092,0.673728418822128,0.2151162214165217,0.1693083436792884,0.8232850273045524,0.898045046309543,0.660750446904118,0.0915035400261146,0.6035555677250986,0.7186853098750051,0.5011055705732079
GE-ME-MI,0.1218665523440103,0.6636502428609639,0.1639022514360842,0.2693687227791228,0.8017997952606235,0.9071381124439108,0.7339455164156347,0.5123011983772341,0.426109403192186,0.7125252444299831,0.5312607039539753
GE-ME-MI-CNV,0.1118936975858671,0.6736558784435417,0.1470661436463803,0.2226994124841617,0.84583415437153,0.9389467412190924,0.6628192598899638,0.1152710060500527,0.2367492453494763,0.6547948464623591,0.4609730385502425
GE-MI,0.0845646473002708,0.0786231027743051,0.0831356532959592,0.0411090755333785,0.0802404300712264,0.066764400287903,0.0784216553185316,0.0526287029063966,0.0416299478673262,0.0655602382997464,0.0672677853655044
GE-MI-CNV,0.0495796883484725,0.0515187669900384,0.0722239276999589,0.019974923216949,0.0555960100650496,0.0937545203816918,0.1360861408452298,0.013652924298243,0.0753097266919305,0.0223642397583458,0.05900608682959093
