,SNF,PINSPlus,NEMO,COCA,LRAcluster,ConsensusClustering,IntNMF,MOFA,Spectrum,IclusterPlus,Mean
GE-CNV,0.0117964613748206,0.00757064521072,0.018697017743329,0.0079419989602483,0.010022099733967,0.0091543616699685,0.0089539919965664,0.0101026626226107,0.0053231426720168,-0.001367798133508,0.00881945838507393
GE-ME,0.0294808955363196,0.0606000969973283,0.0453946431473098,0.0135385553062006,0.1377057271985673,0.0132862082978424,0.0547015011640397,0.0304026539250455,0.0634709414983879,-0.0032237379437065,0.04453574851273346
GE-ME-CNV,0.0229036494631928,0.0392197209531598,0.0324275054919994,0.0182278681979437,0.1082688333481914,0.035358895530935,0.0800290507122873,0.0327297756146609,0.0521809651468952,0.0015565241188828,0.042290278857814834
GE-ME-MI,0.0194048190414791,0.0353866588387156,0.0316489077597834,0.0191902547444242,0.1065555862165538,0.0046989359383347,0.0560307783300839,0.0374233123758504,0.0249175323399703,0.0045488658634139,0.03398056514486093
GE-ME-MI-CNV,0.0368495695505694,0.0416238122473727,0.0396640065924441,0.0197377700140672,0.1283639236128679,0.0343807767145116,0.094133513217661,0.0379206962152583,0.0328532998221023,0.001115182064201,0.04666425500510555
GE-MI,0.0129984563253518,0.0009930288845294,0.0111995688241047,0.0052454919324664,0.000600147581288,-0.0009003484553411,-0.0010603159134334,0.0058431701313053,0.0125980094414346,0.0006795095087991,0.00481967182605048
GE-MI-CNV,0.0177402772202874,0.0062341490674022,0.0259674868964153,0.0113261306974412,0.0057148286485211,0.0036362371350693,0.0006077624171925,0.0077491247770313,0.0106633297281807,0.0058940570631906,0.009553338365073159
