,SNF,PP,NEMO,COCA,LRAclst,CC,IntNMF,MOFA,Spectrum,IclusterPlus,Best,Mean
GE-CNV,0.1565521521525259,0.17944602858280093,0.1816483300301777,0.17150066146882717,0.17175930794346236,0.15533944470175484,0.16665946714400903,0.17002292059797044,0.13515141732232736,0.11386920335006129,NEMO,0.16019489332939169
GE-ME,0.14455826826527338,0.20085175750240056,0.15727147949753364,0.1748667716254899,0.25567098631593854,0.13773445454062047,0.18363801511987812,0.1769572497556067,0.17095943385056014,0.11221979720321573,LRAclst,0.17147282136765174
GE-ME-CNV,0.15925434678316955,0.20208032662987307,0.17496889065702304,0.18001744533932154,0.23661223073914747,0.1766147930378347,0.2102957407814026,0.19637364853533099,0.1640410239632494,0.11782461017656576,LRAclst,0.1818083056642918
GE-ME-MI,0.13354746487990296,0.18186631519134008,0.14554925135250513,0.1636535272071636,0.23466850675864692,0.12547657590168673,0.18687280099963757,0.18746374423280468,0.1390023155515198,0.11865054900641343,LRAclst,0.1616751051081621
GE-ME-MI-CNV,0.16440482631619227,0.20910899247245088,0.17548439443675223,0.16996543157107302,0.25178838224589484,0.17125104135466981,0.214589468885551,0.19561732278993782,0.14568598133065455,0.11674342936295846,LRAclst,0.1814639270766135
GE-MI,0.12796588296239286,0.12019653768775178,0.12928373862595277,0.15235262809634637,0.11963852672551913,0.11954425202020197,0.11871476810844195,0.13038834416536507,0.13350626986443984,0.11567298606576563,COCA,0.12672639343221775
GE-MI-CNV,0.14234346842433984,0.18104482293779992,0.16457738326670932,0.16701194988671356,0.1516391867323069,0.1318519933464499,0.13835348489681495,0.16142776987270788,0.1268379297353616,0.1207372047967721,PP,0.1485825193895976
