,SNF,PP,NEMO,COCA,LRAclst,CC,IntNMF,MOFA,Spectrum,IclusterPlus,Best,Mean
GE-CNV,0.14455526686186954,0.11309977825490407,0.17212422388368986,0.14580551704988678,0.11789855195746546,0.1193039596065054,0.14146325099292542,0.16065728246139202,0.13283747273952348,0.11716524098333503,NEMO,0.13649105447914972
GE-ME,0.1293538574155634,0.11938649605746603,0.15721852087916577,0.153255502913312,0.11730294793774067,0.12312673126895927,0.1720625495791813,0.15096115483725672,0.1546167965498109,0.1135490096346582,IntNMF,0.1390833567073114
GE-ME-CNV,0.15752554290604537,0.1136507180495072,0.1734257717433589,0.152081670432497,0.11811024469710557,0.12302526651310675,0.23883790055398446,0.17690217827531937,0.14163573206459953,0.11374253445158915,IntNMF,0.15089375596871135
GE-ME-MI,0.12676525268999408,0.1154701450091354,0.13189276935146224,0.13244880593992345,0.11880160332917604,0.1170945920027169,0.17656637081327317,0.1499005980982794,0.1213308475199114,0.1089019489747637,IntNMF,0.12991729337286356
GE-ME-MI-CNV,0.14115947906154552,0.11867427916854013,0.1711948451040334,0.13960123154581477,0.12067287558228457,0.11899312265839486,0.24540191805735492,0.17062372585570687,0.14011329525273822,0.10916726636139347,IntNMF,0.1475602038647807
GE-MI,0.12326517909499979,0.11563857551796176,0.12359241232087287,0.12620487392684726,0.11930175243188952,0.1229178176543081,0.11267938364672231,0.12757487631493672,0.11935848350776972,0.11895610573165878,MOFA,0.1209489460147967
GE-MI-CNV,0.1310382504879107,0.11756583265897232,0.15938723531377336,0.13488108224304712,0.11905001750324022,0.11854949312679147,0.14033448838432205,0.1533329948284428,0.12073120679341319,0.11472796834163544,NEMO,0.13095985696815488
