,SNF,PP,NEMO,COCA,LRAclst,CC,IntNMF,MOFA,Spectrum,IclusterPlus,Best,Mean
GE-CNV,0.15291937488928553,0.17702710589758383,0.17970736939687706,0.17400383931151522,0.15080703937593937,0.15309550451754547,0.1647149506044922,0.17284851946748295,0.1354641002936953,0.11513650081945087,NEMO,0.1575724304573868
GE-ME,0.1171002600744353,0.12194847644933539,0.11779759179161053,0.15856741890073614,0.12193923996462687,0.13520023994241254,0.1148021013875241,0.12582688522692967,0.12459113735658144,0.11978190518693643,COCA,0.12575552562811282
GE-ME-CNV,0.1527261261223314,0.15351578004874422,0.1641822673031419,0.15808016139643455,0.14230907963833317,0.13648994599662315,0.130473410606232,0.1511215104760588,0.12184329313993303,0.11485428086166312,NEMO,0.14255958555894951
GE-ME-MI,0.11860641381082371,0.12662034714250978,0.12270857678849102,0.14383347950634204,0.13733646640702454,0.12357609827849748,0.12154804020304733,0.12875699204023092,0.12032252504375797,0.1144725217287836,COCA,0.12577814609495086
GE-ME-MI-CNV,0.1497997980550406,0.13193365257480086,0.16539418802975395,0.13604684158694136,0.1352289632049332,0.131118796057352,0.1225541339743731,0.1519168578425796,0.12091186718977782,0.11527241017206663,NEMO,0.1360177508687619
GE-MI,0.12090854785541254,0.13064893688782078,0.12354846163658419,0.1530909184961087,0.1241339227290707,0.11505705612354167,0.13359019802758268,0.12847789667623596,0.12016229649729272,0.11444378162732254,COCA,0.12640620165569724
GE-MI-CNV,0.14178030886795734,0.15138515425431,0.16459884421012913,0.1570916478345206,0.14539893405062823,0.13087699247989404,0.12982385386875397,0.14358100788837297,0.1280074160336723,0.11507218376612177,NEMO,0.14076163432543604
