,SNF,PINSPlus,NEMO,COCA,LRAcluster,ConsensusClustering,IntNMF,MOFA,Spectrum,IclusterPlus,Mean
GE-CNV,0.4122291700976143,0.4697200743932592,0.4574926658438326,0.4583790736842064,0.4465072695039166,0.4102455413883027,0.4354638237037928,0.4444622165004682,0.3805885691477501,0.3308204376121764,0.424590884187532
GE-ME,0.3670858552705206,0.4420554145633074,0.3745210086535584,0.450097762026825,0.4536601296647465,0.3730931277947371,0.4024650116124768,0.4246083316203691,0.3790832715949027,0.3306594666251726,0.39973293794266157
GE-ME-CNV,0.3970458107803575,0.4614483250357272,0.4245005497134697,0.4537091224176355,0.4546986028964592,0.4237737547041005,0.4389241207520978,0.4607417512042288,0.3761326463479429,0.3367710815194277,0.4227745765371447
GE-ME-MI,0.3529155879259408,0.4320226135120713,0.3649139410442262,0.4220919056732931,0.4407708105435173,0.3533040701407999,0.4025981520457842,0.4365433168089757,0.357562168728139,0.3347780693790645,0.3897500635801812
GE-ME-MI-CNV,0.3913483784014869,0.4683015069794531,0.4120640779458995,0.4378619198862007,0.4548804805655601,0.4165929430138941,0.4367426267009386,0.4562846769656415,0.3606152512320186,0.3342031944990398,0.4168895056190133
GE-MI,0.3476420888089092,0.3467205499958158,0.3542044193414579,0.4225726285581179,0.3452815326289952,0.3470263264564467,0.3452827723189487,0.3642950037559983,0.3609286250640259,0.333016914145377,0.3566970861074093
GE-MI-CNV,0.3717158736588629,0.4759812691672588,0.4148065462574045,0.4415931882454734,0.4020512366232241,0.3686576989288245,0.3863360002771422,0.4294179892245499,0.3459900953982288,0.3371900340692407,0.397373993185021
