,SNF,PINSPlus,NEMO,COCA,LRAcluster,ConsensusClustering,IntNMF,MOFA,Spectrum,IclusterPlus,Mean
GE-CNV,0.0456308249851428,0.0610473661444236,0.0687553065033715,0.0481809117620268,0.0587485545925034,0.0466184310469933,0.0555605857316679,0.0555038826708325,0.0195425401472152,0.0121549705715155,0.04717433741556924
GE-ME,0.0371080539889799,0.099899760946566,0.0518987866917327,0.060963997543444,0.1756471020845019,0.0268240275292819,0.0937475325831179,0.0758607637214055,0.0703240884583898,0.0092236629281811,0.07014977764756006
GE-ME-CNV,0.0578135801059584,0.1055729339007322,0.0679786167656,0.0681153454023855,0.1468692559727917,0.0707117288784686,0.1119340508798227,0.0956494187871033,0.0638094603949101,0.0151462248913868,0.08036006159791594
GE-ME-MI,0.028321987672289,0.0781896732232334,0.0400849052535058,0.0496784212037736,0.1566791235158696,0.0184267216259256,0.1019894726230447,0.088424603513588,0.0345272455864501,0.0166247117767619,0.06129468659944418
GE-ME-MI-CNV,0.0650165309965205,0.1174016581905269,0.0747250987719131,0.0522966048129512,0.1721207425592566,0.0627794043356037,0.1128922667380534,0.0926465951889137,0.0435893929378428,0.0149119115256346,0.08083802060572165
GE-MI,0.0232571037529176,0.0128760341829101,0.0224472277122957,0.0292397637984548,0.0130338999662742,0.0125067780595003,0.0119218479198105,0.0210268586087916,0.026992175087859,0.0133225345431208,0.018662422363193463
GE-MI-CNV,0.0375742543938692,0.0609190505787388,0.0529581166463082,0.0481165307172261,0.0471514949251754,0.0232620439754559,0.0281166919961101,0.0471161956165425,0.0238603640796753,0.019127523257885,0.03882022661869865
