,SNF,PINSPlus,NEMO,COCA,LRAcluster,ConsensusClustering,IntNMF,MOFA,Spectrum,IclusterPlus,Mean
GE-CNV,0.0149731654151939,0.0074179926230052,0.0093283173201884,0.0087616677344174,0.0134665261963318,0.0139026579200256,0.0066046220928689,0.0044435424700608,0.0216707887704965,0.002325959477676,0.01028952400202645
GE-ME,0.0206832539337589,0.0239159734045172,0.0177202711625214,0.0134662405307376,0.0118248601577178,0.0292253572450053,0.0109844905700633,0.023940275190376,0.0126084151727767,-0.002159959886485,0.016220917748098918
GE-ME-CNV,0.0326419142326275,0.0186548365551791,0.0268735045633408,0.0157816888490582,0.0136389750597154,0.0239652882383444,0.0372188991465138,0.0254887767268845,0.028642287193438,-0.0052382225351069,0.021766794802999485
GE-ME-MI,0.0186129366724113,0.0225582144193201,0.0350228301750901,0.0141478278107834,0.0107646445941969,0.0197212199236116,0.0189631969999466,0.0252652239460476,0.0211520066344352,-0.004084898369938,0.01821232028059048
GE-ME-MI-CNV,0.0393017278809847,0.032407678512377,0.0422072800463883,0.0231032594862677,0.0136370724035832,0.0486991453308159,0.0333749360065983,0.0366698566116031,0.0349680759730269,0.0001822449920563,0.030455127724370146
GE-MI,0.007753652781056,0.0096355011526737,0.0161076742561955,0.0127932500079531,0.0136412038516567,0.0124592668340185,0.0051092823590033,0.0064857377853224,0.0126533446644103,0.0038772741082777,0.010051618780056722
GE-MI-CNV,0.0260260120308568,0.0079431215512606,0.0139021010554515,0.0190315485811226,0.0117057607361609,0.0281243387722145,0.000762912074802,0.0213289850274663,0.0189219097142591,-0.0041240029612089,0.014362268658238541
