,SNF,PP,NEMO,COCA,LRAclst,CC,IntNMF,MOFA,Spectrum,IclusterPlus,Best,Mean
GE-CNV,0.10161048761032593,0.10984428372495564,0.10062063842292017,0.10665530176772757,0.10683977801319466,0.1154735276534559,0.09865431483778762,0.10684909078413507,0.10631675894664679,0.0948984343874786,CC,0.1047762616148628
GE-ME,0.12504650736374678,0.12137304539768397,0.125893075458512,0.10745643539632914,0.11860690034857857,0.12335833150604196,0.10471951124372274,0.12288553230022581,0.12311482698865804,0.10276829428052024,NEMO,0.11752224602840192
GE-ME-CNV,0.11726505068219355,0.12570744550930937,0.1351161268788253,0.11424104372150116,0.12141029332160119,0.13174736192313638,0.12770482549751308,0.12305287975696066,0.12917544562299452,0.09405402445383533,NEMO,0.12194744973678703
GE-ME-MI,0.11728635821082377,0.11995387926082575,0.12991731541929183,0.10146627493649336,0.11899896729286087,0.12023920137267513,0.10154736799054127,0.12185533009547672,0.11355288119236644,0.09713708010285178,NEMO,0.11419546558742069
GE-ME-MI-CNV,0.12091798654541923,0.1336876339760697,0.13813904867003413,0.1177727924638694,0.117928124934359,0.13101049448647456,0.13311102515780474,0.12889623566843578,0.12910986044144976,0.10016104436614642,NEMO,0.1250734246710063
GE-MI,0.08710574502240283,0.11145710145301553,0.0992982036942587,0.13255338341528125,0.10730302195511064,0.11805515675231566,0.11235837354828393,0.1248374920755521,0.09588854419750793,0.08914540121051594,COCA,0.10780024233242444
GE-MI-CNV,0.1122664966698808,0.13340931102679796,0.11478295587185001,0.10883545087895467,0.12313397883201509,0.1293110522708614,0.0995258910699065,0.13560040997110942,0.10693508021256093,0.09854928827594543,MOFA,0.11623499150798822
