,SNF,PP,NEMO,COCA,LRAclst,CC,IntNMF,MOFA,Spectrum,IclusterPlus,Best,Mean
GE-CNV,0.10957620739187264,0.1066094273217834,0.10409388439074398,0.1051228128188378,0.11115017153327504,0.11188483263060926,0.09965795360003349,0.10106647778341964,0.11516754889621146,0.09672493893178617,Spectrum,0.10610542552985729
GE-ME,0.11855394214430422,0.12378674657796034,0.11708816779934533,0.11851647372633593,0.11280121886336182,0.12719826544920726,0.10608707593152156,0.12701324879489573,0.11086149570679037,0.09435366009423161,CC,0.11562602950879541
GE-ME-CNV,0.1270953943972232,0.11618548301157557,0.12928375029016584,0.11568167866792833,0.11077929787610478,0.12047282572461455,0.1331293510266326,0.12507823465096032,0.12689948907393922,0.09221539206708651,IntNMF,0.11968208967862311
GE-ME-MI,0.11488218453393172,0.12414365280201818,0.14568926824552497,0.11664710917110997,0.11238238175736837,0.1231137515204307,0.11351914840551851,0.1253847182248448,0.12070687561323253,0.09413872173809111,NEMO,0.11906078120120707
GE-ME-MI-CNV,0.13394922261866174,0.1292149518579157,0.15516319632919306,0.12283417401616019,0.11368895019462094,0.1451943210965009,0.12906037477533125,0.1364285718730083,0.1344212892255223,0.09783004674419889,NEMO,0.12977850987311132
GE-MI,0.10517743420696303,0.12818160790872424,0.12688126168360894,0.16286340026795978,0.12007237458096703,0.11296853313206667,0.1094010302996653,0.11748234623940723,0.10953096435850752,0.10149795285666659,COCA,0.11940569055345365
GE-MI-CNV,0.12197329723316748,0.11304855728343242,0.12409977046968768,0.1170438660564892,0.11815433997858245,0.12839927756185288,0.09689908108869649,0.12128171217768208,0.11848077889700674,0.09628250503543485,CC,0.11556631857820324
