,SNF,PP,NEMO,COCA,LRAclst,CC,IntNMF,MOFA,Spectrum,IclusterPlus,Best,Mean
GE-CNV,0.1067754668484678,0.11211596404559114,0.10767735208438846,0.10293547327132113,0.10682034237194372,0.11218919311683752,0.09506892651354189,0.10028087820036913,0.11933581818515186,0.0943215747739075,Spectrum,0.105752098941152
GE-ME,0.11021888785470134,0.12127153875004236,0.1199212982216944,0.15715314072701236,0.1147290347957719,0.12825042517514326,0.10722803846656687,0.11584190908253716,0.11969521218561019,0.09781992147593299,COCA,0.1192129406735013
GE-ME-CNV,0.11786350890856157,0.12927358921820079,0.12158014536751076,0.12229451054539142,0.11847302306056977,0.13488240098515067,0.14120441863631886,0.1269900759119251,0.1184458325903517,0.10878109651166794,IntNMF,0.12397886017356485
GE-ME-MI,0.10808370678936226,0.12918871135426516,0.1339718951639641,0.12468449291452681,0.11939630239576833,0.13892869555269224,0.10894802897725887,0.11251031367995123,0.11546034560164253,0.08988258707453116,CC,0.11810550795039629
GE-ME-MI-CNV,0.12410793019443256,0.12722120651403415,0.1300899105944748,0.10433814690743166,0.10684549523944246,0.12947236933821016,0.13923892847449526,0.12346400490774684,0.11641427012146192,0.1005961262034475,IntNMF,0.12017883884951774
GE-MI,0.10150002152729787,0.1330371116349513,0.11727568295884815,0.15724310199893057,0.1175830090251103,0.10040149282779899,0.1044616575518868,0.12243833439040008,0.09874752050659487,0.10026850263017002,COCA,0.1152956435051989
GE-MI-CNV,0.1273685986078433,0.11359172775102634,0.14114116805911006,0.11250699653445863,0.11043548734342411,0.11982883371764451,0.09510235801163451,0.11085045948173029,0.11451929233272252,0.09254733685945822,NEMO,0.11378922586990525
