,SNF,PINSPlus,NEMO,COCA,LRAcluster,ConsensusClustering,IntNMF,MOFA,Spectrum,IclusterPlus,Mean
GE-CNV,0.2624473512099009,0.2647522011579127,0.2568296824222974,0.2619010888867354,0.2718198367540404,0.2726180247793691,0.251973505778538,0.2600260093649483,0.2684840397507675,0.2504078356087839,0.2621259575713294
GE-ME,0.2661910602327844,0.2747937678926512,0.2661383136603513,0.2718155715518227,0.2662867968867382,0.2744590485356655,0.2519985355054109,0.2790645830284859,0.25900241675984,0.2451777812242872,0.2654927875278037
GE-ME-CNV,0.2686263117503248,0.266233158020338,0.2799377256506909,0.2639478314883716,0.2589802578339983,0.2720604259030664,0.2724372195281402,0.2725486128002546,0.2728812906860842,0.2422533701624949,0.26699062038237636
GE-ME-MI,0.2623076722538205,0.2800448523035778,0.312983267464575,0.2664106316927375,0.2675968654758646,0.2738360414493181,0.257662875777267,0.2773821745116329,0.2692297937117343,0.2454245540253189,0.2712878728665846
GE-ME-MI-CNV,0.2734804383481852,0.2773233141296219,0.3156692956565867,0.2740130926975456,0.2673966209165902,0.2909647100158624,0.2687521426657923,0.2827565362708584,0.2839802408325116,0.2440297156613204,0.2778366107194875
GE-MI,0.2577909165338375,0.3044653062447729,0.2993650446418029,0.3605738922502254,0.2794848124660375,0.2687357104061659,0.2702077559149369,0.2854643116452232,0.2597636247647431,0.2516398707592479,0.2837491245626993
GE-MI-CNV,0.266242551222758,0.2618188751990623,0.2939161437827689,0.2628853498209565,0.2694764547603737,0.2760585123659146,0.2445665889714443,0.2715583482455585,0.2649843797957665,0.2487406852251878,0.2660247889389791
