,SNF,PINSPlus,NEMO,COCA,LRAcluster,ConsensusClustering,IntNMF,MOFA,Spectrum,IclusterPlus,Mean
GE-CNV,0.0513081055505231,0.0476580881844323,0.0461236534297461,0.0447056818353606,0.0481641516494529,0.0491338151924331,0.0403957329286936,0.0387298815152498,0.0553478181673704,0.0374410217088986,0.045900795016216044
GE-ME,0.0687875122663694,0.0726504984367126,0.0674059185751633,0.0702676090964475,0.0602919995456295,0.077910390566951,0.0552782017190905,0.0780348881658253,0.0609736551877544,0.0400431589448926,0.06516438325048361
GE-ME-CNV,0.0800179572087173,0.0636684544592096,0.0810400206564658,0.0673155156663552,0.0597186607346006,0.0653927630324329,0.0897319344052438,0.0771973144257419,0.0791748893422955,0.0396310285738715,0.0702888538504934
GE-ME-MI,0.0637259446755633,0.0698278916831567,0.0890617070969098,0.069382868009809,0.0587856352020436,0.0757839931883624,0.0639313724393419,0.0735067562168539,0.0717388264935281,0.0410765095588924,0.06768215045644611
GE-ME-MI-CNV,0.0890655016268153,0.0779138629317482,0.1076130132846042,0.0713861698646673,0.0600331572636894,0.0959191079428244,0.0850540456536032,0.0898593227365634,0.0843155508710284,0.04927817957922,0.08104379117547637
GE-MI,0.0499877333059956,0.0704440163287261,0.0651710661528284,0.1152230585457009,0.0670911074252069,0.0577106221560156,0.0528860526250557,0.0604969892876761,0.0561759236463692,0.0489767137024742,0.06441632831760488
GE-MI-CNV,0.0736513284458877,0.0693836750999744,0.0644810665708426,0.0692146997673885,0.0732808044392128,0.0810149815474295,0.0453677422198432,0.0709578032600214,0.0715360471809946,0.0442308328423257,0.06631189813739204
