,SNF,PINSPlus,NEMO,COCA,LRAcluster,ConsensusClustering,IntNMF,MOFA,Spectrum,IclusterPlus,Mean
GE-CNV,0.0045128675148815,0.0306447524795289,0.0167134445846814,0.0150513087550277,0.0136761195325219,0.011030669434016,0.0251626503645253,0.0110358772782572,0.0069696845305485,0.0070314528747441,0.01418288273487325
GE-ME,0.0223241513660982,0.0144703827875641,0.0269850177946004,0.0151061139652852,0.0166032898978309,0.0239874339973849,0.0231336461786944,0.018869828128158,0.0108320558721989,-0.0052773516109224,0.01670345683768926
GE-ME-CNV,0.0314343188300588,0.0320216467948595,0.0264266061404749,0.0313456387539496,0.0156878285813082,0.0383834607234034,0.0329668287270528,0.0392317460989828,0.0269134716988169,0.0027588653769624,0.027717041172586932
GE-ME-MI,0.0280228013106193,0.016095064331959,0.0308916081095323,0.022907853268256,0.0133643747099036,0.0187178977537206,0.0206683146832402,0.0213743646464317,0.0160111814264031,-0.009029020535135,0.01790244397049308
GE-ME-MI-CNV,0.0257155295214928,0.0268022679849527,0.0278900397466088,0.0202179574160383,0.0203602864613729,0.0352097718142425,0.0332359095351039,0.0370547286445613,0.0303045043818699,-0.0101409224365275,0.024665007306971562
GE-MI,0.0358531390862529,0.030688902096116,0.0331046909835131,0.0119453471915844,0.0333810770762993,0.0160563356203506,-0.0020597791893422,0.0243291630218688,0.0248462632555001,-0.0031120043004807,0.02050331348416623
GE-MI-CNV,0.0352897888435696,0.0441193525928046,0.0459442746843542,0.0215062294410077,0.0312966731350322,0.0270688733537045,0.0300200649151207,0.0267846180623395,0.0195761480678205,-0.0013409740836389,0.028026504901211457
