,SNF,PP,NEMO,COCA,LRAclst,CC,IntNMF,MOFA,Spectrum,IclusterPlus,Best,Mean
GE-CNV,0.11321260400642875,0.12773538801497752,0.10735418865138002,0.112852078244862,0.12960839140218058,0.11559685700258852,0.10544093297667971,0.1080023323361836,0.10472566383095512,0.10419837700192637,LRAclst,0.1128726813468162
GE-ME,0.11450589141753674,0.12582375124435102,0.12833040948699628,0.12702642649463525,0.126919143140892,0.118038896959876,0.1332479827765428,0.12960001456208817,0.11529520887581628,0.09377734233985617,IntNMF,0.1212565067298591
GE-ME-CNV,0.12557127327063436,0.11953440427371843,0.1178322614828438,0.11836153663283484,0.12693900915586254,0.12274160611335778,0.13571312291752438,0.131141024189672,0.1253690401638708,0.10426569455208778,IntNMF,0.12274689727524066
GE-ME-MI,0.11937446678450292,0.12088105768450164,0.12820832015576403,0.12371446331354756,0.1249655460653792,0.10798993066334879,0.132340859162591,0.12781588620716391,0.11082242929675078,0.08958987570781553,IntNMF,0.11857028350413652
GE-ME-MI-CNV,0.1304679573168415,0.1276255506595678,0.1297782923574978,0.11302456182565583,0.13300460480238763,0.1189052455716733,0.12898556437894668,0.13733331110874245,0.11944986567639743,0.09739208698186602,MOFA,0.12359670406795764
GE-MI,0.1283984365325411,0.12728257956836597,0.13385117425216236,0.1199140492399877,0.13333819644266431,0.1077540873294028,0.09099024925211478,0.12587337571705634,0.12482605137932483,0.09895659223438567,NEMO,0.11911847919480059
GE-MI-CNV,0.13731334955687588,0.1318000677602136,0.13703610474152297,0.12582325653693482,0.13664418787540641,0.11647700263246387,0.11951488782889837,0.1227970004443658,0.11584631654823174,0.09143342072789483,SNF,0.12346855946528083
