,SNF,PP,NEMO,COCA,LRAclst,CC,IntNMF,MOFA,Spectrum,IclusterPlus,Best,Mean
GE-CNV,0.1112600848735301,0.12460930483637389,0.10740973266719538,0.11221683964916239,0.1185288733222117,0.10571973478338687,0.11330071934341601,0.11077468845561922,0.10199360250466784,0.10531763476091806,PP,0.11111312151964817
GE-ME,0.11924113110170602,0.13515323508651433,0.1239692419549826,0.12045980503194953,0.12597533561625376,0.12607556167490713,0.12165469613554458,0.13300558012183836,0.11376917032247076,0.0870784572970137,PP,0.12063822143431809
GE-ME-CNV,0.12829387848113102,0.14836706231295052,0.11927770040613617,0.1272851500664906,0.12046676236685212,0.14358965183943076,0.13237893897538758,0.14543666013299433,0.1235435989240493,0.0983490940437553,PP,0.12869884975491777
GE-ME-MI,0.12195045404941944,0.13750980642306923,0.12846782648766594,0.13057048277568006,0.12225665816869442,0.11887566049226418,0.11909476359938793,0.13478199723109718,0.11583521634854765,0.08455458171412765,PP,0.12138974472899536
GE-ME-MI-CNV,0.12368898603738872,0.136687564185799,0.12239632822348107,0.11765309895956128,0.1292341643091504,0.143138887371003,0.13106335558742874,0.13812743811595815,0.1286236710993162,0.0828073584824728,CC,0.12534208523715595
GE-MI,0.12762485695863343,0.1309209097371812,0.13007513610002408,0.1291435484039264,0.13015773616097648,0.11418653930333737,0.09809787297797358,0.1243998305548119,0.12134488405033195,0.0889274509370529,PP,0.11948787651842493
GE-MI-CNV,0.1352231860934018,0.13651501883698824,0.14192600199261982,0.12008978249479696,0.13269946758991027,0.12136122680674581,0.12093272158672107,0.1264290705021181,0.11790549829230956,0.09299710467256357,NEMO,0.1246079078868175
