,SNF,PP,NEMO,COCA,LRAclst,CC,IntNMF,MOFA,Spectrum,IclusterPlus,Best,Mean
GE-CNV,0.11519789552265443,0.12158362321932488,0.11542040829369042,0.10036139622027122,0.11041611758384101,0.10388485726147638,0.11046468992069643,0.11074892500763443,0.1021110381127391,0.10954539709225859,PP,0.1099734348234587
GE-ME,0.11521050314740428,0.11527609059613503,0.11888527561168687,0.1156845937076036,0.1182124247882601,0.12049367387743355,0.11217745431367909,0.11769916366202593,0.12345350391147736,0.08968470557557223,Spectrum,0.1146777389191278
GE-ME-CNV,0.12681675674581785,0.11709030819509851,0.1238749116234407,0.11527316556717813,0.12123091202553672,0.1197187188751022,0.10648915791989648,0.12413837849634918,0.11228460962114743,0.09037913153901406,SNF,0.11572960506085812
GE-ME-MI,0.12554602524854017,0.11627985014549162,0.11465906009796177,0.11090118336710342,0.1156012839346763,0.13071065002360993,0.10558399227135469,0.12390674156095823,0.11700120280663061,0.0893302745749736,CC,0.11495202640313003
GE-ME-MI-CNV,0.12311695572921487,0.12356640066530096,0.1373593222141506,0.11985218766133417,0.13084464583935826,0.12230654777338783,0.10810496949188673,0.12310130815866376,0.11902373766758201,0.08916667989456621,NEMO,0.11964427550954453
GE-MI,0.13458362044158442,0.13532642766655376,0.13583874279534267,0.1264366800889548,0.13060160710544536,0.12025643486837406,0.09822909080492404,0.12093851979098924,0.11870206688243268,0.09266714699210754,NEMO,0.12135803374367082
GE-MI-CNV,0.13430587996694734,0.126141950468018,0.15453747874107146,0.11731353408229872,0.13085697989325648,0.12374465836729366,0.12040632117852275,0.13020635634905328,0.12154733128350759,0.09550888511239043,NEMO,0.12545693754423598
