,SNF,PINSPlus,NEMO,COCA,LRAcluster,ConsensusClustering,IntNMF,MOFA,Spectrum,IclusterPlus,Mean
GE-CNV,0.2979858685610633,0.2872901582462768,0.2689178171442211,0.2826328580978433,0.2997836971148488,0.2736442066931249,0.267053722279385,0.2845546004352302,0.2705445664076743,0.277406852031368,0.2809814347011036
GE-ME,0.2693624482876075,0.3191555524938079,0.2709720645786752,0.2893618497168823,0.2927802016099005,0.2855127710438119,0.2794351345011613,0.3077722658275349,0.2706901888202772,0.2443988517530499,0.28294413286327086
GE-ME-CNV,0.2823410278564792,0.3204308579823491,0.2709171276598847,0.2800247414758476,0.2793009138137905,0.2985099999365418,0.2849344061916849,0.3036631129296699,0.2772594491315047,0.2561965376530298,0.28535781746307826
GE-ME-MI,0.2714202165568865,0.3160333884478823,0.2832882998943239,0.2962102164465586,0.2908070336926356,0.2762035292007399,0.2769881565889354,0.3055186813370364,0.2698035327533286,0.241466282889114,0.2827739337807441
GE-ME-MI-CNV,0.2779194141967868,0.2995927546493452,0.2732323145812045,0.2711628923843734,0.291446699358169,0.2977077849995047,0.2835578369030018,0.2894140980513874,0.2789557225353594,0.240550815768038,0.280354033342717
GE-MI,0.2821562108094768,0.2962740526555265,0.2914281653834658,0.3179546407395591,0.2863456603288083,0.2761210199854546,0.2663986841831453,0.2938104865133467,0.2813764980855386,0.243980380611354,0.28358457992956754
GE-MI-CNV,0.2960282540126212,0.2867261474954893,0.2975372303539665,0.2778615345924756,0.2900782970209688,0.2770739091016965,0.26981366129808,0.2860771161112038,0.2772407919511357,0.2492760630278824,0.28077130049655197
