,SNF,PINSPlus,NEMO,COCA,LRAcluster,ConsensusClustering,IntNMF,MOFA,Spectrum,IclusterPlus,Mean
GE-CNV,0.0312815185446455,0.055893003783316,0.0365979362726836,0.0389663520946162,0.0421268033192644,0.0324843282230197,0.0476857853863377,0.0367335876533703,0.0284665565757807,0.0315145993766421,0.03817504712296761
GE-ME,0.0660367936514123,0.071833769978171,0.0739506434916722,0.0569114514136811,0.0685425153410299,0.0687264799835246,0.062395307726778,0.0723746464098221,0.0597852662749362,0.0221138717489136,0.062267074601994085
GE-ME-CNV,0.0711062887568551,0.092648682161643,0.0604893674180489,0.0704850699696746,0.0664115447054577,0.0938754948583471,0.079235582007425,0.0934151213703303,0.0664578759418263,0.0360918791012737,0.07302169062908817
GE-ME-MI,0.0664083442807525,0.0804009664893664,0.0712235714591416,0.0725933786122256,0.0625985661035441,0.0617055545223321,0.0596278195259882,0.0774529457098234,0.0616909348659113,0.0212264827884039,0.0634928564357489
GE-ME-MI-CNV,0.0674320143938866,0.0836676699230991,0.0660666303426299,0.0615784470782721,0.0758955071079093,0.0964991052992618,0.0763963203241805,0.0879134876519257,0.0766107863807193,0.0180121821159079,0.07100721506177923
GE-MI,0.0648652209801706,0.0657997744599012,0.0656925519330934,0.0575306572806357,0.0707464710778218,0.0503822623042069,0.0299547139401177,0.0550598421292202,0.0578118908099571,0.0259139765002854,0.054375736141540995
GE-MI-CNV,0.0743515154240147,0.0786995564226708,0.0822965009395387,0.0609015834509076,0.0767234326137298,0.0599408979648364,0.0629644385469625,0.066425477332811,0.0568995548579725,0.0310562250734472,0.06502591826268911
