,SNF,PINSPlus,NEMO,COCA,LRAcluster,ConsensusClustering,IntNMF,MOFA,Spectrum,IclusterPlus,Mean
5,0.6109847009104249,0.542453721767374,0.4943808259245165,0.4062249047642178,0.3628799023417107,0.5519918967620712,0.4187011426977911,0.4219647082156368,0.3666171918900668,-0.0258398439591173,0.4150359151314692
8,0.6172609903863064,0.5167919806179317,0.5559324989112053,0.3746589623545133,0.3705151308253419,0.5561481568277504,0.4172886422673508,0.3574379230700052,0.4969494393522301,0.1259745596062734,0.43889582842189095
11,0.630308522413743,0.5354044855716813,0.5584154186325673,0.4108609281953549,0.3949899197139873,0.5880433959234019,0.4083774360447208,0.4704730605082168,0.5223850454642183,0.2544460451244168,0.4773704257592309
14,0.6347736443904377,0.5273165624979824,0.5459518733887165,0.339811803392097,0.3694074881460975,0.5764891256666567,0.3870490286484254,0.4499508487157784,0.5850962478934719,0.3329915919392596,0.47488382146789226
