,SNF,PP,NEMO,COCA,LRAclst,CC,IntNMF,MOFA,Spectrum,IclusterPlus,Best,Mean
5,0.6937224025656666,0.8143858041571619,0.6037665330303158,0.6485519446487858,0.7240389615958848,0.7981887504317099,0.5315091480380998,0.5397450069817659,0.49570700637571097,0.1519477081854892,PP,0.600156326601059
8,0.7261046485862616,0.8139234047463467,0.6880978154499333,0.5284189009264842,0.7338479896495059,0.681455393743895,0.5242805193877275,0.5576313346726834,0.6261452757677224,0.22294474503820907,PP,0.6102850027968769
11,0.750131914111329,0.7980205376713382,0.6572608555790991,0.4975501908625803,0.6668370856666522,0.6972621670602469,0.4957254408603391,0.5821338157909047,0.6999198244935635,0.35166528526586105,PP,0.6196507117361915
14,0.7733961698881492,0.8286552303251439,0.7241031562936802,0.5270826727776896,0.6705302085563439,0.7120969643680928,0.4838635506300915,0.581662088977903,0.6860087354538557,0.4153984782534232,PP,0.6402797255524372
