,SNF,PP,NEMO,COCA,LRAclst,CC,IntNMF,MOFA,Spectrum,IclusterPlus,Best,Mean
5,0.5809129589613775,0.5323117461253386,0.5526725068336497,0.46736327870179184,0.507811103942634,0.6134872798961114,0.4938829557507302,0.5262335735415561,0.4848842941360301,0.14969766035480828,CC,0.49092573582440274
8,0.5962032028418907,0.5762189340468148,0.5483369911656327,0.3907566900637786,0.49373155036219435,0.5699173029467351,0.41495865304322704,0.5096371292416256,0.5145682467249347,0.12381941446818152,SNF,0.47381481149050153
11,0.5949756248571347,0.588232649142273,0.5539783963771406,0.3872032583330081,0.5090516273878914,0.5828209596182732,0.44421707061791654,0.552073700047033,0.5914216096301624,0.1483439771423033,SNF,0.49523188731531376
14,0.6064287159498548,0.5778927104371642,0.540700434811034,0.402774153680346,0.4880433357272606,0.5919177235191281,0.4719684620962412,0.5856897595992879,0.5852085318174326,0.2641980620062576,SNF,0.5114821889644007
