,SNF,PP,NEMO,COCA,LRAclst,CC,IntNMF,MOFA,Spectrum,IclusterPlus,Best,Mean
5,0.6821822670851222,0.6267254196776456,0.588212998691524,0.5172670782117863,0.47619507411271345,0.6423803403392944,0.5281561421860728,0.5292359767291464,0.4841558050641785,0.12378911717252017,SNF,0.5198300219270002
8,0.6717167871470942,0.590307033640555,0.6232503625579974,0.47125737212818536,0.4763636816492734,0.6277739786687976,0.5118160419970089,0.46099428072330184,0.5800393740411501,0.23710127975554288,SNF,0.5250620192308907
11,0.6800209724967683,0.6000323793595813,0.6172454986253855,0.49839498704035984,0.48623744544635544,0.6532279509422046,0.4943413254039031,0.5517410122253782,0.5887174104560952,0.34653166793999207,SNF,0.5516490649936022
14,0.6765023515684493,0.5884974586980986,0.6069194515215862,0.43763309746404877,0.4641239012315676,0.6384143778417578,0.47581414092664015,0.5289075862729606,0.6334988984873721,0.41458975016715954,SNF,0.5464901014179641
