,SNF,PINSPlus,NEMO,COCA,LRAcluster,ConsensusClustering,IntNMF,MOFA,Spectrum,IclusterPlus,Mean
5,0.6956398419012146,0.6438422536068998,0.6072172429720226,0.5398395918980986,0.5035732046639139,0.6550944082583419,0.553445216359083,0.5544500003479433,0.5186753686942576,0.2088144445694275,0.5480591573271203
8,0.7049923983917598,0.6285569844763795,0.6602761889326947,0.5219663242956534,0.5234487089030612,0.6602822227932745,0.5601781241979673,0.512130593523937,0.6189726180608376,0.3351278063053816,0.5725931969880946
11,0.7170276741846304,0.6454696797712017,0.6633555152894546,0.5550786425132426,0.5406623014864111,0.6873699150856022,0.5537444631565449,0.6010068253481493,0.6367900117030256,0.4376469750731535,0.6038152003611417
14,0.7216845449108189,0.6405034802957992,0.6581435659464729,0.5084406547458556,0.5249986769970694,0.6794555566442801,0.5393855440649222,0.5887501393782831,0.6846353946156835,0.4963933620792874,0.6042390919678472
