,SNF,PINSPlus,NEMO,COCA,LRAcluster,ConsensusClustering,IntNMF,MOFA,Spectrum,IclusterPlus,Mean
5,0.7399222584437272,0.693880283658663,0.6630409271780329,0.6057367379730425,0.5621321153325158,0.72005471599747,0.6123220675013444,0.6112932216238589,0.5671748546082109,0.1883927509072503,0.5963949933224115
8,0.6928969726632163,0.6255721358273539,0.6535423998300922,0.5171468297343894,0.5351272052194173,0.6668915563853679,0.5579813595257088,0.5134143255759632,0.6241960647103826,0.2502014733549736,0.5636970322826864
11,0.6927267208919311,0.6192229727358608,0.6299655619541346,0.529245390412482,0.5230601151386679,0.6842705418176096,0.5209020770104434,0.5837431508197682,0.6069771742010415,0.3475019836224059,0.5737615688604346
14,0.6730488654040914,0.5976723333005138,0.6166629152295691,0.4646468342541938,0.497965538551536,0.6592984512143366,0.5010078500665728,0.5480217707248204,0.6307650529529611,0.4143842964829315,0.5603473908181527
