,SNF,PINSPlus,NEMO,COCA,LRAcluster,ConsensusClustering,IntNMF,MOFA,Spectrum,IclusterPlus,Mean
GE-CNV,0.010220122159589,0.0195653914520702,0.029249659757138,0.03021831048081,0.0167637726693601,0.0234142329080784,0.0218784912412807,0.0161733879861786,0.0143001528970629,0.0021500767360529,0.018393359828762078
GE-ME,0.0176515567589777,0.0157994415007005,0.0133755801044411,0.0298017339704548,0.0192363384806084,0.0341664776467496,0.0342784600697199,0.0121270240654248,0.0144925574621752,0.0158197010109333,0.02067488710701853
GE-ME-CNV,0.0249124716965475,0.0188667055093308,0.0275027917507093,0.0250836743260474,0.0278558795913936,0.0359259139756703,0.0567560110628653,0.020914523498109,0.0271971243223595,0.0044750994750527,0.026949019520808536
GE-ME-MI,0.025428197512108,0.0193702594302922,0.0178659096809992,0.0154418705369781,0.0183012633283542,0.037941115925224,0.0379423091645918,0.0139271220525078,0.0216417799513199,0.0070950993093279,0.02149549268917031
GE-ME-MI-CNV,0.0311145764209524,0.0264854382705601,0.0108867047413157,0.0302074823131805,0.0260513110824198,0.03158620290867,0.0431034493607035,0.0091688496072523,0.0206253244505657,0.0091445652873018,0.023837390444292183
GE-MI,0.0136623065541971,0.0342875210571674,0.0140677961024369,0.01638355366963,0.0390441120125889,0.0350017826453014,0.0244581219965131,0.0448949453746699,0.0158480108898306,0.0139535898170098,0.02516017401193451
GE-MI-CNV,0.0227413810652828,0.015513581706923,0.0154941427821069,0.0334763543220556,0.0064655337432763,0.0226034137581243,0.0155315676414371,0.0219364776069402,0.0223289438525613,0.0043315994986534,0.018042299597736088
