,SNF,PP,NEMO,COCA,LRAclst,CC,IntNMF,MOFA,Spectrum,IclusterPlus,Best,Mean
GE-CNV,0.139111368455723,0.14875928068710428,0.14440617343969836,0.1530269303910689,0.1427333971009581,0.15192498604858393,0.14438856529226404,0.1357388786383358,0.13575319569712066,0.12334291704065947,COCA,0.14191856927915164
GE-ME,0.11902364528313247,0.12416176526123217,0.1203706963844111,0.1333128101720165,0.11831786373315388,0.13327758753158353,0.12632853292617288,0.12385795517361943,0.1197311350701426,0.12556866461825716,COCA,0.12439506561537217
GE-ME-CNV,0.1396817392863046,0.13056186079258617,0.12605702292689083,0.13638227158089353,0.12215820653291287,0.136211102938004,0.139942079392959,0.138715949190691,0.1250173733329135,0.1285472991671777,IntNMF,0.1323274905141333
GE-ME-MI,0.129586363064517,0.13408139207164885,0.12767696393659422,0.13674358253722627,0.11680334615868143,0.13379241003455958,0.13145840501970232,0.15087575751136587,0.12794033334822164,0.11475687724854873,MOFA,0.13037154309310658
GE-ME-MI-CNV,0.13689983067951253,0.1322777724972433,0.12540442561080156,0.13304641368981912,0.12954378548632134,0.13837139368640672,0.13050841754443626,0.1390240386886362,0.12460189341850957,0.11344780078495599,MOFA,0.13031257720866424
GE-MI,0.13158749536728068,0.1624450775298211,0.12939547958624878,0.17190438986197695,0.1549935841417532,0.15764663510904248,0.15215714591991478,0.14695008101749288,0.14429236353153987,0.1209837746967218,COCA,0.14723560267617924
GE-MI-CNV,0.14790337484264102,0.14741813409696056,0.13644446924690765,0.1499697310705009,0.13801854211320064,0.14210471659766793,0.1376475797867506,0.13980765071031445,0.13260919720218914,0.11198648864087907,COCA,0.1383909884308012
