,SNF,PP,NEMO,COCA,LRAclst,CC,IntNMF,MOFA,Spectrum,IclusterPlus,Best,Mean
GE-CNV,0.13336798001325204,0.16101706154254772,0.145135665534618,0.15091702503781965,0.16690017510339958,0.15285127886219319,0.12952197093120973,0.13390196430325632,0.13522090259929134,0.13097128099610658,LRAclst,0.14398053049236942
GE-ME,0.1462668355188802,0.16142810121611262,0.13804636540203638,0.1599834577448558,0.1657848098582371,0.15375613892268547,0.140938623461388,0.1600478179524597,0.14612823502427275,0.15792522358186897,LRAclst,0.15303056086827968
GE-ME-CNV,0.14941214510376963,0.16084085762713157,0.14282473450266361,0.13901667987170613,0.16706166939435016,0.15383032199405342,0.15251447343263594,0.14343580018519944,0.14717871301066454,0.13456184446489525,LRAclst,0.149067723958707
GE-ME-MI,0.13948301093271076,0.15905721838268894,0.13852044439424466,0.14289658670528907,0.16562604115209925,0.14772750921448838,0.13531199087395082,0.14702846343102302,0.13610578496845901,0.13544712081770743,LRAclst,0.14472041708726616
GE-ME-MI-CNV,0.13408218207115072,0.15290927229994608,0.12982471073121402,0.1426200219265211,0.16144637535682746,0.1432689405137277,0.14242565696883627,0.13646746531600076,0.13375997915931886,0.13329684838700898,LRAclst,0.1410101452730552
GE-MI,0.13227334389180848,0.1603543606156261,0.1287376225979997,0.16041699866171513,0.1676958836039816,0.15011461978221163,0.14167416486080703,0.1754114735762179,0.13119636027620343,0.13766326530404985,MOFA,0.1485538093170621
GE-MI-CNV,0.13236320004404653,0.15272096433279825,0.13202426155292601,0.1518500540711345,0.16058457250283342,0.14633645584508623,0.1247961273903046,0.14087890985676646,0.13310593083134856,0.1300520687025199,LRAclst,0.14047125451297643
