,SNF,PP,NEMO,COCA,LRAclst,CC,IntNMF,MOFA,Spectrum,IclusterPlus,Best,Mean
GE-CNV,0.1402367702911803,0.13531160603166997,0.14422234874438242,0.159407493860004,0.1327337362301573,0.13824472190851064,0.13306397451728563,0.13302852911034024,0.13558560321747112,0.12508034183263636,COCA,0.1376915125743638
GE-ME,0.1316974159304752,0.1325383260694083,0.12683857660224546,0.16093682804798257,0.13609877511910928,0.15098208596974075,0.14450944013919906,0.13237710093044538,0.1279008986111775,0.1326377657088722,COCA,0.13765172131286557
GE-ME-CNV,0.14694611665997898,0.1344534177732937,0.1392665041606823,0.14591473857598639,0.14521691191595337,0.15283459469545313,0.16439425243968006,0.144101258441422,0.1447493824921304,0.12732631660905466,IntNMF,0.14452034937636352
GE-ME-MI,0.13715811159873334,0.13488248202686356,0.13121703514096666,0.13874828436768158,0.13595963049250323,0.15248238271508516,0.14738269790618216,0.13225493782450823,0.13520928020456366,0.12291604324122586,CC,0.13682108855183137
GE-ME-MI-CNV,0.1483459163065252,0.14220437975570355,0.1258105821354857,0.15231518956317427,0.14462293355314107,0.14765865463276073,0.15221009794327242,0.1289889858478842,0.13717097596064562,0.12788334493605022,COCA,0.14072110606346427
GE-MI,0.12970408773453934,0.15688142252981982,0.12973340449978202,0.16376080047881605,0.15399166656581217,0.15085973392983734,0.14058430610878897,0.1655411334184864,0.1347058651636793,0.13165959802792143,MOFA,0.14574220184574826
GE-MI-CNV,0.14272070736066186,0.1318822812507498,0.1309842336478199,0.1597539122419437,0.1261894087308909,0.14313214919086284,0.12760294987499474,0.14324570507130815,0.14103773356712102,0.12709824123045685,COCA,0.13736473221668094
