,SNF,PINSPlus,NEMO,COCA,LRAcluster,ConsensusClustering,IntNMF,MOFA,Spectrum,IclusterPlus,Mean
GE-CNV,0.3894084682087067,0.3581987541001144,0.3590620212262988,0.3954621188099185,0.3552453612343615,0.3588488980466309,0.3476145636646772,0.3573585166717189,0.3715866916007252,0.357462119286999,0.36502475128501516
GE-ME,0.3523919693493919,0.3583094557358056,0.3468502307536562,0.3985083622747714,0.3611175692511572,0.3763357028438225,0.3594560552656415,0.3643090221789303,0.344299761549583,0.3586307705204582,0.36202088997232174
GE-ME-CNV,0.3807364818092892,0.3563350357346279,0.3544106330291182,0.3721337527887842,0.3676470157263888,0.3762889208369839,0.3689350142611519,0.3759415666426903,0.3719666879701413,0.360197567180687,0.36845926759798625
GE-ME-MI,0.3538294353075429,0.3595656782840558,0.3500640352660508,0.3739690416382281,0.363353189198807,0.3720184216050853,0.3608094746111675,0.3609229003482727,0.3533279895155605,0.3462181974087196,0.35940783631834894
GE-ME-MI-CNV,0.3777047995652517,0.3669460589842157,0.3472568340506017,0.3824147413499816,0.3695165443294265,0.3707927995743519,0.3598960167955411,0.3574570548332685,0.3622480778730808,0.3565003411575399,0.36507332685132593
GE-MI,0.3530719599914157,0.3893850098998884,0.3527488454372611,0.4337935504567256,0.3702197574713596,0.3746787048415806,0.3662313064540154,0.3987281137359845,0.3643609477908437,0.3569666886231051,0.37601848847021796
GE-MI-CNV,0.3765218034262976,0.3536081060027766,0.3493712942220159,0.3957836001826867,0.3533912132726097,0.3699295937606469,0.3413157464377692,0.3757671411788389,0.36907904526721,0.3595792396777146,0.3644346783428566
