,SNF,PINSPlus,NEMO,COCA,LRAcluster,ConsensusClustering,IntNMF,MOFA,Spectrum,IclusterPlus,Mean
GE-CNV,0.0210817205052452,0.0281706725428253,0.0443553652497104,0.0525420522892835,0.0261920747867503,0.0324710347708226,0.029698868645899,0.0255536826731232,0.0208699651546253,0.0156288294748572,0.029656426609314203
GE-ME,0.0250487216830561,0.0235060809717188,0.0202899189486391,0.0545003878987215,0.0279424176255623,0.0424440774186502,0.0397938050822358,0.0206952565469811,0.0249103768217743,0.0234628255952251,0.030259386859256436
GE-ME-CNV,0.0351893964741002,0.0281585120759224,0.0358860877022194,0.0405267886131276,0.0401478404300777,0.0462889492737052,0.067491731995023,0.0354476851834667,0.0350843351838904,0.0173062831714243,0.03815276101029568
GE-ME-MI,0.0322167019765491,0.0257115083662427,0.02572116047585,0.0268339409278385,0.0262244389503485,0.0474876106149462,0.0433963099427872,0.0219147910727442,0.0306580711468106,0.0154348330056301,0.029559936647974704
GE-ME-MI-CNV,0.0362183729333715,0.0331816420123349,0.0192882076145397,0.0443233450263607,0.0383009452475769,0.0405969614152603,0.0536308276735726,0.0203410531031318,0.0286395255582904,0.0180051283633089,0.03325260089477477
GE-MI,0.0223779966580052,0.0469717366324037,0.0223835719596481,0.0411052973100926,0.052711130213488,0.04289871430263,0.0310634898758384,0.0530003411448048,0.0239086368103636,0.0240585156436494,0.03604794305509239
GE-MI-CNV,0.0288989375904052,0.0265251560425498,0.0280872639393369,0.0500017822210888,0.0187114791767867,0.0368634400538174,0.0259615355457779,0.0320334964281453,0.0317052115815917,0.0173838845150025,0.02961721870945022
