,SNF,PINSPlus,NEMO,COCA,LRAcluster,ConsensusClustering,IntNMF,MOFA,Spectrum,IclusterPlus,Mean
GE-CNV,0.0083245564192706,0.0123368418239666,0.0216258628228485,0.0116377645406126,0.0114230776296816,0.0125772859907611,0.02718432783062,0.0052406185737056,0.0133026005866121,0.001799217785918,0.01254521540039967
GE-ME,0.0283321483383917,0.0101269387300989,0.0384383183071935,0.0317474168881378,0.0154215732345121,0.0051896285511733,0.0168732856852433,0.0230977861398838,0.0319491671182232,0.0090723946688004,0.021024865766165798
GE-ME-CNV,0.0281905533832103,0.008185728453649,0.0642602354604982,0.0315969614751417,0.0092446715534266,0.0037610074404616,0.0124709818432395,0.0071022695002448,0.0485944764268682,0.0068770771380922,0.022028396267483208
GE-ME-MI,0.0275237858223571,0.0140025776863066,0.0371850778380412,0.0177771764776663,0.0214361438403669,0.0115255953304795,0.0276593311407632,0.0278580234195659,0.0310370343963266,0.0048764312627893,0.02208811772146626
GE-ME-MI-CNV,0.0520606167990197,0.0152992508123105,0.0581146301120259,0.032721495366508,0.0199492128688651,0.0152313358943767,0.0246801590536731,0.0253894129635001,0.0523365150494334,0.0052958311821515,0.0301078460101864
GE-MI,0.0366780917976767,0.036204414013394,0.0439189138779443,0.0187479277734912,0.0404556061303397,0.0310583610375196,0.0399061511731426,0.0304844096420529,0.0200007241452332,0.0021094861171826,0.029956408570797677
GE-MI-CNV,0.0414002929991186,0.0388956604684701,0.058279376358376,0.0225482981926227,0.0279071643990008,0.0216299666758853,0.0450590193466354,0.0111454773643907,0.0516536539933859,0.0058691842153344,0.03243880940132199
