,SNF,PP,NEMO,COCA,LRAclst,CC,IntNMF,MOFA,Spectrum,IclusterPlus,Best,Mean
GE-CNV,0.19888381663230578,0.19082788558110766,0.19719312466343045,0.1793112131277912,0.18795297718482862,0.1914209091885084,0.1875092011985411,0.17412960172574088,0.1777455083401406,0.1700440500969371,SNF,0.1855018287739332
GE-ME,0.20149942478161606,0.2075913863980187,0.1973510809315786,0.19466750248899786,0.1915572903824292,0.19464127107146645,0.17863463606525107,0.18391445713884957,0.20439670511407462,0.18662268435047782,PP,0.194087643872276
GE-ME-CNV,0.1899529563667515,0.21609431313213387,0.21293147913241517,0.18842639410029213,0.19857729091925624,0.19806904358316624,0.17835570321170147,0.18302936534600336,0.1980857478552047,0.1743695681033435,PP,0.19378918617502683
GE-ME-MI,0.190336092738931,0.19557216609534378,0.1892552823271242,0.19950959217127517,0.19296911710545417,0.1951442248492392,0.1824776603660684,0.18644946187351183,0.20655254811608462,0.17761510619367268,Spectrum,0.1915881251836705
GE-ME-MI-CNV,0.19068567367076972,0.21095558882042442,0.1852324500432482,0.18932903320078165,0.20022373632952958,0.2008031520172965,0.18349708729582803,0.18227566841136741,0.20772620071904765,0.17186769741010163,PP,0.19225962879183947
GE-MI,0.1877246256500669,0.19400589160044665,0.18246571897166605,0.19448525039103082,0.19042920764872925,0.1974509931002467,0.19196289924631604,0.19384907492986392,0.19277377422408626,0.18507214542120232,CC,0.1910219581183655
GE-MI-CNV,0.18925627350699692,0.21053867500042125,0.19835402107957276,0.19217529339654635,0.19575776197971761,0.197000159191182,0.17634326747292864,0.1766153781257761,0.21338008489525284,0.17199701272793658,Spectrum,0.19214179273763313
