,SNF,PP,NEMO,COCA,LRAclst,CC,IntNMF,MOFA,Spectrum,IclusterPlus,Best,Mean
GE-CNV,0.2009272906581867,0.1771448835138251,0.19212782620585908,0.18050614658061623,0.17856664091079597,0.1798290497281689,0.18726501164045603,0.18198440984970646,0.1808531491015332,0.16865604525334146,SNF,0.18278604534424892
GE-ME,0.20243883858492392,0.18479162011202319,0.20293267519135447,0.19621656653927844,0.1914832460873259,0.181355568013398,0.18313535392166924,0.19004963441524061,0.1986738647388994,0.1839839017937419,NEMO,0.1915061269397855
GE-ME-CNV,0.19518685617781817,0.182434786533093,0.21543116431718204,0.19523330351824564,0.18180045217277577,0.18918675083661896,0.18095111549371698,0.17870881456033016,0.20760893956685278,0.17614759267121913,NEMO,0.19026897758478525
GE-ME-MI,0.2009556356475327,0.1879365665842552,0.20280757303985983,0.193889160043371,0.196684895021223,0.1855728871197471,0.1920201304547479,0.19492412473954612,0.19581993620074256,0.1774433974629659,NEMO,0.19280543063139916
GE-ME-MI-CNV,0.20601055583027847,0.18760144096726897,0.21024006802577375,0.19685334338749164,0.19238840944843036,0.19571516592347848,0.1910786967908327,0.18757428197937562,0.21168612828713407,0.17759798361638612,Spectrum,0.19567460742564502
GE-MI,0.19529445242532417,0.1937947641990714,0.19968328295062157,0.20004969941643602,0.20175219301939065,0.19258463715303528,0.19691241670799695,0.18967566120013565,0.1907928655790289,0.16896499452803596,LRAclst,0.19295049671790765
GE-MI-CNV,0.20341983841821362,0.19624642185565763,0.21033141764823315,0.19016308707997154,0.19576921982813145,0.18774321653443904,0.20036654706876564,0.17829889287732117,0.20583525319045806,0.17290972898108983,NEMO,0.19410836234822815
