,SNF,PP,NEMO,COCA,LRAclst,CC,IntNMF,MOFA,Spectrum,IclusterPlus,Best,Mean
GE-CNV,0.20080529741771305,0.1772882824882692,0.19211764425551406,0.1774786697176929,0.17712998063240618,0.1797845189569691,0.18767427568290876,0.18018742579166624,0.180784159144304,0.17051089408205536,SNF,0.18237611481694987
GE-ME,0.19427721002609824,0.17861179025067223,0.182355700725677,0.19062140820321694,0.18917903462288965,0.20879888269941285,0.18923193430336682,0.17973098115853225,0.17857438227555247,0.16977346899960125,CC,0.186115479326502
GE-ME-CNV,0.19186305230134462,0.20000074468907691,0.20624460967159133,0.18606833285411936,0.19595698031691813,0.20452748019326913,0.19907714215838015,0.17967943757965735,0.19816150591522122,0.17243899844408717,NEMO,0.19340182841236656
GE-ME-MI,0.18432743995729584,0.18610783271661116,0.17746318199387714,0.1935365042843753,0.18497589654488497,0.20813451609130784,0.18594823330906263,0.1867090235563701,0.18053322694124208,0.17071092187919348,CC,0.18584467772742205
GE-ME-MI-CNV,0.19519317987853269,0.19555072739070298,0.20588199192709422,0.19577835295030643,0.19445156013374132,0.2088714589397883,0.2038806649601701,0.18729719310888562,0.19750661506639364,0.17167277352789867,CC,0.1956084517883514
GE-MI,0.1901485154413006,0.19215243365635012,0.19259715290242152,0.20165020773805362,0.19558640492985155,0.1882062156669431,0.19270589256001958,0.18421351212550918,0.2007430969902787,0.16886988568473735,COCA,0.19068733176954653
GE-MI-CNV,0.1971331278473345,0.1999535038257859,0.20731287773036108,0.19578904402130057,0.2065892596478546,0.1932193135764434,0.20781935156181588,0.18286262826273805,0.20198094510624195,0.17031869082312404,IntNMF,0.19629787424030004
