,SNF,PINSPlus,NEMO,COCA,LRAcluster,ConsensusClustering,IntNMF,MOFA,Spectrum,IclusterPlus,Mean
GE-CNV,0.5814372116612153,0.5079998090836904,0.5344397018010814,0.5183938100887856,0.5134377501693528,0.5151470334642461,0.5128657130587995,0.5346862314760117,0.5170571540482233,0.5008466395683934,0.5236311054419799
GE-ME,0.5504274729667096,0.5334513739255335,0.536916200865543,0.5299828762602574,0.542893001268858,0.5324423668009175,0.5176127139439173,0.5270147976808048,0.5355552610524204,0.5327702478341969,0.5339066312599157
GE-ME-CNV,0.5323551812566863,0.5300533801311266,0.5327139203927647,0.5273578470112386,0.5266416552676993,0.5575213695535755,0.5185851436910168,0.521554449941616,0.5348773954113433,0.5140262736255259,0.5295686616282593
GE-ME-MI,0.5478889707005102,0.5355128801263065,0.5383580762220752,0.5463760138690035,0.5477718155669467,0.533177661828867,0.5248301854196091,0.5325346641938927,0.5300951536371589,0.5208046565215982,0.5357350078085968
GE-ME-MI-CNV,0.525797010960748,0.5323719990283837,0.5281552343479292,0.5303383075281902,0.538330263373751,0.5546183239537387,0.526810627848195,0.5164503679930692,0.5406226729266919,0.5203419340174678,0.5313836741978165
GE-MI,0.5201066043359349,0.516927178047988,0.5211663453671054,0.5611273395762447,0.5304723564997968,0.5211698242540552,0.51971075060569,0.5144066328799253,0.5332153968728898,0.501232745661339,0.5239535174100969
GE-MI-CNV,0.5342080094093997,0.5193819990423001,0.5281621600875217,0.5284469015043796,0.5344360110496036,0.5224473037505459,0.5212286554039334,0.5133825941493406,0.5259164917834187,0.5063013055429103,0.5233911431723354
