,SNF,PINSPlus,NEMO,COCA,LRAcluster,ConsensusClustering,IntNMF,MOFA,Spectrum,IclusterPlus,Mean
GE-CNV,0.0130201038940742,0.0110979996338184,0.0203179139936474,0.0114868651124504,0.0108390949333535,0.0117628297294995,0.0217449940319486,0.0060263794994021,0.0121996926697642,0.003322278405713,0.01218181519036713
GE-ME,0.0285568944496705,0.0107965476804371,0.0334435064013268,0.0269194064694401,0.0161351637586076,0.0064347086881032,0.0149200621358471,0.0200363194250332,0.0285171660460546,0.0101090628782284,0.01958688379327486
GE-ME-CNV,0.0250148338935579,0.0090652510145035,0.0493193370982833,0.0267451020683566,0.0095150296972014,0.0062778755158198,0.0117972209468946,0.0074697242391296,0.0393549468623469,0.0075394272500393,0.019209874858613286
GE-ME-MI,0.0274541504197307,0.0142942419401525,0.032879565059463,0.0175142897834433,0.0208467256563554,0.0120154041998947,0.0235708748038714,0.0243796866051798,0.0263276205687422,0.0066491046045101,0.02059316636413431
GE-ME-MI-CNV,0.0401740397310676,0.0151330730611127,0.0444503396173661,0.0275002272677767,0.0188857521026749,0.0172958379223201,0.02174530347063,0.0208830649815575,0.0420991968852769,0.0071561856495391,0.025532302068932162
GE-MI,0.0290986611423609,0.0282527005358322,0.0339645896068151,0.0202738308995722,0.0343286164280354,0.025525726167531,0.0311203483451582,0.0241359410784287,0.0191624757189637,0.0035527518055863,0.024941564172828373
GE-MI-CNV,0.0346512128461225,0.0304616060562027,0.0445527164988017,0.0194940615429123,0.02496448403579,0.0191523791768859,0.0348119664557281,0.0103686071182322,0.0399356137945696,0.0065586971850248,0.026495134471026978
