,SNF,PINSPlus,NEMO,COCA,LRAcluster,ConsensusClustering,IntNMF,MOFA,Spectrum,IclusterPlus,Mean
GE-CNV,0.0518467678109652,0.0594727211235983,0.0681478319881952,0.0346187246810526,0.0640392655723331,0.0529989641602956,0.0565698541045298,0.0441646543780326,0.066749540035399,-0.0064587198663801,0.049214960398802125
GE-ME,0.0754649949581563,0.0562335833768234,0.0767169152648088,0.0386805733970577,0.0518932028657033,0.0717017179131208,0.0719805529125407,0.0719647151224517,0.0587330234901503,0.0039896667745656,0.05773589460753786
GE-ME-CNV,0.0693258036285489,0.0958964541195092,0.0824555130111794,0.0607171253695954,0.0830088460980409,0.0971424573836714,0.0806661662068965,0.0484440061403378,0.0861416118516223,0.0062788960544378,0.07100768798638396
GE-ME-MI,0.0696377090936306,0.070686409588259,0.0740832751867004,0.0296618441288428,0.0346808796305283,0.086546967229729,0.0686392905879396,0.0941786531853927,0.0674772580702023,0.0145470749773825,0.061013936167860716
GE-ME-MI-CNV,0.0670829948973336,0.0628421212120353,0.0618135059575706,0.0432711947991185,0.0656317887913576,0.0609288421720287,0.0722748798131328,0.0489189489465532,0.0601039984318764,-0.0044353687586365,0.053843290626237016
GE-MI,0.0385487906477002,0.0378868231749276,0.0422192890528942,0.0194733367118558,0.0217350930445637,0.0529938459479024,0.0580116371466255,0.0223672461578165,0.0248551749849054,0.0080029483751117,0.0326094185244303
GE-MI-CNV,0.0636521304084209,0.0398862630179308,0.0597114052000415,0.0354914625087262,0.0455140152648216,0.0393812158066513,0.0368843473147066,0.0382423694065666,0.0366141663051251,0.0045604766759495,0.039993785190894006
