,SNF,PP,NEMO,COCA,LRAclst,CC,IntNMF,MOFA,Spectrum,IclusterPlus,Best,Mean
GE-CNV,0.14675299266541436,0.1514459748990236,0.1625892758217973,0.14524586976503884,0.1554081319064242,0.1506167638571009,0.13461383803872148,0.11886228778777945,0.15579459979810642,0.09019480066213693,NEMO,0.14115245352015435
GE-ME,0.16096014845967344,0.15620204241997804,0.16740977130751067,0.12770374705401383,0.14643981589688862,0.14613211815272986,0.1461938056390358,0.13746584655087962,0.14935831902731464,0.09858748535740273,NEMO,0.1436453099865427
GE-ME-CNV,0.1557161805188635,0.1754796971428938,0.16569093433686108,0.15263515913399026,0.16114454801900788,0.14286533173698143,0.1417297053369767,0.1723488712677058,0.15363988181099383,0.09444152814276992,PP,0.15156918374470443
GE-ME-MI,0.1498701420834345,0.1515047431626694,0.1504513153053433,0.12419317005899606,0.15659122141076026,0.15568191757024682,0.1457593793293561,0.13976115996323024,0.14381313237025692,0.0906447216069804,LRAclst,0.14082709028612742
GE-ME-MI-CNV,0.14734526262889588,0.15015605379839717,0.14013293192410392,0.13574882844545957,0.1457330155573943,0.13404251779011703,0.13343602184894543,0.14474176136397462,0.15647148920449036,0.09940574759510967,Spectrum,0.13872136301568877
GE-MI,0.1345921185291902,0.13251973148310286,0.13319365399778318,0.13540245581949514,0.12076839884581982,0.13458212757225382,0.12882172763825728,0.1265018811836384,0.12804618882636437,0.09810504499383088,COCA,0.1272533328889736
GE-MI-CNV,0.1502679297733359,0.13770203713093285,0.15742230032107865,0.1278103704084075,0.1329413082412733,0.13482773467926898,0.14199095635977046,0.12917729769069466,0.13826627217021445,0.09257633375746054,NEMO,0.13429825405324372
