,SNF,PP,NEMO,COCA,LRAclst,CC,IntNMF,MOFA,Spectrum,IclusterPlus,Best,Mean
GE-CNV,0.16348617022812903,0.1620344985521639,0.17117828450038916,0.1427154066797618,0.15374192590499422,0.1695536541816808,0.1497392750015812,0.14597464775064362,0.1583637603650964,0.09101013210688584,NEMO,0.15077977552713262
GE-ME,0.15277193529787444,0.1368542577844342,0.17026385912396155,0.1270449065930258,0.13501204877137277,0.14223628572924574,0.1443810331235129,0.15917500245780844,0.15640306172089105,0.09928207419917585,NEMO,0.14234244648013028
GE-ME-CNV,0.16066355650618633,0.16866925978926184,0.17013207852150405,0.15444845871505006,0.16537220718207404,0.17286377133027467,0.17565675146108087,0.1692764282025422,0.1804270079126936,0.09539358603901131,Spectrum,0.1612903105659679
GE-ME-MI,0.17632450578055636,0.14010133391191903,0.16727225498655732,0.1403886624008915,0.13167712560363104,0.15250210954935414,0.13758658464792,0.15963848016876964,0.17775967772965742,0.10248365459980774,Spectrum,0.14857343893790645
GE-ME-MI-CNV,0.17953277162758596,0.1544719669700945,0.16104920664740738,0.13129398372143253,0.1593122910977056,0.15003302887533293,0.15996479099720654,0.16552400987248436,0.1638791298450497,0.0928989044473158,SNF,0.15179600841016155
GE-MI,0.13503016696802175,0.1386353020464588,0.1337909318399146,0.13839769845372848,0.13512812991977788,0.15751952159310978,0.1304928821127178,0.12884540814341466,0.13611842286602285,0.0896747067705143,CC,0.13236331707136811
GE-MI-CNV,0.16139664537983842,0.15399649113544667,0.15702042717874753,0.12537813568997658,0.15501653015448308,0.15168868149417136,0.17440783905697818,0.14852077585061574,0.14815688305199573,0.09123987133782929,IntNMF,0.14668222803300826
