,SNF,PP,NEMO,COCA,LRAclst,CC,IntNMF,MOFA,Spectrum,IclusterPlus,Best,Mean
GE-CNV,0.14650738655953147,0.14959136454314323,0.1605148253494163,0.12946025953345128,0.15660136076498785,0.1479313922343257,0.14933420947956444,0.14091067278463212,0.15815591377225446,0.08961454904439341,NEMO,0.14286219340657003
GE-ME,0.16700840036876397,0.16120199174437652,0.16811658082112388,0.1461929592005728,0.1572866749644445,0.16873123227078554,0.1639601187691194,0.1728538822997756,0.1566832530400652,0.09881530087182343,MOFA,0.15608503943508506
GE-ME-CNV,0.15960006035303262,0.18795833334496972,0.17476059945201408,0.1581677578229955,0.1740253157245891,0.18950370378818784,0.17403556085785776,0.1425918595211347,0.1797352862811997,0.10079784085088807,CC,0.1641176317996869
GE-ME-MI,0.15958587000339283,0.16915715858864014,0.1664121899672892,0.13293624220432754,0.14009709480605115,0.1825697926880793,0.15983913535361985,0.19489839322104588,0.16214145617869283,0.10713429990616924,MOFA,0.15747716329173084
GE-ME-MI-CNV,0.15721894440312204,0.1580411703145822,0.15530941704980358,0.14121695564127634,0.16197247612642895,0.1592719821016337,0.16373179789410566,0.14475610349667353,0.1564256145263424,0.09122497823504482,IntNMF,0.14891694397890134
GE-MI,0.13503527170940943,0.14571436703183735,0.1419881620547304,0.1386236409231615,0.1290585333881335,0.15392363131254258,0.15183701926317458,0.12582006405941987,0.12028125041518867,0.10073460623457431,CC,0.13430165463921723
GE-MI-CNV,0.15669096662308013,0.13213344966471166,0.15403457931783085,0.13266141648040344,0.13884310101164155,0.1347262307223882,0.130340615732606,0.13281331094207877,0.13344120338813834,0.10110269500347867,SNF,0.13467875688863573
