,SNF,PINSPlus,NEMO,COCA,LRAcluster,ConsensusClustering,IntNMF,MOFA,Spectrum,IclusterPlus,Mean
GE-CNV,0.2944559059378346,0.2918730954548529,0.3019900410264878,0.2797379614578562,0.2979572048073653,0.2910447559197881,0.2895111976149862,0.288132090909575,0.3012461153831255,0.2441992465211599,0.2880147615033032
GE-ME,0.3056821133449293,0.3261035888972265,0.3071722622397397,0.3097471265143554,0.3177859614243091,0.314641706649944,0.3075820772951513,0.3240229457661963,0.2986763797332444,0.2575326213647667,0.3068946783229863
GE-ME-CNV,0.3000813894129356,0.3302402079359443,0.3119417810972514,0.299803287515078,0.3142527106660517,0.3273607027781599,0.3106458657399136,0.2868927404033715,0.3152263181191119,0.2522312804468994,0.30486762841147175
GE-ME-MI,0.3008013786212176,0.3218504665965787,0.3064228838760667,0.2928187311634727,0.3049674154536675,0.3275342519975768,0.3028278194962853,0.3429693831925334,0.3027102402162401,0.2610400309142195,0.3063942601527858
GE-ME-MI-CNV,0.2978368556199323,0.302766458099688,0.2979259851224992,0.2905725492582483,0.304528857655571,0.3018995226100768,0.3026932534669653,0.2896023383496097,0.2958576220535376,0.2442399086277632,0.29279233508638913
GE-MI,0.2842880289461903,0.3112417242852497,0.2943395512821217,0.3307877021906507,0.2875042742717347,0.3044212897677548,0.3014644417760582,0.2879947380566299,0.273752407859353,0.254999168300156,0.29307933267358993
GE-MI-CNV,0.2998805646439032,0.2751425893630245,0.3004720042555277,0.2828725142587274,0.2816940754699167,0.2803561303238214,0.2771326946707187,0.2786390428619328,0.2816520418332937,0.2542423593985876,0.28120840170794537
