,SNF,PINSPlus,NEMO,COCA,LRAcluster,ConsensusClustering,IntNMF,MOFA,Spectrum,IclusterPlus,Mean
GE-CNV,0.0932194859297946,0.0974282770509785,0.1114066030335659,0.074024092461445,0.1078076119152651,0.0997504566228933,0.1019215767191773,0.0904352730662888,0.1064720858982389,0.0311031204784004,0.09135685831760479
GE-ME,0.1198780928032063,0.1012688029590796,0.1204605649588231,0.0901511776903053,0.1021808606033211,0.1198502722492918,0.1123177260996662,0.1225739860106789,0.1126403558968009,0.034923614476138,0.10362454537473113
GE-ME-CNV,0.1093929880176134,0.1377383379794557,0.1298845042476115,0.1139828605843131,0.1248143904096747,0.1440079512027323,0.1307946506267632,0.0924388320196948,0.1378379288728648,0.043883346051327,0.11647757900120506
GE-ME-MI,0.1083185222953303,0.1149345995810827,0.1187304108391005,0.0763281513206671,0.0806429893339576,0.1336281588369321,0.1080502959766347,0.1475471432852115,0.1162368702496361,0.0458157938269057,0.10502329355454584
GE-ME-MI-CNV,0.1067369826921002,0.1085149316320233,0.106188760069341,0.0898071228664622,0.1157567819323583,0.1149875815227956,0.1162272604022189,0.0957470231938577,0.1133152230936132,0.0338703948360077,0.10011520622407781
GE-MI,0.0822689955343378,0.0880145536353347,0.0894056458291752,0.0656098838669781,0.0779362328481021,0.1043557582219705,0.09603497886684,0.0670982079638132,0.0622361684013076,0.0392017020284552,0.07721621271963143
GE-MI-CNV,0.1065402048169163,0.0813714966131797,0.1019203284979233,0.0796202726737567,0.0893212123001863,0.0844413460366919,0.0770048052123927,0.0815585205577369,0.0820574020259962,0.0445052489358989,0.0828340837670679
