,SNF,PINSPlus,NEMO,COCA,LRAcluster,ConsensusClustering,IntNMF,MOFA,Spectrum,IclusterPlus,Mean
GE-CNV,0.2382315358924023,0.2899817736221475,0.2750658638321795,0.1534735139648224,0.1855612471771558,0.2347732194482064,0.2970089385573521,0.0516039679101042,0.2138101399812617,0.0631351179507988,0.20026453183364307
GE-ME,0.3008239459967733,0.3135518316427794,0.3269004188836841,0.2199115904738777,0.2727510150000894,0.3259574569435082,0.3913165577725738,0.2335947708303367,0.3057983359797311,0.2865011591249581,0.29771070826483115
GE-ME-CNV,0.2345497234325048,0.2733256553362524,0.2536829077603185,0.1568201570740283,0.2672553296668249,0.2966628644526985,0.3935470329317316,0.1218438385573693,0.2462572151160005,0.2313522594608446,0.24752969837885735
GE-ME-MI,0.3226094754181231,0.3217984989274861,0.4137069780631604,0.2166691076124009,0.2547442476868975,0.3286250453806211,0.4228666246896813,0.2468487261969748,0.3338684873173586,0.28650405695248,0.3148241248245184
GE-ME-MI-CNV,0.2203108915230644,0.3660050397880521,0.3364931736235567,0.2170588572467677,0.2593113163476693,0.3441652900945766,0.4156033842507369,0.1425598543122666,0.37924580687428,0.1964820358606769,0.28772356499216467
GE-MI,0.3420975464452441,0.4085785257738951,0.3794100100216439,0.1870518591908917,0.314994069942183,0.3639725866365003,0.3955375847063602,0.3277133839475551,0.2989243474067016,0.2929514790555141,0.3311231393126489
GE-MI-CNV,0.2522398688654966,0.2514276509214403,0.4166292888566058,0.1568798853551531,0.1733608541332938,0.2260434142042104,0.2524116814923099,0.1039136043129844,0.3929408561296345,0.0786493632599978,0.23044964675311266
