,SNF,PP,NEMO,COCA,LRAclst,CC,IntNMF,MOFA,Spectrum,IclusterPlus,Best,Mean
GE-CNV,0.31858861235584784,0.36197657309476466,0.3540481623296667,0.24535368000537736,0.27275106199330057,0.3240554398119468,0.3639537346974319,0.14677789486383072,0.30351821402627044,0.16401639056059217,IntNMF,0.2855039763739029
GE-ME,0.388527142920492,0.39954231941327584,0.4079849940125169,0.3051506033312878,0.3585003039859898,0.40422936345570104,0.4417839763634759,0.31889663169027843,0.3925272041061442,0.361251936511006,IntNMF,0.3778394475790168
GE-ME-CNV,0.3239175002777037,0.36608959892822507,0.3438585211491758,0.2533045249678871,0.35269126317712324,0.38044656599169246,0.44861380958368785,0.2151511859673152,0.34540704726963506,0.3173880994001622,IntNMF,0.3346868116712608
GE-ME-MI,0.4053755396186512,0.3943468431682526,0.4751621072584926,0.30314773251135224,0.3419506011657902,0.39532542430487555,0.47033291662816196,0.32998093063368267,0.41603937587940837,0.3610273906442303,NEMO,0.38926888618128974
GE-ME-MI-CNV,0.3091670632581233,0.42873508188525405,0.4088704756138288,0.30794504954236107,0.3451765805029992,0.412794567581243,0.46797133634960764,0.22689242632202067,0.4513173813370335,0.28023616152447794,IntNMF,0.363910612391695
GE-MI,0.4147700849850057,0.4604128817064483,0.44387882301794584,0.2746047170597923,0.3867132090275173,0.4282750861214879,0.45806696753347786,0.39945830911347024,0.3835196882403536,0.36518828294640465,PP,0.4014888049751904
GE-MI-CNV,0.33029722333427164,0.32147288412989666,0.4723737752316353,0.25159584150206055,0.26516067741193083,0.3041779812865912,0.3269586964739865,0.2033514904389007,0.4599214347762503,0.18541183925621918,NEMO,0.3120721843841743
