,SNF,PP,NEMO,COCA,LRAclst,CC,IntNMF,MOFA,Spectrum,IclusterPlus,Best,Mean
GE-CNV,0.3208963711321568,0.40948894051566537,0.355199950857386,0.24976588360497928,0.3264554001249546,0.3404880079335593,0.39240496776220546,0.18878581854457196,0.2955525373900039,0.16757934001890273,PP,0.30466172178843853
GE-ME,0.3881108307062235,0.40563593383865443,0.42866892215668057,0.2685697929265419,0.33854627823061617,0.4164624540835962,0.35469305150762187,0.3819589998174027,0.3557523924935751,0.3525093449943051,NEMO,0.36909080007552175
GE-ME-CNV,0.32521291969109484,0.41130979783411376,0.33946510718016737,0.216628784107361,0.3477283331763521,0.3829488096700803,0.3699556495880265,0.19435945974796406,0.3776693104970828,0.21322711308999312,PP,0.3178505284582236
GE-ME-MI,0.43531796809113565,0.40690706302246366,0.46209144592941626,0.2545754715277185,0.38189392294548935,0.37749203279369853,0.34564725638149363,0.35267364702568244,0.4057927688600809,0.34832580946291536,NEMO,0.37707173860400944
GE-ME-MI-CNV,0.35069338898164476,0.4936133962293954,0.4236984030801983,0.2297455376464319,0.36398037412472956,0.4236395895377174,0.43790617093507017,0.31486011873156955,0.440847696318085,0.19531610244933026,PP,0.36743007780341724
GE-MI,0.39532077626785206,0.4182996657874673,0.4264687046116679,0.27087672911289834,0.4085809736007408,0.39038022935288574,0.41685167478506635,0.27119597167976256,0.3846544193134324,0.29292256732928623,NEMO,0.36755517118410597
GE-MI-CNV,0.36514335768169365,0.45920221618609297,0.4707381299551245,0.24637378259691878,0.400171651065449,0.3899093443469345,0.4392396176728777,0.2835090977566813,0.46562782533200037,0.17817948024902044,NEMO,0.36980945028427936
