,SNF,PP,NEMO,COCA,LRAclst,CC,IntNMF,MOFA,Spectrum,IclusterPlus,Best,Mean
GE-CNV,0.3218617711284624,0.3367377775370333,0.3285112223075384,0.2159631812797851,0.3287659020727095,0.3148723069097466,0.2069753353365276,0.29165876449710443,0.29809979047027163,0.16204219178978738,PP,0.2805488243328966
GE-ME,0.38049864453904814,0.3332598669598356,0.3949041677294911,0.28347371308879254,0.31916413151542805,0.33071723435301953,0.38240961191005646,0.3683969997551953,0.3820425493266974,0.39402943904925875,NEMO,0.3568896358226823
GE-ME-CNV,0.3272684426546179,0.3259170614478475,0.3396512137004552,0.2820937952486708,0.31133927441799936,0.31096862324793517,0.3713024410485979,0.29467606340213665,0.33804630141224773,0.2867727779370797,IntNMF,0.31880359945175885
GE-ME-MI,0.3538696471935588,0.34218548098086005,0.3679762773635124,0.25777708915485675,0.33562655649051387,0.3199179502130947,0.39170512638943616,0.3780166240101272,0.3183964411020911,0.39464504744906675,IclusterPlus,0.34601162403471175
GE-ME-MI-CNV,0.29325097129072497,0.35873594317872026,0.35361578920692954,0.2838420929313906,0.3329512445884335,0.34994284724977476,0.420317983609319,0.332106397915867,0.37905999556674375,0.2959786668514881,IntNMF,0.3399801932389392
GE-MI,0.32417394265102534,0.33216109971139135,0.31834413762774455,0.26337064956281275,0.32040439036814206,0.3285207714735836,0.42167235010720017,0.28843402379156297,0.307779445856482,0.39168028685047435,IntNMF,0.32965410980004195
GE-MI-CNV,0.31677494792662664,0.35648115168427,0.3553186467823622,0.24179120015999,0.3236755611470896,0.36209791154357474,0.24345187252595454,0.27388655572143644,0.3619633305428456,0.1814209338528405,CC,0.301686211188699
