,SNF,PINSPlus,NEMO,COCA,LRAcluster,ConsensusClustering,IntNMF,MOFA,Spectrum,IclusterPlus,Mean
GE-CNV,0.4520012859164022,0.4813332505329516,0.4660176531161188,0.3769895475521984,0.4031341979661856,0.4435014586440845,0.47098625232796,0.3152317786761962,0.426683310810335,0.3374928066901507,0.4173371542232583
GE-ME,0.496308889799682,0.4956668079101528,0.5067332199410128,0.4216686350447761,0.4648403547454182,0.5051539414548009,0.5437793203308025,0.4339241270595235,0.49474390745253,0.4665859702220198,0.4829405173960718
GE-ME-CNV,0.4474772721980161,0.4648328633676415,0.449865630179795,0.3837226060209519,0.4561969786185966,0.4868709730930199,0.5468781119601397,0.3550605468582572,0.4537360810071703,0.4336245543477003,0.44782656176512886
GE-ME-MI,0.508578096148033,0.493709649031713,0.5643117075883783,0.418251786308824,0.4513846172291179,0.4994662297337512,0.5664740914752618,0.4392516337603703,0.513367224730274,0.4648113717971701,0.49196064078028934
GE-ME-MI-CNV,0.423904177509216,0.5243637390698167,0.5098191258024862,0.4248532080138963,0.450232609631197,0.5136770879219373,0.5627502602035762,0.3669422937577501,0.5431542690699782,0.4142689257291485,0.4733965696709002
GE-MI,0.5122135010292909,0.5573857699898278,0.5386708938292096,0.4008274632764049,0.4881551109664482,0.5262821170483051,0.5475656601091244,0.4981485827153193,0.4876875949074327,0.4705073942774498,0.5027444088148814
GE-MI-CNV,0.4531193251207341,0.4474673088975446,0.5641593480932034,0.3808398295115479,0.4032250611607303,0.4250707221248536,0.4381858430156161,0.3654030715463397,0.5522666490221572,0.3583075782966859,0.43880447367894126
