,SNF,PINSPlus,NEMO,COCA,LRAcluster,ConsensusClustering,IntNMF,MOFA,Spectrum,IclusterPlus,Mean
GE-CNV,0.265533015258739,0.314614695129195,0.3210609700407016,0.2055979784991112,0.2295577408365603,0.2938916413435494,0.3238660132069836,0.0734979380051918,0.2700611912872146,0.091421247040827,0.23891024306480735
GE-ME,0.3684485929650208,0.3894083186868954,0.390321343212854,0.2738715844752095,0.3379095422124617,0.3815766919687939,0.3902560509870513,0.2891709971809751,0.3770393688861716,0.3306686801860401,0.3528671170761474
GE-ME-CNV,0.2897255052025904,0.3601102780807811,0.328027025507414,0.2193708118086811,0.3346214812459482,0.3578058604293589,0.4054162838591925,0.1685491724863191,0.3362278456857343,0.2871874843919417,0.3087041748697961
GE-ME-MI,0.3849390472897975,0.3675323815455586,0.447467636123939,0.2745223036128318,0.3197229385813551,0.3578849978002542,0.4216580337195428,0.303842431943703,0.4008824155905927,0.3317667431830407,0.3610218929390615
GE-ME-MI-CNV,0.2832861207420896,0.3958364667978934,0.3802991274154434,0.2819230833664193,0.3259858155301314,0.3805413247272151,0.4255603645945097,0.1711751308960453,0.4315520680668422,0.2299575229836084,0.33061170251201977
GE-MI,0.3899992074804823,0.4152743493556221,0.413555565202984,0.2359348287120803,0.3569904461739208,0.3945705546796585,0.4310976577849488,0.3725129606775362,0.3639471224069265,0.3321059755062502,0.370598866798041
GE-MI-CNV,0.2855324760165842,0.265523692570705,0.4363326887450967,0.2170678096394807,0.2188961169417684,0.2614198075307096,0.2902785649140334,0.140737795457378,0.4345567991769593,0.1192785762119739,0.26696243272046893
