,SNF,PINSPlus,NEMO,COCA,LRAcluster,ConsensusClustering,IntNMF,MOFA,Spectrum,IclusterPlus,Mean
GE-CNV,0.065654829084745,0.0548529706600609,0.0814764394023958,0.0412698658164911,0.0500827557011947,0.0508365641826561,0.0681967433435333,0.0197590395390759,0.0326133658283442,0.0067551067422414,0.04714976803007384
GE-ME,0.4011324043185357,0.9323379421936836,0.3109257074843841,0.458074980320332,0.9608508022228596,0.969513779901247,0.8765965088726733,0.9608508022228596,0.966626120675118,0.1908472373015391,0.7027756285513231
GE-ME-CNV,0.1157121314848792,0.9381063912227188,0.2284223933759677,0.516395761168626,0.9673537876836652,0.9673537876836652,0.89084264594985,0.1344184688727702,0.7659622180079297,0.4832214021523507,0.6007788987602423
GE-ME-MI,0.205094141516552,0.930128897938104,0.1435963866691859,0.4022049377091831,0.9608783120071938,0.9702152238835244,0.8496349206521788,0.9608783120071938,0.9455285166790344,0.3865836592882582,0.6754743308350408
GE-ME-MI-CNV,0.1380997942392749,0.9409877520142648,0.1715520367239697,0.4601914967240462,0.9679504229981064,0.972671618116394,0.9006194308803369,0.5155683725789313,0.3410301988070487,0.3872825906131872,0.5795953713695561
GE-MI,0.0551200310723568,0.068591368499267,0.0635396856575665,0.0414450528099393,0.0605596163130222,0.0498673553560021,0.0663428748751128,0.0639764208470172,0.0517137583424132,0.0367433722488813,0.05578995360215784
GE-MI-CNV,0.0813188923955202,0.057899046288097,0.0775110615907253,0.05302793428406,0.0596060239545917,0.0494906975158528,0.0656821203122344,0.0197769550003484,0.0549010867105773,0.0054694247522491,0.05246832428042562
