,SNF,PP,NEMO,COCA,LRAclst,CC,IntNMF,MOFA,Spectrum,IclusterPlus,Best,Mean
GE-CNV,0.23927970932471984,0.21665937938189694,0.22980960327511726,0.20903424785354754,0.21972642196019973,0.22754881287432385,0.22519329053723444,0.19375612689054145,0.21910481748513014,0.1763836186112209,SNF,0.21564960281939322
GE-ME,0.21857504389825536,0.2213700499761496,0.22876389171533187,0.20720435068357704,0.22738214642385024,0.22720750775082044,0.2319343988225964,0.22454296833611428,0.21776177765551943,0.17420681495309484,IntNMF,0.21789489502153092
GE-ME-CNV,0.2518862737411352,0.2061665474665629,0.2304440203714594,0.19980623184204957,0.21225754582708292,0.21859592581997098,0.20977209063472277,0.18356462845496227,0.2155140108492968,0.19072245651120912,SNF,0.21187297315184522
GE-ME-MI,0.2197966633945901,0.2381519146619934,0.22364632041991764,0.21294329133103532,0.22153068251694075,0.2241964399851478,0.2363907208921506,0.21085370278554563,0.21631960254081917,0.17039761230136932,PP,0.21742269508295098
GE-ME-MI-CNV,0.2332346218294179,0.22247778697826173,0.22340624235081885,0.20030103640885935,0.2279847756219974,0.21699246135416464,0.2178999610095759,0.1890121607804024,0.21367435954829284,0.17313962290466234,SNF,0.21181230287864533
GE-MI,0.2113733820601917,0.22056001698094976,0.2173894778489481,0.20927175549132623,0.21554447575783195,0.21116663225524276,0.21741393005205142,0.21834898428588276,0.20728938244478176,0.17464169881948907,PP,0.21029997359966957
GE-MI-CNV,0.23035503763475393,0.22409633080964766,0.21719166356604433,0.20858943711860692,0.21916306522912388,0.2103237524539829,0.22859377872552225,0.20236528337804857,0.21455793046034102,0.16938176091939494,SNF,0.21246180402954665
