,SNF,PP,NEMO,COCA,LRAclst,CC,IntNMF,MOFA,Spectrum,IclusterPlus,Best,Mean
GE-CNV,0.24382849688101724,0.2101621464653359,0.2324188671082709,0.2074553759229664,0.21333045309671697,0.2247391608027324,0.21864558702282735,0.19719071753346426,0.2182572040434628,0.1750655542820603,SNF,0.21410935631588549
GE-ME,0.47480183916219626,0.9273016798013177,0.40191092106012866,0.5425759606526225,0.9550419614359905,0.9641494180173101,0.877315859584817,0.9550419614359905,0.9611135991568703,0.3249131700113241,CC,0.7384166370318568
GE-ME-CNV,0.27410156857101675,0.9317707566587393,0.3427037856577557,0.5939053799923497,0.9616334769372799,0.9616334769372799,0.8882311543596892,0.2774341221507765,0.7855919236302894,0.5644161321011546,"LRAclst,CC",0.658142177699633
GE-ME-MI,0.3349069052564266,0.9257504221958076,0.2768108309339797,0.5053574122018993,0.9553903569444251,0.9651248977780686,0.855126124145318,0.9553903569444251,0.9407295407246367,0.4865417249578054,CC,0.7201128572082792
GE-ME-MI-CNV,0.2808131203818521,0.9351171198356806,0.2956926039647017,0.5535414213573036,0.9629500391557259,0.9671418528873418,0.8980658495205621,0.5861094971272389,0.4554191147897641,0.48495452736403305,CC,0.6419805146384204
GE-MI,0.21444158890984352,0.2225770800539938,0.2199081382230372,0.21429845465039313,0.21618616240104205,0.21245052857997568,0.2178717673367341,0.21885575644796065,0.2107906041984914,0.19654140178453128,PP,0.21439214825860028
GE-MI-CNV,0.23780250353205912,0.21122699022644698,0.22653644428253752,0.21615659158478875,0.21443792117434235,0.2197851659570926,0.21630374935550747,0.19226531395410795,0.21565104887634878,0.17686016200097202,SNF,0.21270258909442036
