,SNF,PP,NEMO,COCA,LRAclst,CC,IntNMF,MOFA,Spectrum,IclusterPlus,Best,Mean
GE-CNV,0.2461178710621008,0.22796302410623878,0.24198086511824993,0.2165288929487055,0.2150651339224189,0.21112547220253122,0.21253006224261872,0.1940818930033427,0.2293708927162873,0.1747163752234846,SNF,0.21694804825459785
GE-ME,0.7302060320483971,0.23639266849835652,0.6021257551380178,0.5533549940729964,0.2265033944529229,0.22146204251931892,0.9550419614359905,0.9536244989471981,0.9702076752374419,0.32598480165285904,Spectrum,0.5774903824003499
GE-ME-CNV,0.2801886975768195,0.23280293986525633,0.3926741569107672,0.3871177395419609,0.2273813181312806,0.21105331887779746,0.9616334769372799,0.6169577789096562,0.9328829714612797,0.5656560771397978,IntNMF,0.4808348475351895
GE-ME-MI,0.2733036446167708,0.2342708190104832,0.274965110621126,0.4252217902139675,0.23044865527345393,0.22009015751843733,0.9553903569444251,0.7957745367884271,0.5635336110923137,0.48517808518022315,IntNMF,0.44581767672596284
GE-ME-MI-CNV,0.24938011371372734,0.24108466953378282,0.2829673772022439,0.35328446396815183,0.24106813116165182,0.21263899605714218,0.9654891126047477,0.5592172161887046,0.4132484829764404,0.40948557829448823,IntNMF,0.3927864141701081
GE-MI,0.20960297263299799,0.2202973700053631,0.21298342674549472,0.19808661873280856,0.21619598011638988,0.21439042645849268,0.22258142750576101,0.22818247127807578,0.20508004370838492,0.19815268776797623,MOFA,0.2125553424951745
GE-MI-CNV,0.2177712667606252,0.22355524279935976,0.22166320857148594,0.20872799172215517,0.21817773838437415,0.21454556265021044,0.2096670809284201,0.1963432397106737,0.22095311911044682,0.1747494031414805,PP,0.21061538537792318
