,SNF,PINSPlus,NEMO,COCA,LRAcluster,ConsensusClustering,IntNMF,MOFA,Spectrum,IclusterPlus,Mean
GE-CNV,0.5868388029625178,0.531521114371291,0.5491607137756722,0.544382252336708,0.5440841643734036,0.5687927304641074,0.5345930132705592,0.5531678842457243,0.5767398799570652,0.510213434509196,0.5499493990266244
GE-ME,0.7009970760808406,0.9660547726883262,0.6543433486197359,0.7373729552795565,0.9803546120522836,0.9847013847119376,0.9381596236737936,0.9803546120522836,0.983252460492053,0.5972730583238033,0.8522863903974613
GE-ME-CNV,0.5894566211770151,0.96894013998096,0.6173007359518223,0.7654971804763999,0.9836161317134346,0.9836161317134346,0.9452597193873832,0.5933332229776928,0.8838439475018642,0.74167108691973,0.8072534917799736
GE-ME-MI,0.6194337652719605,0.9649395341481062,0.5746100996987187,0.7133062038895636,0.98036318134964,0.9850493586386078,0.924707052603982,0.98036318134964,0.9726646993552824,0.6974808739730237,0.8412917950278525
GE-ME-MI-CNV,0.5840239757325021,0.970379445789314,0.5847253817322472,0.7401711324073734,0.9839136481993044,0.9862805674373848,0.9501524811377328,0.7729013353383956,0.7062999043776925,0.6928001414195222,0.7971648013571468
GE-MI,0.5414760951524057,0.54313922027082,0.5433615130145741,0.5594735303493216,0.5380417427421607,0.543904273057694,0.5350889330719726,0.5403097345862609,0.5376099871159143,0.5216330602307196,0.5404038089591843
GE-MI-CNV,0.5597688772037295,0.529850688520981,0.5410202855866689,0.5508916414074896,0.5351368394497596,0.5597482244869829,0.5321153141385735,0.5373382416706469,0.5439495413149799,0.5174474534002199,0.5407267107180032
