,SNF,PINSPlus,NEMO,COCA,LRAcluster,ConsensusClustering,IntNMF,MOFA,Spectrum,IclusterPlus,Mean
GE-CNV,0.0789918585957889,0.0441123543646557,0.0666194481467447,0.0367140096157001,0.0458244392155527,0.0545881877614338,0.0531470044543896,0.0186452288155926,0.0454183663449789,0.0082281215947436,0.04522890189095806
GE-ME,0.3222760370872126,0.8835123245219434,0.2404637070762661,0.432279946357979,0.9239204700328284,0.9382330894387458,0.817191446207984,0.9239204700328284,0.93346221630344,0.1866192144086299,0.6601878921467856
GE-ME-CNV,0.1171359530511559,0.8882657387725391,0.1823882276454771,0.4998231983320232,0.9339305114147394,0.9339305114147394,0.8285910977418347,0.1045506746018665,0.7069696053810742,0.4683559072313829,0.5663941425586831
GE-ME-MI,0.1801928089807671,0.8821828345012127,0.1122260064340344,0.4005610950069512,0.9249295774764416,0.9401101108120736,0.7910363991797935,0.9249295774764416,0.9039954061395928,0.3755606416121343,0.6435724457619443
GE-ME-MI-CNV,0.1203155911737793,0.8939841617034634,0.1308003934378883,0.460261634940491,0.9369860462697666,0.9424733731082464,0.8434256365436166,0.46985878346439,0.318927241184551,0.3747808500593898,0.5491813711885581
GE-MI,0.0467286405047681,0.0560006513918944,0.0528232159969709,0.0419767807919186,0.0499571281479433,0.043579957326231,0.052183494063117,0.0522811139106039,0.0430480671371467,0.0312477728739929,0.046982682214458685
GE-MI-CNV,0.0723197409969277,0.0459312358702629,0.0610779856702184,0.0445501990628167,0.0485709001186757,0.0501165758684421,0.0511138136157146,0.0196807451913285,0.0481025186034892,0.0076636078504471,0.044912732284832294
