,SNF,PINSPlus,NEMO,COCA,LRAcluster,ConsensusClustering,IntNMF,MOFA,Spectrum,IclusterPlus,Mean
GE-CNV,0.1982244285477462,0.2145118619010074,0.2552649223393651,0.1418066950316361,0.1464868373291336,0.2073341013808557,0.1871491743944464,0.1159440693499701,0.2192727293603547,0.0721931532628683,0.17581879728973837
GE-ME,0.2912772478420561,0.1901457324694062,0.2952679943814303,0.1825567955498732,0.1455384926548987,0.2764684369888791,0.2470617814448979,0.2198156819058753,0.2579540770577164,0.0905774442204019,0.2196663684515435
GE-ME-CNV,0.2722506433598316,0.2427711190424503,0.2875867988910018,0.1591911262188885,0.1998224910202587,0.2328345992521872,0.2230731427153564,0.1617380432039872,0.2534777156952464,0.0948338123959049,0.2127579491795113
GE-ME-MI,0.3573124096218371,0.1998065890877169,0.2965431787247151,0.1642418919267387,0.1442170292015994,0.2875481054657262,0.2478829814206774,0.2400191715454489,0.3029373837326987,0.0876609360962553,0.23281696768234136
GE-ME-MI-CNV,0.2969283273902345,0.2440640075783304,0.2677109640347472,0.1630477888962764,0.1997285549222391,0.2350794621224125,0.2142271140181524,0.1572518273250969,0.2746053433768306,0.0270176124596138,0.20796610021239342
GE-MI,0.2539993929644921,0.2699567214930635,0.2605645197804395,0.0810642660612697,0.2686200584302141,0.2727489903933784,0.2425544912276221,0.2415498598731831,0.2524861159026802,0.1117289371102784,0.22552733532366212
GE-MI-CNV,0.2369212482532313,0.1685978271603435,0.2588871120740637,0.112678345313841,0.1347321014420481,0.1880605404443651,0.1931529024188263,0.1296914759395351,0.2217482818471708,0.0299472011590694,0.16744170360524943
