,SNF,PP,NEMO,COCA,LRAclst,CC,IntNMF,MOFA,Spectrum,IclusterPlus,Best,Mean
GE-CNV,0.28388426354405977,0.28989325450689457,0.33839884643434237,0.22928891993568012,0.2253576742809975,0.29198981992102,0.26856814677101054,0.20231558251676188,0.29862256081219546,0.14952743584153147,NEMO,0.2577846504564493
GE-ME,0.37799687135460097,0.2976237575882905,0.3809088572739346,0.2779080989663881,0.24869006882395825,0.3752143799727004,0.3423932594512959,0.3211370961944198,0.3602411791802835,0.1861053567603984,NEMO,0.31682189255662696
GE-ME-CNV,0.35902378889985104,0.33449708318278226,0.36996442170329874,0.25833995311477315,0.29539468605864244,0.32261136251549966,0.3110704808445946,0.2562375216658599,0.34595047662544154,0.18148705734694673,NEMO,0.30345768319576905
GE-ME-MI,0.43517961803284094,0.3048868987726166,0.38863384456147054,0.2652312089084741,0.2472231033083924,0.38182383174266715,0.34424574421598503,0.3405206511619392,0.3917627226211174,0.17808497927454994,SNF,0.32775926026000535
GE-ME-MI-CNV,0.3789464887313247,0.33444047417824424,0.3600903305058148,0.25560430101471204,0.2974576616964651,0.3248016645457976,0.3051004188671547,0.2498620030282769,0.3637015167200784,0.1080954803558335,SNF,0.2978100339643702
GE-MI,0.34178747671523757,0.36230292600036124,0.35365962811344764,0.20757837096082699,0.36190163630077504,0.36859898531562596,0.3362158019696672,0.33187529109111713,0.341917185508451,0.20070086293380318,CC,0.3206538164909313
GE-MI-CNV,0.32325460990830546,0.25341854643649236,0.35272757120507187,0.2070948245724137,0.2235678347406608,0.2745326637622027,0.2798711754967578,0.22060499859520952,0.3120585428956886,0.11234452302928223,NEMO,0.25594752906420853
