,SNF,PP,NEMO,COCA,LRAclst,CC,IntNMF,MOFA,Spectrum,IclusterPlus,Best,Mean
GE-CNV,0.3185910461044977,0.3520622228153951,0.3338897703510002,0.2036166580534553,0.3410690694165,0.3289721311712515,0.23382051472621965,0.2453431132038988,0.3202238556592907,0.13621436008736412,PP,0.2813802741588873
GE-ME,0.3577096507414675,0.3239402491295107,0.3419960129761963,0.2890651137933806,0.3178257284371675,0.3415414767439923,0.3126402052629645,0.29201476146237487,0.3221919493372319,0.18000714620055744,SNF,0.30789322940848435
GE-ME-CNV,0.3927230777171704,0.3562255317055891,0.3790852804018949,0.25703342419919445,0.3433173801181022,0.3450018777596326,0.341173966753294,0.30957821815140013,0.3668636517766098,0.17689223735554868,SNF,0.3267894645938436
GE-ME-MI,0.36602821091765136,0.3448232606597455,0.3363810807569667,0.2655349811065646,0.3466686098736977,0.33657031789496417,0.31480030792683394,0.3378165168882996,0.35876378235817225,0.1876508317965825,SNF,0.3195037900179478
GE-ME-MI-CNV,0.38664370834240214,0.33639191026414705,0.34816950962350185,0.2313872941647066,0.3186805492641883,0.32423678713008836,0.33100761996871725,0.30771414731459,0.35807727302529596,0.10918860967506093,SNF,0.3051497408772698
GE-MI,0.32153062294340407,0.3364299840682829,0.32047668229468435,0.2317234684408976,0.3441314083187243,0.3360639291519327,0.3432171551682323,0.27875089504667017,0.32542944152998493,0.20128969108053862,LRAclst,0.3039043278043352
GE-MI-CNV,0.3470908849358479,0.33263430180712245,0.3540548126318026,0.2158336712339964,0.3108978224881757,0.32645037203622435,0.2233029086945771,0.2639782259827777,0.3090227722387368,0.10302460655242973,NEMO,0.27862903786016907
