,SNF,PP,NEMO,COCA,LRAclst,CC,IntNMF,MOFA,Spectrum,IclusterPlus,Best,Mean
GE-CNV,0.2971671882099128,0.2871161709067734,0.3406213873852413,0.2132300478666719,0.23683392975861386,0.2889489253618151,0.2654300465785126,0.2362492819392171,0.28027590903288424,0.14625734723540024,NEMO,0.25921302342750424
GE-ME,0.4576333580588136,0.4387007066240553,0.45349079281992816,0.31936314632232293,0.38339501818426264,0.3875290210949352,0.38624807328814287,0.43836871321730825,0.41612272353035973,0.23916179903058019,SNF,0.3920013352170709
GE-ME-CNV,0.4183642549195475,0.38045146384701595,0.40039234666184204,0.2761725906252479,0.323816074940676,0.3479986780322463,0.277625524040173,0.28596331493941957,0.4201724090675518,0.16602524524393494,Spectrum,0.3296981902317655
GE-ME-MI,0.4212496424904633,0.4560102009769447,0.38683244363068825,0.26324793490701465,0.3927418160065754,0.3875529520782222,0.3952788809236365,0.41944714532988153,0.4307618886860487,0.16129593623536803,PP,0.37144188412648427
GE-ME-MI-CNV,0.39478075412481567,0.38505243433965736,0.37657233374281035,0.290629773965356,0.3393879429419608,0.35468553793346264,0.2969306889954771,0.31135384492207335,0.3905255073549158,0.10931575237434654,SNF,0.32492345706948755
GE-MI,0.34748676356310665,0.3557616409536668,0.3498552053777945,0.20486870148975336,0.3250186799447309,0.36645652303296705,0.32227586438104133,0.3024086477381709,0.3318229228097632,0.1014045201859704,CC,0.3007359469476965
GE-MI-CNV,0.32398549220778894,0.2990479300454952,0.3544031218402266,0.2177184955410619,0.25407260252348146,0.28101616742503127,0.2769237701649621,0.22049830775285995,0.29356617633839194,0.09571402031670306,NEMO,0.26169460841560027
