,SNF,PINSPlus,NEMO,COCA,LRAcluster,ConsensusClustering,IntNMF,MOFA,Spectrum,IclusterPlus,Mean
GE-CNV,0.3319737211549162,0.3425580910587989,0.3810892156889786,0.2925158932668577,0.2865133995016394,0.3419678429119533,0.3202806952868925,0.2714676635799303,0.3498395405940736,0.2269447139567547,0.3145150777000795
GE-ME,0.407689181203738,0.3426366552906559,0.4155417909831672,0.3254278855418232,0.2965651178159752,0.4017551463800904,0.380253851229383,0.3616834872234826,0.384144496444021,0.2502300384641326,0.3565927650576469
GE-ME-CNV,0.3922243882269624,0.3699608517600343,0.4111765472515968,0.3050516507483672,0.3374623855751215,0.3623020345318889,0.3506402548928412,0.3070674142907169,0.3784770835850908,0.2447279243260054,0.3459090535188625
GE-ME-MI,0.4646527980694621,0.3515012206838886,0.4278119244466968,0.3119484136381513,0.2946301110797404,0.4087194808012142,0.3812744771565474,0.3802172334987317,0.4193848749908987,0.2469132776227368,0.36870538119880686
GE-ME-MI-CNV,0.4121978641555522,0.3711098596389175,0.4057647522868663,0.3051060645063986,0.3368483258743932,0.3620840172449385,0.3425564583757524,0.302668313175902,0.398116770470993,0.1870190369464379,0.3423471462676152
GE-MI,0.3802434331600073,0.4004776338628432,0.3917805495967384,0.2821950496802244,0.3987717819942066,0.3981587141108403,0.3698400247513634,0.3758371058625187,0.3777040336863034,0.2588108163644486,0.36338191430694944
GE-MI-CNV,0.3608328024463797,0.3060497806414767,0.3946080250624327,0.2652705270179318,0.281208549018325,0.3225937310053632,0.3289580155108264,0.2793446717153485,0.3514422775177234,0.1913451927434932,0.3081653572679301
