,SNF,PINSPlus,NEMO,COCA,LRAcluster,ConsensusClustering,IntNMF,MOFA,Spectrum,IclusterPlus,Mean
GE-CNV,0.3214546409295168,0.3126098105608774,0.3788424012746834,0.2535441715085466,0.2430727860122195,0.3266675154702511,0.2982745706316927,0.2195350146203853,0.3267554124821581,0.1494444403049714,0.2830200763795302
GE-ME,0.4350241850180089,0.3600888850048094,0.4319167864572063,0.3257396158074678,0.3039665960010008,0.4474195565491318,0.3998641456796067,0.3819121194539017,0.438624964039113,0.2175085875966607,0.37420654416069066
GE-ME-CNV,0.4125963351127591,0.3907592787458622,0.4111299189672978,0.3107770823770636,0.348899181580547,0.3726974537624229,0.3594980449255864,0.2999071075028757,0.4058966305959875,0.2048994353189299,0.3517060468889332
GE-ME-MI,0.4835736464072237,0.3633528865462443,0.4415464305129998,0.3195033211605323,0.3028221696438374,0.4492039089610611,0.4035797740707305,0.4013255484416371,0.4529659091397549,0.1996807241046578,0.38175543189886785
GE-ME-MI-CNV,0.4277132746481874,0.3881475553174848,0.4067952751958309,0.2986590496414612,0.355796104292763,0.3772415142700419,0.3585176842075595,0.2896658685838319,0.4183824363124117,0.1102497916614488,0.3431168554131021
GE-MI,0.3911196040212134,0.4164744226451772,0.4086338149631651,0.2594757971409868,0.4183130684779046,0.4348892514426592,0.396252889930016,0.3782389075376496,0.3955614069363694,0.2315628353266826,0.3730521998421824
GE-MI-CNV,0.3720097790253053,0.2856080315076569,0.4046875764787191,0.2433356013854684,0.2547628537616094,0.3129437198368798,0.3175026085606206,0.2527788481307449,0.3629850693221715,0.1157411751852841,0.292235526319446
