,SNF,PINSPlus,NEMO,COCA,LRAcluster,ConsensusClustering,IntNMF,MOFA,Spectrum,IclusterPlus,Mean
GE-CNV,0.0855518510586564,0.0552526078432549,0.1129300108222893,0.0887303752685221,0.0802365908244475,0.0533603414056866,0.0980304862888642,0.0598666197739472,0.0692113140677048,0.0122019242665086,0.07153721216198816
GE-ME,0.183988037435209,0.0956033312789908,0.1762107336918296,0.0784757420309632,0.1281011964902794,0.1454027102414239,0.08093576430609,0.0968096431809925,0.1608610016698461,-0.0002958849712539,0.11460922753543705
GE-ME-CNV,0.1229878990125191,0.0862578717917046,0.1570974121817116,0.089937743788968,0.1173312432923267,0.0797378480439181,0.0824888350275319,0.1159497849346998,0.1203360722743142,0.0023536612628395,0.09744783716105335
GE-ME-MI,0.1236066410109864,0.0785462059854869,0.1226365520388517,0.0875976551153202,0.0874566202226994,0.0942820261806914,0.0566077223542045,0.0636013040509911,0.1025367861973393,0.0147835263612956,0.08316550395178665
GE-ME-MI-CNV,0.0948792762261821,0.0856960003160755,0.1225532744328464,0.0919048173617902,0.0943946154720709,0.0722977407626334,0.0743527402243862,0.0715198881755091,0.1249039051346741,-0.0100160300925681,0.08224862280135999
GE-MI,0.1113402445864423,0.1051907747251067,0.1045104463213927,0.0350397238292281,0.0967872534006559,0.1183558630792848,0.1026352554232831,0.0810896297013678,0.1181675949362871,-0.0061809012994341,0.08669358847036145
GE-MI-CNV,0.0936430300632195,0.0868132937467166,0.118965840301234,0.0820496031053813,0.1090100997188114,0.0548212346416629,0.1037920795235922,0.0578262786395464,0.1224605713301034,0.0088564665374434,0.08382384976077109
