,SNF,PP,NEMO,COCA,LRAclst,CC,IntNMF,MOFA,Spectrum,IclusterPlus,Best,Mean
GE-CNV,0.1821868613843062,0.1800312793861063,0.21300116963298552,0.20767380633807328,0.18754251087924004,0.1822855547035784,0.19820491349277458,0.17717378047854856,0.1686253205296214,0.11797917282338595,NEMO,0.181470436964862
GE-ME,0.27983159685989906,0.23174714007363809,0.2783338215682964,0.21343796602565704,0.24162359529739183,0.2523752641694998,0.2229189745673743,0.22564896347543503,0.2608485273752587,0.1032720876036568,SNF,0.23100379370161073
GE-ME-CNV,0.2207376940532527,0.2200882157059231,0.25548076725576224,0.20890091315878445,0.23182158388884644,0.21968275556426928,0.2033779169134172,0.23400859058434423,0.2197391171864503,0.1055430917125517,NEMO,0.21193806460236017
GE-ME-MI,0.22458207315694942,0.2076349736393389,0.2306283835653894,0.2071633345448223,0.2068274398106578,0.2039555081927064,0.19511519295302404,0.19793766491452192,0.20382950442256043,0.11804712703998217,NEMO,0.1995721202239953
GE-ME-MI-CNV,0.19778242761945727,0.22258317485818946,0.23273016424087714,0.20802983401471611,0.21293776598110922,0.2143057595644393,0.1891109016002589,0.19806509922844528,0.2242148555678468,0.09442412988488347,NEMO,0.19941841125602228
GE-MI,0.2118983186396699,0.21415202568630232,0.2098582401877288,0.1779440913083139,0.20023282775672668,0.2214711082429969,0.2102434032133361,0.19670352483852707,0.21874197003688914,0.09960353554687328,CC,0.1960849045457364
GE-MI-CNV,0.19184419873645453,0.19907631344824617,0.21939090657622098,0.19561577475414338,0.21128913081245862,0.1798356821077287,0.20168158718422127,0.17030740426012667,0.2206337680268546,0.1105645925455508,Spectrum,0.19002393584520055
