,SNF,PP,NEMO,COCA,LRAclst,CC,IntNMF,MOFA,Spectrum,IclusterPlus,Best,Mean
GE-CNV,0.18682287345248846,0.2352012057245668,0.19590014573566839,0.20123944999791674,0.21094508202077575,0.21308761847761726,0.16203057743405858,0.22028882992521606,0.19271462068094772,0.1027110687868501,PP,0.19209414722361057
GE-ME,0.24970879122123016,0.24516266707818088,0.2717104658545547,0.21622315517671653,0.21529825976657627,0.2457746143793312,0.22933487383696324,0.24746568239657932,0.24931548743759835,0.09527720649195333,NEMO,0.22652712036396835
GE-ME-CNV,0.2145320524443836,0.24294715157568395,0.21919608967540608,0.2278203907645945,0.23136724735635505,0.22645196257407194,0.21747536754859684,0.21820627461047173,0.23582926842223148,0.10543711585619246,PP,0.21392629208279876
GE-ME-MI,0.2175536801231606,0.21352751346229185,0.23237336672842926,0.2138726344897897,0.1837694161469017,0.20364462244916445,0.1942129866055821,0.20210790537166382,0.2272914924080256,0.11978651123438173,NEMO,0.20081401290193907
GE-ME-MI-CNV,0.19490599179173526,0.22484840076770532,0.20535733749233476,0.20999548307794824,0.20343233858394294,0.21350132753734452,0.22908457812377558,0.19698622385960432,0.22367410337993313,0.1002163562779983,IntNMF,0.20020021408923222
GE-MI,0.20423147272252437,0.2099494767008866,0.206945894814937,0.19158893730700124,0.1982262145543808,0.18868747344143588,0.1833228889610481,0.20697859607750266,0.1830819562586329,0.09915591560666737,PP,0.18721688264450168
GE-MI-CNV,0.19699040098302492,0.24988207490992612,0.2108344150248517,0.19980302554412654,0.23003122141703858,0.22023176262181185,0.16425147812613358,0.19172840333327512,0.2041661330542243,0.12215773395408595,PP,0.19900766489684987
