,SNF,PP,NEMO,COCA,LRAclst,CC,IntNMF,MOFA,Spectrum,IclusterPlus,Best,Mean
GE-CNV,0.17859950174790953,0.18643315249038894,0.21912956317333543,0.20142636100433928,0.20036637433641302,0.18864470885972065,0.19763945799498686,0.17163671010358272,0.17782176019347873,0.10931272218196407,NEMO,0.18310103120861193
GE-ME,0.2023684391653664,0.22371828101657432,0.2172162667788183,0.19993341617601992,0.2351860622975659,0.2217216343976347,0.19363722629330082,0.2002216763079144,0.22583924005725406,0.10824781513513083,LRAclst,0.20280900576255795
GE-ME-CNV,0.21379295222993244,0.2153050391670459,0.23340762606458335,0.19906127212864586,0.2162468258446101,0.21654885044791294,0.20293908168392424,0.21243908608915663,0.21115789666788098,0.10989491575256534,NEMO,0.2030793546076258
GE-ME-MI,0.19365779888135393,0.20906698087909706,0.18066341853771864,0.200890388472141,0.20641367020360687,0.20531753771991626,0.18957827655429882,0.17123864162326585,0.2052223133810063,0.09391449658790367,PP,0.18559635228403085
GE-ME-MI-CNV,0.21143099016117126,0.21775166800399712,0.20278446324234056,0.19921267837012116,0.21696616783440506,0.1929189014313214,0.21338264408648744,0.20973908959858056,0.20032504189642697,0.11989253617773181,PP,0.19844041808025834
GE-MI,0.21787159746176496,0.22058240624326428,0.21567062935866413,0.17026937511372522,0.20035337901907643,0.2072647295551492,0.21468328320679994,0.19824333149364107,0.21038704523612403,0.09474141484718207,PP,0.19500671915353915
GE-MI-CNV,0.19103410107992636,0.21692028694071683,0.21389521493045835,0.1992863551049878,0.20917874038868323,0.20854901585818234,0.20849049606658107,0.21161070552064584,0.19992200201047097,0.10859248334029613,PP,0.19674794012409488
