,SNF,PINSPlus,NEMO,COCA,LRAcluster,ConsensusClustering,IntNMF,MOFA,Spectrum,IclusterPlus,Mean
GE-CNV,0.3174691613851134,0.3375609682573415,0.3401598681656204,0.35190313518691,0.317936487406645,0.3452857403822572,0.3220873271332155,0.328455105829745,0.3011360874490504,0.264952432517464,0.32269463137133625
GE-ME,0.392899188441431,0.3807906014880973,0.3975653739896329,0.3669660911829603,0.3671407014798221,0.3750712831857127,0.3764311884988146,0.3688801030702269,0.3655852762024499,0.2434966876193317,0.36348264951584797
GE-ME-CNV,0.3383683716879052,0.3687415658262051,0.3789105103127981,0.3553910367346319,0.3595079686075336,0.3704749024386902,0.3464118634389527,0.3679400567849726,0.3340735898266925,0.2474932084329787,0.34673130740913605
GE-ME-MI,0.3427938029529962,0.3643940669654603,0.3676821907713279,0.359846287085823,0.344364556066049,0.3446846316651829,0.3606212791953162,0.3513699101649437,0.3210214311349331,0.2571751724545957,0.3413953328456628
GE-ME-MI-CNV,0.3226412390044572,0.3711838621222238,0.3622921639817683,0.3484476964018745,0.3458212350983307,0.3724557985193157,0.3283937733229949,0.3314124801864107,0.3369922498218253,0.2362002791866495,0.33558407776458504
GE-MI,0.3300810237558359,0.3607414206968315,0.339812649728086,0.3605270440414885,0.3252821370540453,0.341641111171582,0.3472715618914318,0.3338096524563613,0.3315172410159489,0.2479257864076768,0.3318609628219288
GE-MI-CNV,0.318841660549092,0.3442530561527693,0.357172118398997,0.3489713446205535,0.3398818325981458,0.341198692802154,0.3272537541312325,0.3223804104631362,0.3457876487726525,0.2549658360770568,0.33007063545657894
