,SNF,PINSPlus,NEMO,COCA,LRAcluster,ConsensusClustering,IntNMF,MOFA,Spectrum,IclusterPlus,Mean
GE-CNV,0.1435395717091488,0.1472802620577225,0.1859136299110468,0.1823879085587877,0.1644544544066276,0.1482105823227914,0.1744969270562441,0.1431996158319535,0.1355285600721089,0.0767831616861853,0.15017946736126164
GE-ME,0.2626075647030571,0.2188474874538262,0.2612253570234267,0.1948720648630476,0.2296288879220739,0.2366517990813627,0.2113899708972183,0.2112571441750857,0.2560993042534801,0.0666154601628926,0.21491950405354712
GE-ME-CNV,0.2008568114593337,0.2052652094998596,0.230434379272777,0.1813739589527534,0.2186255397666791,0.2088355162101995,0.1812330522737669,0.2181359300333603,0.2048076894583443,0.0667824054418369,0.1916350492368911
GE-ME-MI,0.2073457755068656,0.1799646479670694,0.2015664078859886,0.1740460614333237,0.188661143143225,0.1728998667322449,0.1681165773095514,0.178841780527631,0.1879302959354089,0.0821826823040552,0.17415552387453637
GE-ME-MI-CNV,0.1758267676277325,0.210869662136269,0.2133450543080167,0.1837369882804837,0.198597447372926,0.1981637394113689,0.1645861912533956,0.1912629293234161,0.2107484117470409,0.057088140560569,0.18042253320212184
GE-MI,0.1942736875767314,0.1765238816369687,0.1852516245137077,0.1382655060542251,0.1786290928154789,0.2044163504781239,0.1808233923252934,0.1752112923578521,0.2065410741584314,0.0570657215323771,0.16970016234491897
GE-MI-CNV,0.163047905597052,0.1661625904452526,0.182034761028432,0.1558263765364954,0.1849754601204186,0.1434871188793693,0.1739989278978392,0.1307155236776974,0.1936530839778079,0.0678714750221522,0.15617732231825165
