,SNF,PINSPlus,NEMO,COCA,LRAcluster,ConsensusClustering,IntNMF,MOFA,Spectrum,IclusterPlus,Mean
GE-CNV,0.0007854892620717,0.0016725098143273,0.0027607501616993,0.0008898738519896,0.0017494797387263,0.0029013175603965,0.040349776341899,-8.577150056785463e-05,0.0047436090687449,-0.0016948893992086,0.005407214490007814
GE-ME,0.3461566779372412,0.9786223585271892,0.9385042464280544,0.7750440918969479,0.9814692988701664,0.9857141048094802,0.9786223585271892,0.9786223585271892,0.9814590570401056,-0.0019699320934133,0.794224462047015
GE-ME-CNV,0.0136440528582376,0.9806302855702214,0.014470976881346,0.8189187813506583,0.9821116639212611,0.9821116639212611,0.9761973319716624,0.5919771735552456,0.979160088673742,-0.0001677674809499,0.6339054251222687
GE-ME-MI,0.0253385237660999,0.9811907940706386,-0.000368174653681,0.7630519528977938,0.9826400899798526,0.9855070575120204,0.9826295485510992,0.9826295485510992,0.978323828752358,0.0986531361359134,0.6779596305563194
GE-ME-MI-CNV,0.0121279837620455,0.9789924677172004,0.0102903900078752,0.5332205648480185,0.9834697632525486,0.9715530096314626,0.9656059833908412,0.6623758993422453,0.9685908496474772,-0.0008809263460298,0.6085345985253685
GE-MI,-0.0019494171541201,-0.002071022357944,-0.0024142083172549,-0.0002032440490811,-0.0016968502038163,-0.0018975080834677,-0.0017964214515872,-0.0019906007596382,-0.0020622767878454,-0.0014000337566353,-0.0017481582921390203
GE-MI-CNV,-0.0006983685764892,0.0016631207025503,0.003131475774715,-0.0003283733846222,0.0016166867334604,0.0028011789786257,0.0426305315546266,0.0006475631149135,0.0022279395113172,0.002516018813178,0.00562077732222753
