,SNF,PP,NEMO,COCA,LRAclst,CC,IntNMF,MOFA,Spectrum,IclusterPlus,Best,Mean
GE-CNV,0.19178769408111576,0.18162119716661362,0.18367920466448195,0.20349747656487502,0.18452491301839272,0.1835044858076557,0.20055678614596126,0.375544381427757,0.4866979932159403,0.16758786015333585,Spectrum,0.23590019922461294
GE-ME,0.982643670404789,0.3417141371050281,0.982643670404789,0.5951143993484579,0.18512712434323064,0.18322516391314037,0.9646895274892234,0.819612297917874,0.9791851613002874,0.1691703219434987,"SNF,NEMO",0.6203125474170318
GE-ME-CNV,0.6449547962489927,0.26128704321788226,0.8611640909857295,0.6725182989413216,0.1833070736677479,0.18365010703172904,0.9663656418506589,0.7052354501428867,0.9765490062303414,0.16981659987581102,Spectrum,0.5624848108193101
GE-ME-MI,0.18130463022994248,0.17949174344225946,0.18151092740306654,0.6533701221436551,0.18263773785261198,0.18079955341367057,0.9653933578908932,0.9789136129497852,0.9285304155475954,0.2505162205440886,MOFA,0.4682468321417569
GE-ME-MI-CNV,0.18234400034540302,0.1790969664184399,0.18268276337759262,0.655452512903535,0.18300972701385573,0.18073870844526965,0.9488953485779641,0.41879816983581736,0.9692066768430148,0.16605033813777567,Spectrum,0.4066275211898668
GE-MI,0.17983513196548798,0.17940757982686847,0.1793657721847942,0.20789106205408317,0.18122931077382787,0.18007413828920393,0.17292972340078216,0.7489184596347801,0.1796900076359067,0.1696751198226167,MOFA,0.23790163055883512
GE-MI-CNV,0.17420560279411226,0.17892851677915297,0.17788993766406622,0.20232433442587264,0.18126580560402547,0.1797078138862129,0.1982492131776373,0.2601097448367255,0.17889657706298523,0.16754969551810953,MOFA,0.18991272417489
