,SNF,PP,NEMO,COCA,LRAclst,CC,IntNMF,MOFA,Spectrum,IclusterPlus,Best,Mean
GE-CNV,0.20128459621770514,0.22649620930242007,0.18851811614607447,0.2091198193713807,0.22817843828274387,0.2002643854109404,0.1973308068469182,0.21337312685120682,0.17122363740382185,0.16704950011742672,LRAclst,0.20028386359506384
GE-ME,0.4395405329370245,0.9739973976435351,0.9335683854652572,0.7986169256847698,0.9776990914074357,0.982643670404789,0.9739973976435351,0.9739973976435351,0.9774559067480366,0.16661346816921263,CC,0.8198130173747131
GE-ME-CNV,0.22479002678885007,0.9765490062303414,0.244871586684116,0.831363355450092,0.9783475715221487,0.9783475715221487,0.9714076220215601,0.6642946125139958,0.9750047526051749,0.16750465228794717,"LRAclst,CC",0.7012480757626374
GE-ME-MI,0.19653054780610105,0.9771618850882565,0.1819995528030197,0.790052543193792,0.9791603968664541,0.9824170686728425,0.9789136129497852,0.9789136129497852,0.97414541936308,0.24912287850829448,CC,0.7288417518201411
GE-ME-MI-CNV,0.21438613016740002,0.974579662699767,0.23983066165658298,0.6035560732791672,0.9800117278495972,0.9660387525463366,0.9593085307761827,0.7174958661590815,0.9631790896732569,0.167316357096424,LRAclst,0.6785702851903797
GE-MI,0.17950671493526238,0.17788735561786215,0.1787038357503593,0.20668776465233066,0.1814359246772601,0.18029475934616968,0.16955000321791047,0.17628196794266257,0.18216131523381962,0.16762976247190867,COCA,0.1800139403845546
GE-MI-CNV,0.18034426744103094,0.2267659297701811,0.19154706430942603,0.19258941002057747,0.22404005221761258,0.18655740964838427,0.1990375962055667,0.20359273705182776,0.17663628035626674,0.16979643137566316,PP,0.19509071783965368
