,SNF,PP,NEMO,COCA,LRAclst,CC,IntNMF,MOFA,Spectrum,IclusterPlus,Best,Mean
GE-CNV,0.19939209492969986,0.21873312705461337,0.18781904562542798,0.21462818424801186,0.2193430865610895,0.18468870536646087,0.19738664373702208,0.20283532021451836,0.17453951285024027,0.16595487778241932,LRAclst,0.19653205983695035
GE-ME,0.18240679483661615,0.18248294194173428,0.18136734922204087,0.19372949488700578,0.1863038254951819,0.1839192426214026,0.1686717119090182,0.2551343902839214,0.18587730767862323,0.16706896825081952,MOFA,0.1886962027126364
GE-ME-CNV,0.1769388747773287,0.18327980162015287,0.1770883145298118,0.2010755691474052,0.1883868421534948,0.18479922854588945,0.17447961796782505,0.21038221420347172,0.17560340255740234,0.1670224604077937,MOFA,0.18390563259105755
GE-ME-MI,0.18056994299193105,0.18069938783810355,0.1800668175310343,0.19972159992768876,0.1853569662685056,0.18237941605759275,0.16581826240065875,0.17958202961360295,0.18359984632875007,0.1699992752040753,COCA,0.18077935441619433
GE-ME-MI-CNV,0.17193180183562642,0.18062556690580625,0.17850943286637522,0.18866565893467457,0.18490007221573299,0.1814033705399741,0.16831551492396382,0.2019748725327487,0.18140543324241534,0.16688872237359612,MOFA,0.18046204463709137
GE-MI,0.1780053772583539,0.17901163345764318,0.17746522200696224,0.20687253328109442,0.18167908283737386,0.1820012890247867,0.1688635181933074,0.17114554852723343,0.18376767701929272,0.16727343007440956,COCA,0.17960853116804573
GE-MI-CNV,0.17461145188656912,0.17938394850533498,0.17467176755766298,0.19574567171342308,0.18046308056770463,0.1803160820430978,0.17012423652615064,0.19856903504647835,0.1762680054265344,0.16759049919743707,MOFA,0.1797743778470393
