,SNF,PINSPlus,NEMO,COCA,LRAcluster,ConsensusClustering,IntNMF,MOFA,Spectrum,IclusterPlus,Mean
GE-CNV,0.5991217369169609,0.652372619298276,0.5565827991101057,0.622593061986698,0.6525707580055222,0.5808091849027341,0.5193327642025497,0.630450340076528,0.5027548226519408,0.5013830731780521,0.5817971160329367
GE-ME,0.6826626712668485,0.9892729595113912,0.9691539109399888,0.8890932771790586,0.9907016410531222,0.9928316333084968,0.9892729595113912,0.9892729595113912,0.9906964290302334,0.5006598315381673,0.8983618272850089
GE-ME-CNV,0.6176662055139172,0.990279015917746,0.6403014683022825,0.9105126151498524,0.9910225000680424,0.9910225000680424,0.988054258096528,0.8249552728076953,0.9895412263971208,0.5000598584786604,0.8443414920799887
GE-ME-MI,0.5392158696938459,0.9905613321390504,0.5439028129962917,0.8834588591694301,0.9912887102319308,0.9927273688942956,0.9912833443907988,0.9912833443907988,0.98912282677427,0.5493754213341552,0.8462219890014866
GE-ME-MI-CNV,0.6026114667848694,0.9894567250010652,0.6407112449917381,0.7746229679416199,0.9917038844940792,0.9857230222767356,0.9827383727167434,0.8654013730672585,0.9842366503359304,0.5007349342101615,0.8317940641820201
GE-MI,0.5394818641642174,0.5348100028749944,0.5379755734183436,0.6148432342193157,0.5448552880235098,0.5417898667938342,0.5091639665024795,0.5298017913797138,0.5477855700048979,0.5026799673971285,0.5403187124778434
GE-MI-CNV,0.5394348581598156,0.6527655415951014,0.5636680481304074,0.5749282444857604,0.6412819190945529,0.5489046528607573,0.5206198327441476,0.5994572597969516,0.5231576057596504,0.5022942585031998,0.5666512221130345
