,SNF,PINSPlus,NEMO,COCA,LRAcluster,ConsensusClustering,IntNMF,MOFA,Spectrum,IclusterPlus,Mean
GE-CNV,0.0039465624740828,0.0254434987946569,0.0062107991664184,0.0038765222754545,0.0302150771039831,0.0170826537696906,0.0323098799963059,0.0097548119776604,0.0061724804907798,0.0014603165734367,0.013647260262246908
GE-ME,0.2898022496069836,0.9540968748920248,0.8930469990277283,0.7317134079783031,0.9609263342990186,0.96938527309639,0.9540968748920248,0.9540968748920248,0.9602122341737708,0.0011505050628839,0.7668527627921151
GE-ME-CNV,0.0430598219943955,0.9587377172030564,0.0798423148687194,0.7646586698497652,0.9619085505771426,0.9619085505771428,0.9499712759964896,0.5759513911790465,0.956312942744662,0.002621865866131,0.6254973100856551
GE-ME-MI,0.0250372499583573,0.9597335290550804,0.0024640200664483,0.7236468175141524,0.9635523903875788,0.9690167796122118,0.9628279459074576,0.9628279459074578,0.954989602562612,0.0993400780548149,0.662343635902617
GE-ME-MI-CNV,0.0284189399552851,0.9552897953810356,0.0684903499701356,0.5028246870478631,0.9648615358021638,0.9408402257308116,0.9295812362209634,0.6247103260677404,0.9367097690363628,0.0020950634251404,0.5953821928637503
GE-MI,0.0009876977956898,0.000923086336536,0.0005501421499893,0.0054233037867573,0.0011493362120868,0.0009919193281425,0.0012824646028391,0.0010347132079121,0.0007606524844064,0.0016093537752328,0.0014712669679592101
GE-MI-CNV,0.0022963127397664,0.0258691270128916,0.0078416690231557,0.0031683589605942,0.0292215508248245,0.0079663971057698,0.033862424317926,0.0106733882436181,0.0045232957978326,0.0045790168106118,0.013000154083699067
