,SNF,PINSPlus,NEMO,COCA,LRAcluster,ConsensusClustering,IntNMF,MOFA,Spectrum,IclusterPlus,Mean
GE-CNV,0.0496644334127817,0.0429093315821445,0.0396952138334104,0.0425326643266119,0.0444283532980089,0.0451320538493386,0.0582989454627743,0.0256464364091954,0.0672305662253423,0.0120543122147114,0.04275923106143194
GE-ME,0.0976542799147678,0.0689007850196312,0.0918986505557138,0.03726511359002,0.065017087416062,0.0824287412674325,0.0746811400878916,0.0592602381692636,0.0736783150042287,0.0626088850446281,0.07133932360696393
GE-ME-CNV,0.0685411492952446,0.0387163779792672,0.0648438808150082,0.0602966312556125,0.0502538830269131,0.054765262651528,0.068507651726897,0.037752626680675,0.0754036598777029,0.045951958766434,0.05650330820752825
GE-ME-MI,0.0894163345571622,0.0688938437016851,0.0878594225395242,0.0475800031601048,0.0654267645351473,0.0887376449573938,0.0711838283748058,0.0595084969440982,0.0647881779151883,0.0478541918147612,0.0691248708499871
GE-ME-MI-CNV,0.0872612524479846,0.0369562471986831,0.0736495856598237,0.0566409832505261,0.0546195110424325,0.0693492497111568,0.0645535553843085,0.0398132834026952,0.0732368107798679,0.0217605374598473,0.057784101633732564
GE-MI,0.079245563631519,0.073840409216412,0.0840758651782019,0.0514813672812793,0.0650591266382701,0.0790533761522519,0.0716458305753817,0.0676060350200798,0.0742929813199936,0.0587367567398501,0.07050373117532394
GE-MI-CNV,0.0802162723179184,0.0404851250280533,0.0635846109345798,0.0486006907068616,0.0481766149858203,0.0404151820718023,0.0599331407407177,0.0248170029819915,0.0669342910548869,0.0083533001737426,0.04815162309963744
