,SNF,PP,NEMO,COCA,LRAclst,CC,IntNMF,MOFA,Spectrum,IclusterPlus,Best,Mean
GE-CNV,0.17110500196803216,0.1693424157311125,0.1735441846348548,0.14674372386863732,0.17035112698752272,0.16826829348810146,0.1667432260695286,0.15164478623423247,0.15916632245468998,0.15659993136177763,NEMO,0.16335090127984897
GE-ME,0.18459830858815715,0.17676227258345567,0.1860695677723803,0.13431504148246995,0.1585271872782652,0.17990840706752498,0.1707444956389632,0.16052598797410203,0.1656543317884021,0.1694614193974419,NEMO,0.16865670195711627
GE-ME-CNV,0.16577082242518493,0.16853522232490648,0.17327072709518565,0.1596948707174798,0.16070779692556345,0.16726857613800297,0.18067004551037144,0.15330848331827973,0.16431409775043093,0.16647617090575204,IntNMF,0.16600168131111573
GE-ME-MI,0.1771432817253332,0.17825339561825523,0.17777679034476632,0.13886547373500915,0.16242581148186525,0.18411447023002694,0.16849197660921203,0.16776898295722156,0.15408406344621606,0.15196081812616505,CC,0.1660885064274071
GE-ME-MI-CNV,0.18021641931436236,0.16918940110189815,0.17547105109883163,0.15331186559209706,0.1569688337069558,0.16952615600394982,0.17063920669106766,0.16102766295082796,0.16206899553462892,0.13082004268194633,SNF,0.16292396346765656
GE-MI,0.16716411461070702,0.16561156138114275,0.17161655966525094,0.14499974484333747,0.15332440138686163,0.17018464263682032,0.16239832703038368,0.1552871615305277,0.16550755743439807,0.14947134096653036,NEMO,0.160556541148596
GE-MI-CNV,0.174624442031912,0.16604560444180136,0.1710839398534575,0.14434095348365236,0.16723133110854493,0.16220698967224634,0.16547189835878587,0.15002826491124974,0.15382120615629766,0.12360635831651257,SNF,0.15784609883344602
