,SNF,PP,NEMO,COCA,LRAclst,CC,IntNMF,MOFA,Spectrum,IclusterPlus,Best,Mean
GE-CNV,0.1676937839501955,0.16605139491381501,0.1720742487921857,0.14244092813814643,0.16911416354103972,0.1674496270609814,0.16535895050602192,0.1621395548978539,0.1600654766203354,0.158135407487186,NEMO,0.1630523535907761
GE-ME,0.1660158057473251,0.17545833018075543,0.17620422115770693,0.14266812177506474,0.14693207960211677,0.17069892327819047,0.16151558443123185,0.15281541679872954,0.1618945232978499,0.15908705943821796,NEMO,0.16132900657071886
GE-ME-CNV,0.1657591669997414,0.1717383566048339,0.16335975521270155,0.14901929609278675,0.1688314208262024,0.1695564370604324,0.16279346017970017,0.1479584796343489,0.16073751101507824,0.1625609684170149,PP,0.16223148520428404
GE-ME-MI,0.16184843550028657,0.15923461977707987,0.1630820276734197,0.1478267670644021,0.15320376284555678,0.16216177687909958,0.1520219250996433,0.14592509107885057,0.1512350830755243,0.0867814124326079,NEMO,0.1483320901426471
GE-ME-MI-CNV,0.17555151973987085,0.1672137455138447,0.16393769181577453,0.1512137918024472,0.15946303957162392,0.1544247190947725,0.15781741527390877,0.14335032341670093,0.15211489868390762,0.09486409949245717,SNF,0.15199512444053082
GE-MI,0.16307408154849407,0.16520734184264113,0.16454157630851546,0.15304202882087561,0.15672736354825126,0.16886632628778261,0.15088415704086786,0.13596938750147186,0.15902089754134627,0.08733644395576402,CC,0.150466960439601
GE-MI-CNV,0.16721313904593163,0.16696226315683907,0.16473898708639007,0.14265218310940073,0.17063770540834622,0.15471194383235326,0.14634013359483058,0.14086144734134018,0.15486789037102217,0.09315037009492409,LRAclst,0.1502136063041378
