,SNF,PP,NEMO,COCA,LRAclst,CC,IntNMF,MOFA,Spectrum,IclusterPlus,Best,Mean
GE-CNV,0.16000963606910432,0.15932327155889672,0.17535528784058563,0.13651260966851567,0.1592121841508726,0.15638331981673453,0.14534151146731042,0.16150404118954195,0.14197894970600858,0.15695474371978554,NEMO,0.1552575555187356
GE-ME,0.1778972230609557,0.1572028401117503,0.17802144861460908,0.1377110327323797,0.15147343851030595,0.15856013302803765,0.15812700628615764,0.15840366417946694,0.16367048749055166,0.16168163189848608,NEMO,0.1602748905912701
GE-ME-CNV,0.15909274068371437,0.15951749625902464,0.16868445166305643,0.15005274440462538,0.16245374300843832,0.15594254322889253,0.15749024861394004,0.16600502386867444,0.16600442862848144,0.16805049816744455,NEMO,0.1613293918526292
GE-ME-MI,0.15967380204224804,0.16195887341731596,0.1711360189498163,0.14789144434177137,0.15872621318665944,0.169056365823787,0.16039092892709433,0.14868996524485564,0.15459496491911423,0.156763099509912,NEMO,0.15888816763625746
GE-ME-MI-CNV,0.1658351927908733,0.1562724200941403,0.17672737139291614,0.1540877597568255,0.1511763702911211,0.15709844490406646,0.15702709175348215,0.16485858404584544,0.1608769445849083,0.13058470504844646,NEMO,0.1574544884662625
GE-MI,0.1593304115217609,0.1617331495101229,0.169022101821683,0.13283340996341855,0.15579912611058555,0.1698787826756002,0.1663699515198662,0.14285982210265566,0.16225978252070106,0.15673558452362865,CC,0.15768221222700224
GE-MI-CNV,0.16061606396422537,0.1564343442124809,0.17073673594993263,0.13764526793686072,0.15412969900760698,0.16000296305357162,0.13737531670289035,0.15490530035785868,0.16026795074801128,0.1251679999224202,NEMO,0.15172816418558588
