,SNF,PINSPlus,NEMO,COCA,LRAcluster,ConsensusClustering,IntNMF,MOFA,Spectrum,IclusterPlus,Mean
GE-CNV,0.3415678568021527,0.3470636290861014,0.363139997907162,0.3127481259623255,0.348497179208567,0.3448746543741114,0.3350052266917792,0.3429003346045968,0.3133965093145482,0.36978336420074,0.3418976878152084
GE-ME,0.3238009949309451,0.3224032013184158,0.3219487166885927,0.2935523904595847,0.309546922199002,0.3272620768568478,0.3141634134057651,0.3119338987831219,0.3109093381884198,0.3178033631582106,0.3153324315988906
GE-ME-CNV,0.3093930366465502,0.3491082268357507,0.3223297737837985,0.3092577801454536,0.3296338162650933,0.3315123693006567,0.3400734627931446,0.3271695906819205,0.3108816170169118,0.3455528933168342,0.32749125667861145
GE-ME-MI,0.3180428221227326,0.3277256646046341,0.3168660935317614,0.2916038582335193,0.312208811496384,0.3298843598015323,0.3131560169564561,0.3242320058045128,0.3030185304328324,0.307960194050812,0.3144698357035177
GE-ME-MI-CNV,0.3180362208971282,0.3501115941405971,0.3210414624339971,0.3031663413157628,0.3185180277574545,0.3259561156012213,0.3287178429503482,0.3382848914649022,0.3126376019096472,0.3047352110566753,0.3221205309527734
GE-MI,0.3103892137721571,0.3113922311305097,0.3127055836752921,0.3012656110832184,0.304494141056279,0.3161981735818122,0.3095157101869486,0.3024389492978169,0.3122750797002728,0.3012259211436572,0.30819006146279637
GE-MI-CNV,0.3163024010587772,0.3440157534728845,0.3294501670534157,0.3074171325993708,0.3371960557828196,0.3387062469441056,0.3324375005119196,0.3371969993653677,0.3030412526479179,0.3070652262677592,0.3252828735704338
