,SNF,PINSPlus,NEMO,COCA,LRAcluster,ConsensusClustering,IntNMF,MOFA,Spectrum,IclusterPlus,Mean
GE-CNV,0.1220827156891621,0.1180542865250916,0.117797342163992,0.0849503813169746,0.1181278484559923,0.1147981722408544,0.1069255060540323,0.0863875876889052,0.0968718918241794,0.0879621176698815,0.10539578496290655
GE-ME,0.1323396509187585,0.13898283141232,0.1443613360728344,0.0721276203978051,0.1010175522197316,0.1300344030782947,0.1233889334232329,0.1103838269699206,0.1123753421725578,0.1279720099894869,0.11929835066549425
GE-ME-CNV,0.11937828133376,0.1177810621597015,0.1326385266867502,0.1095302007513733,0.1022356914846839,0.1155280964618243,0.1334290220110727,0.0950032325922437,0.1066570163566781,0.1079236606339879,0.11401047904720758
GE-ME-MI,0.1239706884961047,0.1381406785484465,0.1286048549630134,0.0774125598114034,0.1096418584140644,0.1337214059311547,0.1211360844963742,0.1195664461230537,0.0944454819906275,0.100068068512922,0.11467081272871645
GE-ME-MI-CNV,0.1353517845979743,0.1205003619664142,0.131722105202674,0.1001282722100023,0.0977689623209804,0.1132731026994714,0.1186462217385463,0.1049848139848865,0.1003325739143717,0.0659643795293164,0.10886725781646375
GE-MI,0.1118575664284449,0.1116020437965066,0.1180682301422589,0.0822522561655147,0.0904199364660358,0.1153023781763969,0.1060334403288207,0.0958165002736864,0.1099546112829278,0.0884513450160838,0.10297583080766763
GE-MI-CNV,0.1273546527190404,0.1136359348244663,0.120217041572377,0.0770050371447247,0.1163213225569949,0.1074995400008311,0.1040450538237203,0.08807079238639,0.0914880747660881,0.0554005485080359,0.10010379983026688
