,SNF,PINSPlus,NEMO,COCA,LRAcluster,ConsensusClustering,IntNMF,MOFA,Spectrum,IclusterPlus,Mean
5,0.3258919986004226,0.1868192507382475,0.2748234840135287,0.2322020859334261,0.1480087225294525,0.3085567105140894,0.2194370747095722,0.1664258414875041,0.2842319230044477,-0.0086143516074591,0.21377827399232316
8,0.3387313975068892,0.2013054990433174,0.2737154158025335,0.1945086542331627,0.1737336159962759,0.3085949083141648,0.2399097788755412,0.1895531294603602,0.2979612423050475,-0.0074099795369731,0.22106036620003194
11,0.3023581987382399,0.1914098646652705,0.2383246394817128,0.1890712744095284,0.1638449910954521,0.2649530788616042,0.2382993973942747,0.1934399513906856,0.3063064292169825,0.0046884730063512,0.20926962982601022
14,0.3103171497532747,0.1932079441243607,0.2680529738488469,0.1735489797927895,0.1561783993393415,0.2824286043849969,0.2338185474102012,0.211446599522183,0.2780996888745363,0.0002262253112741,0.21073251123618048
