,SNF,PP,NEMO,COCA,LRAclst,CC,IntNMF,MOFA,Spectrum,IclusterPlus,Best,Mean
5,0.4621289894542994,0.4327598451691392,0.46563549278660354,0.360204140102875,0.374918385292981,0.3831469720150202,0.3881104535224516,0.4161031370148886,0.3934339224307964,0.14347456628869082,NEMO,0.3819915904077746
8,0.4558977401329905,0.45655056389484955,0.38887097556261446,0.32687224919433905,0.4080499313733233,0.38619382332444796,0.4092671866205231,0.36583347290687956,0.43622632147975554,0.0892955780638696,PP,0.3723057842553593
11,0.42620385513469805,0.44154733346651015,0.38547788313579395,0.2803794262927716,0.36845102036020405,0.37095984597981296,0.3834661193709687,0.37315976856671945,0.4478257936391841,0.08560977461746337,Spectrum,0.3563080820564126
14,0.4348727918976229,0.45451648824384033,0.37243066263328245,0.29891744422772565,0.37608070053625603,0.3662981531847558,0.4044020140753421,0.37204995301541394,0.4471166065230982,0.0852577525595075,PP,0.36119425668968447
