,SNF,PP,NEMO,COCA,LRAclst,CC,IntNMF,MOFA,Spectrum,IclusterPlus,Best,Mean
5,0.4457246459485007,0.33011001850043203,0.4056367211703012,0.364908882088454,0.2894548446720686,0.42854958293851914,0.3607451709284195,0.3074232267860306,0.40902958481568036,0.14212244066110546,SNF,0.34837051185095114
8,0.4401002696542393,0.32890374763964925,0.38924229606604227,0.31169060670908844,0.29621687008681225,0.41437486088721914,0.36095782847990504,0.3115970846748415,0.4055766433111976,0.10852135348066494,SNF,0.336718156098966
11,0.3949613091769533,0.3064967037412695,0.3464775065904067,0.29176204024841584,0.27441741519732266,0.36827618426766495,0.34828461016575046,0.3068693930232454,0.40072555336414384,0.10291871541293117,Spectrum,0.3141189431188104
14,0.398319346667881,0.30525974873692,0.3674310074850673,0.2759329160461099,0.26280526632877127,0.3774218468627655,0.33722199880871423,0.3214826741668981,0.3775526758750183,0.08489480101583963,SNF,0.31083222819939854
