,SNF,PP,NEMO,COCA,LRAclst,CC,IntNMF,MOFA,Spectrum,IclusterPlus,Best,Mean
5,0.4642873782071757,0.38475011205353954,0.40015237925469554,0.372003432816268,0.3735328801673717,0.39542715326892236,0.32398716329005933,0.32320616082241976,0.36535338276037593,0.15353367714702978,SNF,0.3556233719787858
8,0.40564187216454517,0.36562371278528166,0.3791671318110485,0.3157046815207966,0.3445728520433626,0.33588392431606834,0.3481100140650875,0.33618622101941087,0.38482825342256427,0.10724620761073285,SNF,0.3322964870758899
11,0.3741149031308588,0.33422295245603717,0.33822810424087835,0.262498283766932,0.3428558673119613,0.3248179915957055,0.3235834924228507,0.3617737943291344,0.3635422458326933,0.10388792968883305,SNF,0.31295255647758846
14,0.3795919680590099,0.33667437147088436,0.33180630978995507,0.25582512602722,0.33442335702610876,0.32702565163428515,0.3041150079775126,0.3303122180490648,0.3706810888202135,0.08013405363663544,SNF,0.30505891524908896
