,SNF,PINSPlus,NEMO,COCA,LRAcluster,ConsensusClustering,IntNMF,MOFA,Spectrum,IclusterPlus,Mean
5,0.4225780736034498,0.3307798259682503,0.3920923180879734,0.3458559263662378,0.2829464054354964,0.4099117440856748,0.3537016311884858,0.3039241880869827,0.3932703457373098,0.1465436294445695,0.33816040880044307
8,0.4406754478566578,0.3505093102073445,0.4011284941440077,0.3230430980274507,0.3103065627237414,0.4165200978156455,0.3770265189207919,0.3288467903233044,0.4111294732280425,0.1530783981584543,0.3512264191405441
11,0.413834897760243,0.3408361480011769,0.3761905817244156,0.3227171050977868,0.305742599028298,0.3857884985212975,0.3738760886570586,0.338510173099157,0.4194066201896861,0.1662726359621379,0.34431753480412575
14,0.4229607106443017,0.3448827869216596,0.4036252784326879,0.3131895876565614,0.3052137692290909,0.4005965605670974,0.3704369494207661,0.3577909980004346,0.3999963660492213,0.1622914779344391,0.34809844848562604
