,SNF,PINSPlus,NEMO,COCA,LRAcluster,ConsensusClustering,IntNMF,MOFA,Spectrum,IclusterPlus,Mean
5,0.5887038656416296,0.4727309787947982,0.5499943614094015,0.5166686339656981,0.4374094060512569,0.5671802942157933,0.5090968068872006,0.4519196507836051,0.5495864857052835,0.288438044146206,0.49317285276008727
8,0.540893963599171,0.4348964336682858,0.4928829782515856,0.4175200678666519,0.4046104315404195,0.5180095765318471,0.4659371876433818,0.4163913342408599,0.5076392144005026,0.1798956418205136,0.43786768295632184
11,0.4686908310323771,0.3872440985573612,0.4249172985650918,0.3634977412379325,0.3536646554682178,0.4540869754200932,0.4326783444459181,0.3886580545798936,0.476463610685763,0.1377950372703044,0.38876966472629526
14,0.4616801796060666,0.3776885151647398,0.430614770173667,0.341060180688979,0.3270236304178814,0.4492403756362021,0.4074104995951756,0.3952104249780766,0.4545619727012974,0.0921666998018057,0.37366572487638916
