,SNF,PINSPlus,NEMO,COCA,LRAcluster,ConsensusClustering,IntNMF,MOFA,Spectrum,IclusterPlus,Mean
GE-CNV,0.0012680041781055,0.0528193212350299,0.0296993130637019,0.0365548780149598,0.0580731228599131,0.0337469479094311,0.060227076606521,0.0468739655726569,0.0336254688692543,0.0225711482618636,0.0375459246571437
GE-ME,0.0481679412309854,0.0389354762513829,0.0602565567791405,0.0457876590840871,0.0377687535970195,0.0374204005173668,0.0470700136531095,0.0536017073966593,0.0300467837518059,0.0223347697355179,0.04213900619970748
GE-ME-CNV,0.0079377816291436,0.0461666683396213,0.0550986530816017,0.042584500822613,0.032310110144724,0.0504996653340801,0.0448505024010344,0.0190413295998487,0.0371471998087373,0.0249311248929436,0.03605675360543477
GE-ME-MI,0.0566968363847993,0.037970904541655,0.0616318995092688,0.0334846780896281,0.0398044124749256,0.0405277538320464,0.0485243918331812,0.0720151801435598,0.039200630418071,0.0028929493088154,0.04327496365359505
GE-ME-MI-CNV,0.032021859786361,0.0442244258661023,0.0640507898485322,0.0312235990640006,0.0376865992941618,0.041011556463312,0.0452866383224535,0.0128138908427267,0.045094385542361,-0.000395604917011,0.03530181401130001
GE-MI,0.041395386545447,0.0528568479181623,0.0579143075473545,0.0047481151873663,0.0368127042546367,0.0471370691964047,0.0667737124900167,0.029260935288213,0.0340394244451318,-0.0027411722849481,0.03681973305877849
GE-MI-CNV,0.0348343949828101,0.0720610311766672,0.0564057504416092,0.0191252050387184,0.050092361276163,0.0372376453242016,0.0630085748214348,0.0060827029892452,0.0273645705932224,-0.0004372386060881,0.03657749980379838
