,SNF,PP,NEMO,COCA,LRAclst,CC,IntNMF,MOFA,Spectrum,IclusterPlus,Best,Mean
GE-CNV,0.20427438974950005,0.20308833263083695,0.18532863632317562,0.18982692554999891,0.2033128896424161,0.19856919281780272,0.1861297102247379,0.19564457781638542,0.20492408748089241,0.19410813738227076,Spectrum,0.1965206879618017
GE-ME,0.21012265399809152,0.2154655203292768,0.21375271634227974,0.20226557268532264,0.2011701628948349,0.20493934300582173,0.2058561244255366,0.20058113834898975,0.20814780705304117,0.18701197331372008,PP,0.20493130123969147
GE-ME-CNV,0.20709523433888613,0.2068835336406365,0.21004833220098476,0.20461359314868158,0.20696523320531712,0.20629147097576098,0.2015086952914401,0.21281621214183308,0.20952072290119053,0.18945232937673973,MOFA,0.20551953572214704
GE-ME-MI,0.20502979251635034,0.20777291774733506,0.20972598087744213,0.20686852444905035,0.2041201106010837,0.19960527936969352,0.2040034548716595,0.19736883713657194,0.2037746356061043,0.1677273934895924,NEMO,0.2005996926664883
GE-ME-MI-CNV,0.19852573181002206,0.20795247746101322,0.21843263192653653,0.195474592157958,0.206764398454679,0.1992173280627886,0.1973069534626921,0.21006605688184157,0.20870499336554219,0.16786580688009978,NEMO,0.20103109704631733
GE-MI,0.20428001201976642,0.20265869052992302,0.20606390478727074,0.20529438751063425,0.20560057665329276,0.19887927372594097,0.20197520656047044,0.20014781610293106,0.2030144121801507,0.16653652340895378,NEMO,0.19944508034793343
GE-MI-CNV,0.18292698967881316,0.20104818662083213,0.19878982231107675,0.1904000218484648,0.2024016919709982,0.19446717347956743,0.20795410886138896,0.21243058342552398,0.2052144529775516,0.16881039540060927,MOFA,0.19644434265748262
