,SNF,PP,NEMO,COCA,LRAclst,CC,IntNMF,MOFA,Spectrum,IclusterPlus,Best,Mean
GE-CNV,0.2094931756933354,0.21622819792503467,0.18433520085627667,0.1936469036639689,0.2245232920280029,0.20371673330432946,0.2240247872392879,0.19341977143626718,0.20851084838337827,0.19240295550447803,LRAclst,0.20503018660343592
GE-ME,0.20173198259175606,0.18085624294355554,0.20575828719855446,0.19340483322643057,0.1941646757821912,0.19789254567173145,0.19732833785857462,0.21108037471234264,0.1998962172315846,0.17667009472644532,MOFA,0.19587835919431665
GE-ME-CNV,0.20057511845467077,0.18616463112041495,0.200461542122396,0.190452152622509,0.19902940520177062,0.1902712060127576,0.2010954183260466,0.18680806586114762,0.20442396812739164,0.18218776424714347,Spectrum,0.19414692720962484
GE-ME-MI,0.20009838209668548,0.1808327588356594,0.2053522886937221,0.19062346853651005,0.19346430948692686,0.18586197338162716,0.19731293148720078,0.18370547679687577,0.19401157799452087,0.16910091708890126,NEMO,0.19003640843986297
GE-ME-MI-CNV,0.19441293740151736,0.17803957805994564,0.21515356210141703,0.19252712474057096,0.19808797370093947,0.1957214266447195,0.2025355007309654,0.19445146869644192,0.19464628007754595,0.16943270813518727,NEMO,0.19350085602892503
GE-MI,0.19864611402891616,0.20416449531347225,0.20435148425947425,0.21032493875507496,0.2009814457823578,0.21170860208495923,0.2420715911671443,0.20985209944562566,0.2009653366867713,0.16692785538065083,IntNMF,0.2049993962904447
GE-MI-CNV,0.19983274703777523,0.21268690294453949,0.2225918154973919,0.2038385839633687,0.20575489753313195,0.21285485119797518,0.23249533126771502,0.20313571772624775,0.20169377022371937,0.16712023223138883,IntNMF,0.20620048496232535
