,SNF,PP,NEMO,COCA,LRAclst,CC,IntNMF,MOFA,Spectrum,IclusterPlus,Best,Mean
GE-CNV,0.20937731184500533,0.21228708705263244,0.1891613627022516,0.206515821595009,0.21682412034189866,0.19773019607239384,0.21413559615888234,0.2074830756709498,0.20441404175324684,0.19483912958605254,LRAclst,0.20527677427783225
GE-ME,0.2121625036673285,0.20416850410459608,0.2192985129371866,0.2111479182069116,0.2086088184834306,0.20136642992126377,0.20475644609794444,0.21352601128150236,0.20914248613761152,0.19100374718912083,NEMO,0.20751813780268963
GE-ME-CNV,0.2015537993889488,0.21097404419284635,0.20917869515183454,0.2022821928944133,0.21092072475958992,0.220592127608203,0.20448569243257356,0.1965109863797878,0.21358734362176365,0.19382688948203494,CC,0.20639124959119956
GE-ME-MI,0.20966850414956492,0.20423173844071218,0.21297195055458273,0.20518827880294754,0.20666289785933056,0.20799976158798603,0.20590054828810614,0.2233818793447984,0.19913649079249265,0.1695736779049116,MOFA,0.2044715727725433
GE-ME-MI-CNV,0.19923019668812056,0.21040956341071326,0.21535258495273824,0.20306377996678723,0.21331516709592424,0.21396856568780886,0.20477108017877552,0.1899423788005811,0.21161253543021466,0.16807396112946527,NEMO,0.20297398133411293
GE-MI,0.1980913496036116,0.2138855400236639,0.2101513308660735,0.20885709068377536,0.19909805898662336,0.20320731441957227,0.21822517350789036,0.19653612824746916,0.21056629812592972,0.1653797343493889,IntNMF,0.2023998018813998
GE-MI-CNV,0.19391387888395625,0.22261098947926716,0.2092519864963723,0.20768028764180427,0.20802745134890485,0.19986757569114988,0.21428109880886018,0.1786000880726433,0.20166681973466982,0.16752771675269904,PP,0.2003427892910327
