,SNF,PINSPlus,NEMO,COCA,LRAcluster,ConsensusClustering,IntNMF,MOFA,Spectrum,IclusterPlus,Mean
GE-CNV,0.6239792919506572,0.5392105656932168,0.5135813154041747,0.5507682100000538,0.5424547839773133,0.529962004657861,0.5341826035528612,0.5360930681533761,0.5476293168152366,0.5381559976722805,0.5456017157877032
GE-ME,0.5450486223816444,0.5387154260814571,0.5459301098720025,0.5457271098435121,0.5508871066279933,0.5334996685190474,0.5289262576818002,0.541219426840573,0.5634638053502856,0.528884303199261,0.5422301836397577
GE-ME-CNV,0.5882167205140282,0.545045979535744,0.5290505096815454,0.5283159315277068,0.5643626061638026,0.5611790284622635,0.5312431630554928,0.5498169508888011,0.5634367658221665,0.5324334789743128,0.5493101134625864
GE-ME-MI,0.5279886018429008,0.5400208126194269,0.5295686111790145,0.5494735104210109,0.5432615798081941,0.5453288342790868,0.5296328466458905,0.5408348228574634,0.5255146599642481,0.5009267668780595,0.5332551046495295
GE-ME-MI-CNV,0.5396052105022615,0.5459940574400147,0.532025793778863,0.546468352821111,0.5625029140171814,0.5585639639599362,0.531148370964882,0.5430120886117598,0.5485865848162661,0.5019853836675837,0.5409892720579859
GE-MI,0.519937755053492,0.5428963694273291,0.5275934203137697,0.6067031006489941,0.528742470639745,0.5249025703326209,0.5353375537017984,0.5347726662648669,0.5610663947454346,0.4981185514740981,0.5380070852602149
GE-MI-CNV,0.5184943001228373,0.5389490262335078,0.5273210105488564,0.581498312582044,0.5324008366018763,0.530832788709098,0.5308271276370078,0.5217014478841473,0.550103006452268,0.5005184477353584,0.5332646304507003
