,SNF,PINSPlus,NEMO,COCA,LRAcluster,ConsensusClustering,IntNMF,MOFA,Spectrum,IclusterPlus,Mean
GE-CNV,0.0028846394062534,0.0448313742296506,0.0242034596388781,0.0322243767700134,0.0499444541884696,0.0294816356498894,0.0479971083172648,0.0394821932868164,0.0319873395752496,0.0237902428240135,0.03268268238864988
GE-ME,0.0432709473893557,0.0348546099809483,0.0517088721604168,0.0419289856931355,0.037170595225279,0.0331792207273771,0.0382730669589236,0.0457568996072747,0.033916869310743,0.0217921686325836,0.03818522356860373
GE-ME-CNV,0.0085068960236746,0.0417094847031738,0.0433869226923565,0.03594614633292,0.0360894579702432,0.0500976890282653,0.0373634118411935,0.0206746786507136,0.0401780652343871,0.0241160645788484,0.0338068817055776
GE-ME-MI,0.0443200742209947,0.0347034981610547,0.0477153409754649,0.0326066478982037,0.036922701294872,0.0381426966528248,0.0395444063852467,0.057295635033372,0.0326941819951589,0.0049013175278599,0.03688465001450523
GE-ME-MI-CNV,0.0260635197757391,0.0410102069260228,0.0499811712308195,0.0314993880152501,0.0397559879764295,0.0423301766401784,0.0378782312489911,0.0140011569472569,0.0411566359320169,0.0026321046378231,0.03263085793305274
GE-MI,0.0329409072118957,0.0459034027255003,0.0449462647370963,0.0151200562149657,0.0317390020654884,0.0375823037296912,0.052564254331856,0.0255747831893277,0.0365930751872227,0.0007618238590167,0.03237258732520607
GE-MI-CNV,0.0284129415462214,0.0568229110276264,0.0440291984986513,0.0224173453046504,0.0415891561686752,0.03153229304015,0.049007593968138,0.0080161133445374,0.0275328821585191,0.0025019411288268,0.0311862376185996
