,SNF,PINSPlus,NEMO,COCA,LRAcluster,ConsensusClustering,IntNMF,MOFA,Spectrum,IclusterPlus,Mean
GE-CNV,0.0045635825118158,0.0130719060357169,0.0115035526105288,0.0056871421606465,0.0119769072516464,0.017377628663334,0.0361726833042873,0.0108762181048137,0.0034538163126346,0.0060016166304444,0.012068505358586841
GE-ME,0.0153188974630928,0.027705251066093,0.0143589823421184,0.0017411399361688,0.0345882396356818,0.0365336752882687,0.0556583923181293,0.0164359561539473,0.0203952228799256,0.0082766744977795,0.023101243158120517
GE-ME-CNV,0.0137810575408685,0.0030946283814047,0.0027078403392271,0.0116210006514564,0.0119077258793651,0.008540492532718,0.0638864849603925,0.0088667530250512,0.0168315490671506,0.0006736213198748,0.01419111536975089
GE-ME-MI,0.0263497510978399,0.0269691769864244,0.0166016334720383,0.012587609122653,0.0109917770666099,0.0406149423111924,0.0439625370078438,0.0172555899557188,0.0154316028559536,0.0061765722808293,0.02169411921571034
GE-ME-MI-CNV,0.024800919807715,0.0006563297740351,0.0116025009736189,0.011971333964113,0.0019125274704561,0.0041687415569839,0.0649845664351808,0.0298304596614177,0.0167259092933192,0.0027279733505354,0.016938126228737513
GE-MI,0.0137651856851466,0.014314611926685,0.0112652459690862,0.0016694729414795,0.0222912087826638,-0.0009716904483213,-0.0008743733963061,0.0190556595814229,0.001411388029895,0.0043469831005079,0.008627369217225952
GE-MI-CNV,0.0283189843018568,0.0108895658796159,0.008357670774932,0.0061802513684293,0.0078975002805729,0.0143891972700258,0.0394418230417225,0.0137624160891032,0.0218773071627377,0.0071308902349381,0.01582456064039342
