,SNF,PP,NEMO,COCA,LRAclst,CC,IntNMF,MOFA,Spectrum,IclusterPlus,Best,Mean
GE-CNV,0.17843372167971686,0.17516876242384183,0.17842180600252888,0.18280363573357974,0.19143761911721344,0.18049893475217918,0.18824079520085588,0.18239333770768038,0.18995796185281907,0.17095879661442803,LRAclst,0.1818315371084843
GE-ME,0.2019866088948915,0.18728371138345035,0.18736703828930987,0.2168138127713851,0.1926769306608109,0.1885672845000779,0.202303001803982,0.1994683797924731,0.19120776509714324,0.17726549734456143,COCA,0.19449400305380854
GE-ME-CNV,0.18792319287319628,0.18295529862093832,0.1700439568772297,0.17853171784404595,0.19741030606166796,0.18429610909428917,0.1916528421129938,0.18286276469587856,0.19416623276832146,0.17039885924525996,LRAclst,0.1840241280193821
GE-ME-MI,0.20141539632064775,0.18145334314010164,0.19396219818663965,0.21974680024808058,0.18120891580663903,0.17915434416402873,0.19576715194790473,0.1996445622486969,0.19584934861228806,0.17545736931919817,COCA,0.1923659429994225
GE-ME-MI-CNV,0.2082445978294539,0.17635669734640866,0.1995036909608869,0.18631090735549202,0.18899378354667531,0.1814226195720016,0.202426993198908,0.18070863726214828,0.20517284326136953,0.17257886273650438,SNF,0.19017196330698485
GE-MI,0.19387056433378527,0.18152369274784405,0.18948736296452595,0.22421230882678125,0.1864461745242532,0.1866177270257662,0.1687513379691206,0.1841932669371116,0.18273108465691038,0.1757787772743019,COCA,0.18736122972604002
GE-MI-CNV,0.19983320461119794,0.18095131338139206,0.1886161639868186,0.17875499859272734,0.19113248956755516,0.182882137023356,0.18677398443561852,0.17790244637336813,0.21656632527317785,0.17495775778480227,Spectrum,0.18783708210300137
