,SNF,PP,NEMO,COCA,LRAclst,CC,IntNMF,MOFA,Spectrum,IclusterPlus,Best,Mean
GE-CNV,0.17812262962537903,0.17955974416554757,0.17932365672957837,0.17960878696208468,0.17935425445898032,0.18447438370652805,0.1946000583106409,0.18168272372434957,0.18012629653652898,0.17244006656302632,IntNMF,0.18092926007826438
GE-ME,0.19555182711364594,0.19181358090332037,0.18289322679431133,0.2149156389978684,0.20008550844758957,0.1963283477990104,0.20859731629945175,0.185147921606464,0.1980137620700618,0.17670171746129437,COCA,0.19500488474930175
GE-ME-CNV,0.18827843289440613,0.170403462284619,0.17126844487415252,0.1839924495906381,0.18293245400741356,0.18641744610810218,0.2148168536102665,0.1770835082791169,0.2116400985468655,0.16986531560122572,IntNMF,0.1856698465796806
GE-ME-MI,0.20341372115333856,0.1915411297586612,0.18749695590885077,0.21584356638119903,0.18798716278369362,0.19844026596846764,0.19994560687298016,0.1884882948082867,0.18188599483586373,0.1736018163882553,COCA,0.19286445148595968
GE-ME-MI-CNV,0.20530167859240375,0.168006291774645,0.1804156126714708,0.1843568819084219,0.1719529260541595,0.17991859187929946,0.21551443717019478,0.19279405653973472,0.21174180664521436,0.17064546514254877,IntNMF,0.1880647748378093
GE-MI,0.18328728170118078,0.17839640706627183,0.1796887428704946,0.223951884204685,0.19236040813355168,0.16901641945896598,0.16634660109723357,0.1833733192728376,0.17056208241222212,0.171105597270976,COCA,0.1818088743488419
GE-MI-CNV,0.2011239948738078,0.17751878745293784,0.17460766862210073,0.18262497803396952,0.17579442259677225,0.18130848441731684,0.1968122901813307,0.1838071766556306,0.21198463522676503,0.174548369637232,Spectrum,0.18601308076978634
