,SNF,PP,NEMO,COCA,LRAclst,CC,IntNMF,MOFA,Spectrum,IclusterPlus,Best,Mean
GE-CNV,0.1753466888912688,0.18450858288354968,0.18019640325941969,0.18794838997763316,0.18363342090458135,0.18359615441743438,0.19759978104536002,0.18288059621215114,0.17852949172095142,0.1731985954055653,IntNMF,0.1827438104717915
GE-ME,0.1722039633466501,0.16978054427335518,0.16967115945864594,0.17570892411635283,0.1783728874727751,0.17424530122677065,0.18201503044405817,0.17228122773917384,0.17593651420704481,0.1691532418261774,IntNMF,0.17393687941110042
GE-ME-CNV,0.17122838067706495,0.16653825789225207,0.16877022748852985,0.1744237910477322,0.169068912325713,0.1804813613906943,0.175477063036393,0.18303525467750323,0.17079729931407187,0.16812572948781632,MOFA,0.17279462773377707
GE-ME-MI,0.18560748251897607,0.17052469257675204,0.1793217378767675,0.18268967450068097,0.17280717351919492,0.1668462014242413,0.16762660051306524,0.17484647784021892,0.17390330858584194,0.16804826192387834,SNF,0.17422216112796174
GE-ME-MI-CNV,0.1885594362433591,0.16753231043923533,0.16687554077891908,0.18044281931163217,0.17104885139962445,0.17210987655839968,0.17868656048723286,0.1801046281707298,0.18045886087663035,0.16864070522960387,SNF,0.17544595894953668
GE-MI,0.1820207571707448,0.18176843269011456,0.17849701801355247,0.22435953635977246,0.18774294926885662,0.1715788650464148,0.17052787804483063,0.19492307313645676,0.17977571137174522,0.17332373676562185,COCA,0.18445179578681103
GE-MI-CNV,0.19856676092338432,0.18185235057850468,0.17170604982069446,0.18627511227274615,0.18247618296954346,0.18583392883002745,0.19841403083672424,0.18017059003401426,0.21778029892286122,0.17074487213761494,Spectrum,0.1873820177326115
