,SNF,PINSPlus,NEMO,COCA,LRAcluster,ConsensusClustering,IntNMF,MOFA,Spectrum,IclusterPlus,Mean
GE-CNV,0.522103816005648,0.5129520473242414,0.5144011966238126,0.5255907519086752,0.5140801450642491,0.5193586138068439,0.5180992814301271,0.5224628494497621,0.5295186338431164,0.5039844132484368,0.5182551748704913
GE-ME,0.552445457735321,0.5235983929900667,0.5197728256274939,0.635535922499079,0.534920658048892,0.5223564073006186,0.5265944526405445,0.523812041837546,0.5487323080798021,0.5125473111167647,0.5400315777876128
GE-ME-CNV,0.5351027864823423,0.5028541721076184,0.5061302272898336,0.5284920392432607,0.5219620202574411,0.5408020438273176,0.530821796736057,0.512667293415028,0.5898526089425883,0.505424078487274,0.5274109066788761
GE-ME-MI,0.5548237775947127,0.5241054714255462,0.5288847897339595,0.6047361042391456,0.5390394974301559,0.5218587181295238,0.5209462007341046,0.5315519314816272,0.5149832892893592,0.5072372799786612,0.5348167060036797
GE-ME-MI-CNV,0.5617456507199258,0.4999132816082497,0.5169456053678367,0.5292202155373875,0.5096137259907128,0.5287192813999696,0.5310356303818373,0.5236018599623142,0.5905777005594348,0.5042000298512187,0.5295572981378888
GE-MI,0.5216577765336659,0.5075721239425839,0.5159183835804548,0.6501668327042012,0.5328463859164658,0.5057252798349152,0.4976672044585114,0.5140142436078502,0.5063087060290005,0.5028981877196015,0.525477512432725
GE-MI-CNV,0.5453804835491018,0.5106239527324036,0.5063096770624157,0.5325094072621956,0.5106069378673259,0.5158010885894073,0.5191938642355453,0.524030793543173,0.579088171767568,0.5080288173780345,0.525157319398717
