,SNF,PINSPlus,NEMO,COCA,LRAcluster,ConsensusClustering,IntNMF,MOFA,Spectrum,IclusterPlus,Mean
GE-CNV,0.0077004903586732,0.0126552791366844,0.0120662209543937,0.0075484668169323,0.0120057110610454,0.0166869086494063,0.0295282101975083,0.0117091036184729,0.0074064394538359,0.0073341698101978,0.01246410000571502
GE-ME,0.018891126142524,0.0241370986538014,0.0145478724133217,0.0074698545583574,0.0307476276581949,0.0300949608081439,0.0435391039396814,0.0151957668278987,0.0249137552504577,0.009281166769339,0.021881833302172006
GE-ME-CNV,0.0159514546600075,0.0052615863648339,0.0049672669933969,0.0118643088771972,0.0149276158854345,0.009909801964271,0.0497422791343501,0.0097164783972715,0.0282361376308576,0.0034982469965284,0.01540751769041486
GE-ME-MI,0.0290676347674631,0.0235487408640129,0.0170044445205545,0.0302069857817985,0.013930213854315,0.0328471374646867,0.0349280828769921,0.0166573629875141,0.0152430923622784,0.0073915969052754,0.022082529238489072
GE-ME-MI-CNV,0.0293584652495705,0.0034492639416501,0.0126987316729568,0.0118790962237651,0.0043325247013096,0.0068677526809448,0.0505231146935662,0.0249498499954722,0.0279218100828891,0.0050083922258923,0.01769890014680167
GE-MI,0.0144388828847298,0.0133024853295466,0.0118825990619427,0.0200193469683743,0.0219436297015254,0.002295668990304,0.0022469722294954,0.0170500546292397,0.0039661531777709,0.0060716209928186,0.01132174139657474
GE-MI-CNV,0.0296725167704647,0.0110428437467941,0.0091556580289544,0.0091852754712836,0.0088788296424179,0.0137351673925174,0.0318011832667243,0.0136283203346156,0.0349884267499894,0.0084854012987234,0.01705736227024848
