,SNF,PINSPlus,NEMO,COCA,LRAcluster,ConsensusClustering,IntNMF,MOFA,Spectrum,IclusterPlus,Mean
GE-CNV,0.0055471642108921,0.0175003548764956,0.0226943117939565,0.0035319456617916,0.0156517652471104,0.0207290865154136,0.0362575322840389,0.0118111445988531,0.0109532659599794,0.0086550340582803,0.01533316052068115
GE-ME,0.6682230187963792,0.9074477079655956,0.445564161575558,0.6074508360748492,0.9624600890329542,0.996226331932084,0.871680011391718,0.9128934533490084,0.9624422139005342,0.4686118102858176,0.7802999634304497
GE-ME-CNV,0.1389268119507793,0.9120790577615904,0.3183018118179038,0.3684393015375414,0.9658775824333552,0.9365133653496874,0.8299137083242393,0.3891782774693443,0.9490989946566384,0.3783348952922186,0.6186663806593298
GE-ME-MI,0.1513104131584154,0.906583523204221,0.1399719905979262,0.46531733819172,0.9620862074799575,0.9512592794615764,0.8704942202089698,0.9139291496770592,0.9251025637695118,0.3792910565443858,0.6665345742293743
GE-ME-MI-CNV,0.0470035649870365,0.9130980440855284,0.1094443114087081,0.2854027494746555,0.9598932007984884,0.9713390713716578,0.8496014961408527,0.3690689125403264,0.8099893847423925,0.3770582356601258,0.5691898971209772
GE-MI,0.0232171092236859,0.015937097373031,0.0209927071464717,0.0067993851788814,0.0242208732718095,0.0286810651532833,0.021860048567958,0.0090510113786714,0.0213317767986397,0.0040914513126859,0.017618252540511782
GE-MI-CNV,0.0057820751639257,0.0130083475379704,0.0342268346561071,0.0170526228734691,0.0178958856599944,0.0335436410880391,0.0507582743714639,0.0038996539705944,0.0287557543582561,0.0043713125145507,0.02092944021943709
