,SNF,PP,NEMO,COCA,LRAclst,CC,IntNMF,MOFA,Spectrum,IclusterPlus,Best,Mean
GE-CNV,0.19509217221285147,0.1862424950505993,0.18879738306259594,0.17459426709188505,0.18826189510338742,0.1921510908028589,0.1960693244419113,0.18389431247276533,0.196680427458049,0.18106981308063963,Spectrum,0.18828531807775434
GE-ME,0.6903260093464464,0.9076549935364397,0.5076115097938131,0.6673446788498039,0.9583398305515263,0.9955407616124218,0.8766743143455624,0.9125355450971125,0.9586408278206279,0.5512764271507143,CC,0.8025944898104468
GE-ME-CNV,0.2792605027658653,0.9118113238681268,0.40989952059896634,0.4618662828899038,0.961201341707235,0.9358631739266055,0.8418591206658453,0.48490026267929426,0.9448066947482184,0.47792439866219,LRAclst,0.6709392622512251
GE-ME-MI,0.28064024014301253,0.906891774540371,0.2732710147432809,0.539656813829325,0.9570304065094559,0.9502439772291122,0.8756684856202689,0.91351797290023,0.9224110778472797,0.47798649279675515,LRAclst,0.7097318256159092
GE-ME-MI-CNV,0.20371208372851093,0.912727364307378,0.2502877325436541,0.39912322123037414,0.9548886839107894,0.9684344839707609,0.8581407508558807,0.47049270967718543,0.8216769472919664,0.47704999264781045,CC,0.6316533970164311
GE-MI,0.18610070154427275,0.1792110277741242,0.18325133546382988,0.20265635071380736,0.18927769285557353,0.19341185114306025,0.18360357505068273,0.1801752880058276,0.1869251796413209,0.1719262514889892,COCA,0.18565392536814887
GE-MI-CNV,0.17177757600347113,0.1848545094945986,0.1943713345818412,0.1915655142484706,0.19286826385116573,0.20125758143703243,0.20701376817560602,0.17873652859984504,0.19309744032791246,0.17406186099857546,IntNMF,0.18896043777185184
