,SNF,PP,NEMO,COCA,LRAclst,CC,IntNMF,MOFA,Spectrum,IclusterPlus,Best,Mean
GE-CNV,0.19389036202289645,0.18412435406114103,0.18535992338320226,0.18399145992750943,0.18495862663637277,0.1931455672926472,0.200818339175624,0.18618914727049732,0.19451264384697023,0.18686242988914104,IntNMF,0.18938528535060017
GE-ME,0.1736023083243051,0.17238792031474703,0.1758561336884886,0.17960547301022545,0.17917808088974507,0.19794049761469645,0.17436802750076422,0.17822443083123615,0.17813047786040592,0.16961389371896055,CC,0.17789072437535744
GE-ME-CNV,0.1706984427443422,0.19245006071903784,0.19239185109593873,0.18559478703840046,0.20161701471640234,0.1853830417800578,0.19097508244387418,0.1824227440036277,0.1863284336958594,0.18217043284206688,LRAclst,0.18700318910796074
GE-ME-MI,0.1817960262074194,0.1762587529528088,0.18139655954737213,0.1826983260806724,0.1867092263083896,0.1888932872143579,0.17820787443794525,0.2913612225460321,0.18577323972504214,0.1700995381026853,MOFA,0.19231940531227248
GE-ME-MI-CNV,0.17560019258622817,0.18395149374816958,0.17990221817258167,0.17591121270580076,0.19215344154768255,0.18567344586460835,0.18419050715127006,0.180404526392506,0.18363166572956993,0.16929965151805704,LRAclst,0.1810718355416474
GE-MI,0.17781148028294677,0.17313735494821902,0.18042875055414545,0.19750916007091415,0.1882467544358585,0.19096368376894338,0.1848142742736936,0.1833652290914289,0.18546119009314385,0.1711379096453188,COCA,0.18328757871646123
GE-MI-CNV,0.17219774294538268,0.1858571767596091,0.1911134149007334,0.18573768256122536,0.19716088834861534,0.21145105740222417,0.2143827275989488,0.18571416831173862,0.18536242612845102,0.17673780675995673,IntNMF,0.19057150917168852
