,SNF,PP,NEMO,COCA,LRAclst,CC,IntNMF,MOFA,Spectrum,IclusterPlus,Best,Mean
GE-CNV,0.20019477987953907,0.18857258378677644,0.1953066597696664,0.19325406164660439,0.18581856226424742,0.18958538358358024,0.19791153326767652,0.1917167164629623,0.20467060669769002,0.17648929726632165,Spectrum,0.19235201846250646
GE-ME,0.9566594838637266,0.1826922839565743,0.7702426272846471,0.5952160589609209,0.19604382624106695,0.18467346881123511,0.9239234987386823,0.9291542524967097,0.9716727428729387,0.5537533445540477,Spectrum,0.626403158778055
GE-ME-CNV,0.38747011332368303,0.20304663801275233,0.5284053129121514,0.5078837035228122,0.20054697513962397,0.19436535787064588,0.883356102302003,0.46757083675436534,0.9509231139826843,0.4013554738089035,Spectrum,0.4724923627629625
GE-ME-MI,0.22866241271054868,0.19768602995178916,0.2545518500542295,0.5405555032686972,0.19518901394035967,0.18863040745448625,0.9232902722995567,0.9267035703637635,0.9281295503172958,0.47605780864786307,Spectrum,0.4859456419008589
GE-ME-MI-CNV,0.20129876883770428,0.19528215565771348,0.23633654208953647,0.2957730458616778,0.19305458729161215,0.18528111665202074,0.883942626035851,0.7268228653276753,0.775996360386865,0.4053837019193401,IntNMF,0.4099171770059996
GE-MI,0.17350054904999257,0.19499998428013765,0.17301591484457543,0.19568925242810786,0.19854902508561856,0.19070079663370643,0.1872077149830307,0.28919814509386854,0.1855989955744541,0.17770158264700553,MOFA,0.19661619606204975
GE-MI-CNV,0.1747530652671273,0.2032850943287534,0.19563625973497153,0.1876355036584504,0.2036984771114244,0.19204615269235795,0.20509985856110435,0.18287456975627805,0.19058915065016704,0.17700923696955684,IntNMF,0.19126273687301915
