,SNF,PINSPlus,NEMO,COCA,LRAcluster,ConsensusClustering,IntNMF,MOFA,Spectrum,IclusterPlus,Mean
GE-CNV,0.5715069405904698,0.5240223956438844,0.5219820879056921,0.5137356238992183,0.5329872111910193,0.5349651960041788,0.5213616828062053,0.5268268674707886,0.5670709314044771,0.5229125693665707,0.5337371506282504
GE-ME,0.8334258460582497,0.9535562037244782,0.7218590863233945,0.8100417516882755,0.981143941192364,0.9981043079825704,0.9356761844995294,0.9562844584268512,0.9811354653251884,0.7345347066575909,0.8905761951878493
GE-ME-CNV,0.5834320722731552,0.9558746035418328,0.6595798178968535,0.6885130185465373,0.9828587996627226,0.9681468720647516,0.9148861639024728,0.7014578341639692,0.9744348877148324,0.6901927756564177,0.8119376845423545
GE-ME-MI,0.5744154627912506,0.953121426938029,0.571035118256853,0.7352291694314785,0.9809544737140417,0.9755353314417562,0.935081547809402,0.95680249997085,0.9624039315016552,0.6887622347212409,0.8333341196576557
GE-ME-MI-CNV,0.525397743553605,0.9563831873315598,0.5558088998128176,0.6477236648833794,0.9798520723811468,0.985604938761352,0.9246688791807256,0.6928270693945934,0.9053549790842652,0.6898649917389235,0.7863486426122368
GE-MI,0.5144063391504258,0.5066418548052682,0.5099915773514638,0.5903618808104633,0.5209520954123787,0.5249190355403168,0.5095627288467106,0.5210812074510415,0.5198081937085672,0.5049950151153497,0.5222719928191987
GE-MI-CNV,0.5018687761690586,0.5272959953105509,0.5198142753320709,0.5386245186563128,0.5411844162032249,0.5382955527241075,0.5287710766044941,0.5256358683259986,0.5243783759709754,0.5103792558409884,0.5256248111137782
