,SNF,PINSPlus,NEMO,COCA,LRAcluster,ConsensusClustering,IntNMF,MOFA,Spectrum,IclusterPlus,Mean
GE-CNV,0.0082224118371925,0.0172047346314179,0.0217157494881392,0.0065152317146452,0.0161467088720325,0.0207589898889843,0.0305887582354897,0.0130449253486543,0.0120170850096905,0.0116418358170679,0.0157856430843314
GE-ME,0.5693291631847102,0.8619610689192454,0.3554112814824866,0.5845414487862867,0.9314154614292608,0.9922916449226108,0.8226667471454399,0.8684287235154781,0.9323448042361612,0.4506827645087345,0.7369073108130413
GE-ME-CNV,0.1154226240736613,0.867480310300957,0.2518169320821417,0.3286465285856325,0.9348676430256274,0.9029292843653772,0.7807774897708238,0.3640646764045694,0.9108862018731848,0.3652455250379338,0.5822137215519909
GE-ME-MI,0.1161948444793716,0.8609703734788632,0.1088059353750636,0.4184239338647764,0.9280505383343683,0.9239373207840044,0.8214296888424348,0.869822269052781,0.8797267382706725,0.3659061871246388,0.6293267829606976
GE-ME-MI-CNV,0.0387349426448913,0.8687008615050459,0.0856099864094366,0.2642432493330875,0.9249207785527328,0.948359441779273,0.8001518772460638,0.3495821470966366,0.7496864780492418,0.3642267505443821,0.5394216513160791
GE-MI,0.0206786562587066,0.0150541311440733,0.0187697218935541,0.0108077861520774,0.0226601098825324,0.0266354527355806,0.0193879477373796,0.0103936451877699,0.0196355684167558,0.006692288038932,0.017071530744736167
GE-MI-CNV,0.0076818766774292,0.0142591856352745,0.0290728937573456,0.01901940121563,0.0195244896902779,0.0319335504989507,0.0415119535508601,0.0066740635029421,0.0261581906545059,0.0074350146401872,0.02032706198234032
