,SNF,PINSPlus,NEMO,COCA,LRAcluster,ConsensusClustering,IntNMF,MOFA,Spectrum,IclusterPlus,Mean
GE-CNV,0.0559039459962564,0.0496112850397696,0.0743700802168652,0.0224417828401094,0.0270166261575014,0.0307850318769156,0.0269548210163839,0.0378461931372686,0.0402493570464719,0.0020014806754288,0.036718060400297084
GE-ME,0.0723908442102009,0.0540032264366373,0.073955445514167,0.0374003692768649,0.0603917598869907,0.0565965882227043,0.0512027440667774,0.0395214412963497,0.0887304884608946,0.0069802801935746,0.05411731875651613
GE-ME-CNV,0.1175493357698452,0.0478950345096004,0.1193251949759991,0.0303673374089388,0.0487471230120992,0.0717596228085227,0.0595286874786684,0.0478478947214858,0.0868890628932855,-0.0055377844989306,0.062437150907951454
GE-ME-MI,0.0916695909263649,0.0613986354264442,0.0974866558994768,0.0342026890038913,0.0575984273253281,0.062126280185593,0.0635944941271782,0.0632048307617971,0.0830211796969508,-0.0039192381504273,0.061038354520259706
GE-ME-MI-CNV,0.0647630108119645,0.0366450030568977,0.082331566285195,0.0044860373277396,0.0549467253511699,0.0440258246627821,0.0435787003205397,0.0179626780771868,0.0483307379564503,0.0001356745061747,0.03972059583561003
GE-MI,0.0348302241443766,0.0305191160080099,0.0316310962764632,0.0097347524992755,0.0285774556725912,0.0429228635922106,0.0601081309354931,0.036521260680202,0.0218212634302548,-0.0005708341161742,0.02960953291227027
GE-MI-CNV,0.0357844237903724,0.0223299861567975,0.0286811178654737,0.0024699491377879,0.0162306996262361,0.0150609652348301,0.026769522353334,0.0142303791579624,0.0109161837483276,0.0047895433786348,0.01772627704497565
