,SNF,PP,NEMO,COCA,LRAclst,CC,IntNMF,MOFA,Spectrum,IclusterPlus,Best,Mean
GE-CNV,0.16895317949295866,0.159674811968097,0.18541768327136443,0.14796309257546714,0.14204113143873937,0.1436730292336312,0.1397677023413698,0.15611267486791816,0.16055664920125837,0.11887007006476508,NEMO,0.15230300244555692
GE-ME,0.17792483327396558,0.17923494330200276,0.17859805156534825,0.17378334629300762,0.18103284841067177,0.17089587890702207,0.1738749987578242,0.1648938356987154,0.19725865318462008,0.1262903633599442,Spectrum,0.17237877527531217
GE-ME-CNV,0.21859510959038264,0.17725416511186062,0.21920813689572727,0.15210049444071827,0.17735424078143436,0.18233413541768093,0.17205345115452952,0.1713591619920557,0.19119710252934696,0.11256116231462658,NEMO,0.17740171602283628
GE-ME-MI,0.19435151203247877,0.18465502846973303,0.19968029242635746,0.15681021792552677,0.17687299625883016,0.17831868766084588,0.18163098183810011,0.18833233523793969,0.19271099508481848,0.1132470217483784,NEMO,0.17666100686830083
GE-ME-MI-CNV,0.17361268017976839,0.1683435212229689,0.1925813988361255,0.1287130888934919,0.18264033387717474,0.162620087888677,0.15973270308345633,0.1445420866542097,0.16234266539020717,0.11742125667633284,NEMO,0.15925498227024124
GE-MI,0.15470656144559422,0.15843002365082376,0.1536127795464295,0.15708565794725723,0.15758064045441278,0.1679223930633598,0.1749120187512437,0.1561290465004932,0.14456710722729643,0.11684389216987907,IntNMF,0.15417901207567897
GE-MI-CNV,0.1532023487694335,0.13748697880637148,0.14985397100489337,0.1292967367097402,0.13752766931237093,0.13371416114908924,0.14027827286219113,0.13385629900864168,0.1320722626535959,0.12239074402207456,SNF,0.13696794442984023
