,SNF,PP,NEMO,COCA,LRAclst,CC,IntNMF,MOFA,Spectrum,IclusterPlus,Best,Mean
GE-CNV,0.17141419055059037,0.16382232130021931,0.18621683627792265,0.13852840538623434,0.15457136327283852,0.16357703158644762,0.13961626432648866,0.15545313115049433,0.15640953740942873,0.1180915714765674,NEMO,0.1547700652737232
GE-ME,0.17239245973770126,0.16022280627970042,0.17183470206275864,0.16505588142569871,0.16125402159707206,0.14954619756919676,0.16723915224686695,0.17444217629711709,0.17684619902436216,0.1278905996942407,Spectrum,0.16267241959347148
GE-ME-CNV,0.21452569552111325,0.16532518367619412,0.19688225391346667,0.14246890303253867,0.169116311066109,0.16594862472440064,0.15123420566135679,0.16755493313277822,0.18908055675945415,0.12212938590915844,SNF,0.16842660533965698
GE-ME-MI,0.17456396594183912,0.15801104418000686,0.16598103346577442,0.15048732212511554,0.1589188841643623,0.1592013568472926,0.15433160748704366,0.17025716644835998,0.16549831286867575,0.1119898694962594,SNF,0.15692405630247297
GE-ME-MI-CNV,0.14927053724799952,0.1767907666345763,0.16201714736172215,0.13586961251639276,0.16508393533699825,0.17926107791209936,0.1605197107969382,0.14181522296430224,0.16226504035018266,0.11885912898222638,CC,0.15517521801034376
GE-MI,0.14250915084624854,0.15450175407005498,0.14659275306444405,0.13901832491972185,0.15602017044803923,0.15867540807929914,0.15346689808543013,0.14749825369991523,0.1421964906311087,0.11687107625933453,CC,0.14573502801035965
GE-MI-CNV,0.13299884908768653,0.17355781828257855,0.13031415467416113,0.12925423327594435,0.15764207899106755,0.17661104915353376,0.1329215091001605,0.1427853457810653,0.13571475202368327,0.13315253909834038,CC,0.14449523294682212
