,SNF,PP,NEMO,COCA,LRAclst,CC,IntNMF,MOFA,Spectrum,IclusterPlus,Best,Mean
GE-CNV,0.1655362690910578,0.14745792912102482,0.1810094892463583,0.149037299905942,0.14176753906034992,0.14072646119405244,0.1428101522104209,0.15701238375114096,0.15760539305569463,0.1196993078507241,NEMO,0.15026622244867657
GE-ME,0.14803211230756996,0.14360152763502998,0.1512840569365781,0.15159181523986606,0.150080150810347,0.13084201538518594,0.1383810589822474,0.14662527015628338,0.14893356798672122,0.12256719763052833,COCA,0.14319387730703573
GE-ME-CNV,0.1753521060539404,0.15820613018045748,0.1652814200569742,0.14224834100303582,0.14912129799864207,0.1630545745703238,0.1709281203624756,0.14906239144313627,0.15041012399795126,0.12077462725197154,SNF,0.15444391329189083
GE-ME-MI,0.15523464097336429,0.16290328454016664,0.16307721017164842,0.13441134982522215,0.15691018365267284,0.14190376356569148,0.1641500602203052,0.15393581072246862,0.16131565493793878,0.1133737132337051,IntNMF,0.15072156718431837
GE-ME-MI-CNV,0.1472302245753702,0.13668200911033998,0.14997854582059214,0.13045610373263836,0.1403029135552914,0.14317644212413833,0.16661623235418435,0.12376073422911492,0.14665234712461983,0.11259666617314219,IntNMF,0.13974522187994315
GE-MI,0.14696640923252072,0.14828880068494252,0.14969511282750536,0.13863106727858726,0.14479954444116405,0.13739270305366488,0.13528866303891138,0.13805943213984292,0.1331536053408959,0.11681282271997934,NEMO,0.13890881607580144
GE-MI-CNV,0.16245135091779753,0.1370267047236641,0.14784767526115083,0.12597897606203753,0.13396751792016412,0.1438487126099669,0.13151602153048053,0.13389176714319787,0.13415000924417875,0.11668730400178823,SNF,0.13673660394144263
