,SNF,PINSPlus,NEMO,COCA,LRAcluster,ConsensusClustering,IntNMF,MOFA,Spectrum,IclusterPlus,Mean
GE-CNV,0.3742227431496704,0.3669849847995311,0.3920563767540259,0.3775111639717392,0.3562161567591989,0.3543509023887276,0.3477437894913769,0.3707011604969746,0.3827554218206833,0.3331664087670788,0.3655709108399007
GE-ME,0.3806875502121934,0.4095397605042936,0.3784884597850057,0.4156963233328225,0.4043110207993573,0.3821717189201316,0.3951641289095579,0.3928361559694747,0.4033254176793243,0.345962185948443,0.39081827220606036
GE-ME-CNV,0.4173289806412974,0.4103437476368904,0.4126335265682669,0.371100450771694,0.4085960720316883,0.3917948629305668,0.3815483283174116,0.395409257343196,0.395066040134534,0.3283469657328748,0.391216823210842
GE-ME-MI,0.3909326496097436,0.4141973381846024,0.3941571858758851,0.3801509555388529,0.399589407000984,0.3906406823050201,0.3984671469210125,0.4138105724805687,0.4017676126904262,0.3279380937980927,0.3911651644405188
GE-ME-MI-CNV,0.3772104607269195,0.4028979127469932,0.3934857453103039,0.3537994885226581,0.4158542792295937,0.376012657592692,0.367873158771429,0.3733446767338282,0.3753670570161979,0.3314313247379105,0.3767276761388526
GE-MI,0.3777563770453422,0.3957090651735807,0.3780306202309846,0.4169184774167164,0.3931338452914567,0.4019028290743183,0.3942656022486374,0.3789167558984698,0.3734287187211526,0.332545162430437,0.3842607453531096
GE-MI-CNV,0.3598525534799064,0.348458780095899,0.3691522278058542,0.3594764357398047,0.3574125565249048,0.3503984539197749,0.3459443343664612,0.3509346359377659,0.3509156061605457,0.3362832991533627,0.352882888318428
