,SNF,PINSPlus,NEMO,COCA,LRAcluster,ConsensusClustering,IntNMF,MOFA,Spectrum,IclusterPlus,Mean
GE-CNV,0.0767328493329492,0.0624281660649903,0.0898265928432022,0.0439363309145528,0.0428906113995178,0.0458831534352504,0.0446044965163485,0.0597906709695113,0.0586651687366199,0.0214423207517876,0.054620036096473014
GE-ME,0.0806961053995024,0.0741618429650774,0.083350249396872,0.0682533462693355,0.0783957645456673,0.0739193295782304,0.0752581232971373,0.0623239098303218,0.0997200534136413,0.025928623937815,0.07220073486336004
GE-ME-CNV,0.1209070123600053,0.073523713189091,0.1256656891429158,0.054833695141522,0.0747195273005156,0.0834479205139532,0.0750833376675086,0.0708203339114853,0.0916362045602214,0.0148743057099355,0.07855117394971538
GE-ME-MI,0.1004522955613278,0.0783691117981525,0.1073970355037105,0.0560770092338361,0.0734311544501784,0.0821891004919245,0.0828313044661096,0.0879816024714533,0.0933441928670784,0.0157222095974698,0.07777950164412409
GE-ME-MI-CNV,0.0788645690004212,0.0654876478650157,0.1019268849128776,0.027853740830078,0.0771199970507606,0.0678217814105569,0.0677462501584003,0.0423189051516141,0.0633302011979733,0.0206967707849133,0.0613166748362611
GE-MI,0.0515330831470638,0.0490618897708807,0.0511766221318407,0.0446037439257798,0.0510306203991905,0.0589414865235505,0.0703623230696006,0.0529491229228078,0.0384513395304819,0.0185573481953744,0.04866675796165708
GE-MI-CNV,0.0639700690380217,0.0416721701664179,0.0517285673433522,0.025943825251628,0.0389397517859719,0.0356830642926627,0.0481209618667782,0.0364038819301967,0.0343849980519144,0.0260993895342262,0.040294667926116995
