,SNF,PINSPlus,NEMO,COCA,LRAcluster,ConsensusClustering,IntNMF,MOFA,Spectrum,IclusterPlus,Mean
5,0.0132119027088488,0.0286265813142071,0.0576195368069713,-0.0024556774735692,0.0444733541394409,0.0784019587273321,0.0686128245316258,0.0576519708958911,-0.0126924149232532,-0.0388827665428586,0.029456727018463608
8,0.0120556204319637,0.0364534688010809,0.0527261963812285,0.0092777033312363,0.0380412610968991,0.0619631976061307,0.0589922789819388,0.0269070141069179,0.0340738507224604,-0.0012950039748401,0.03291955874850162
11,0.0367128601535707,0.0497646197841112,0.029191153643609,0.0175241180823797,0.0585578007509526,0.0556853905973915,0.054660020980922,0.0634188635453412,0.0397367157950787,-0.0065227803584042,0.03987287629749524
14,0.0590813548761105,0.068133176190709,0.0509898436386089,0.0475972073189349,0.0491987482401468,0.0672283297527864,0.0472746451740625,0.0559499353224294,0.0575953887655355,-0.0130077710175114,0.04900408582618125
17,0.0530368721883604,0.0742185411383911,0.0433310532392774,0.0258335853669836,0.0584292584086347,0.0738706881127729,0.0523082297710458,0.0671255683491669,0.0558005072988413,-0.0007184783201057,0.050323582555336845
20,0.0685894832744411,0.0796194804317741,0.0565446405278544,0.0333757331790948,0.0666943384877098,0.0764297950978428,0.0496315439335699,0.0717500902431948,0.0449100835261102,0.0085733286714684,0.055611851737306026
23,0.0693140251215795,0.066768876031615,0.0610701118314008,0.0435665730211262,0.0663570950913761,0.0739056256928977,0.0504459384215993,0.0698234731305419,0.0712050057192639,-0.000532216963076,0.05719245070983244
26,0.0605156800488432,0.0670797091047511,0.0604516994345161,0.0404019643427093,0.0704403487313832,0.0719834517979887,0.0652523927293094,0.0899224887037373,0.0607113586794338,0.011252632539978,0.05980117261126501
