,SNF,PP,NEMO,COCA,LRAclst,CC,IntNMF,MOFA,Spectrum,IclusterPlus,Best,Mean
5,0.1607523032879912,0.19389130726453482,0.20482556877340508,0.15052984835204034,0.19984549394116224,0.2196939954208854,0.222541263291388,0.2159405220923536,0.1467286274325374,0.10955874937285677,IntNMF,0.18243076792291546
8,0.12996703664034023,0.17296986097375314,0.17833836793958893,0.13919951224325364,0.16937174201042737,0.1852574530096902,0.1832258538041079,0.1611282155379891,0.1552882214856065,0.1244191515624002,CC,0.15991654152071574
11,0.145267347274538,0.17106142932668203,0.14287258720457066,0.1279526873166619,0.1768080190639207,0.1626244564643796,0.1690309422328186,0.17984113587432807,0.1491478201260801,0.10584176393882479,MOFA,0.15304481888228044
14,0.16219255712820513,0.17760820169853853,0.161860605677538,0.1554428568843869,0.15991865419118473,0.17130681907499304,0.15562645234094313,0.1686900283815048,0.15991254610278352,0.09271995273551387,PP,0.15652786742155914
17,0.15363333218390088,0.18201309800216744,0.14642434930336956,0.13905321938388523,0.16511009009125358,0.17536255224363417,0.15307323609127158,0.17125661112744472,0.1536137789678739,0.10038653694938353,PP,0.15399268043441847
20,0.16321935970555704,0.18183528603816765,0.1556213945283589,0.13635716787602672,0.17209042357152163,0.17335774462786133,0.14706258299934857,0.17167247797380725,0.1406469002559779,0.10500555591265191,PP,0.15468688934892788
23,0.16271716465765115,0.16987546733984202,0.16050374986217475,0.14761451896116926,0.16873410697111976,0.16968780430269892,0.14600208987493365,0.16795383200488626,0.166922195543907,0.09595177858164189,PP,0.1555962708100025
26,0.1539879460069872,0.1685244551990046,0.15721609954189353,0.1458289030341379,0.16897866325086963,0.1666368605577456,0.15850993834703583,0.18586673317719457,0.15502465728963297,0.10538972858459596,MOFA,0.15659639849890977
