,SNF,PP,NEMO,COCA,LRAclst,CC,IntNMF,MOFA,Spectrum,IclusterPlus,Best,Mean
5,0.18066783953095686,0.20802913565067938,0.21165317364166547,0.19427476093612148,0.1966893797644639,0.2208119659295328,0.19720599097373584,0.1897675886360978,0.19033441681681382,0.0990576655371569,CC,0.18884919174172243
8,0.1803763432856709,0.17395969310919304,0.1747032201850951,0.16380960252941448,0.1615671990461235,0.16144632850165544,0.156074972506089,0.16754740413508515,0.14498985957677582,0.11855700794475234,SNF,0.1603031630819855
11,0.1555662021129824,0.15444781382226155,0.14409617157205612,0.13430580102029957,0.1474006446059788,0.15716310844186396,0.15064858381582047,0.16383471957480628,0.14771577837403543,0.12004284741639411,MOFA,0.14752216707564986
14,0.17101331995860222,0.14332184852638893,0.15661740541236135,0.15130319274896695,0.13905975179166405,0.1517991891143745,0.1404922479614128,0.1698196207285875,0.1463611754344369,0.10104291577101114,SNF,0.14708306674478064
17,0.16339023298188102,0.15239142694927318,0.1517547660060313,0.1510699787274026,0.13416306968308603,0.13568536529170194,0.1499658546010827,0.17082233398980065,0.1749044627683233,0.10310550657318994,Spectrum,0.14872529975717727
20,0.17133183885125527,0.1556248825449299,0.15508363550912538,0.14494721907777808,0.13437870794392978,0.14605100010357608,0.1530453774362612,0.15581915681184844,0.15396535222497973,0.09955599999945397,SNF,0.1469803170503138
23,0.1758936119206286,0.16139692328129038,0.16835519314041436,0.15143761373892067,0.13206777583654963,0.15442091058269214,0.1518721858865126,0.1678722812305383,0.1616549280139647,0.10681490135390577,SNF,0.15317863249854172
26,0.1708422586147852,0.15135476168230574,0.17255356936094235,0.14080341451126385,0.13258619260301063,0.14877893250593055,0.1495507031691128,0.1642951097981911,0.15710389605968114,0.097228787146036,NEMO,0.14850976254512593
