,SNF,PP,NEMO,COCA,LRAclst,CC,IntNMF,MOFA,Spectrum,IclusterPlus,Best,Mean
5,0.17399011001078749,0.18338214070351455,0.17344150229040337,0.16317255398607386,0.1636404405681453,0.17092948726199012,0.1543264098965255,0.15908780289024496,0.17823284092216954,0.10250898371319266,PP,0.16227122722430476
8,0.14765475643074968,0.14956575667897043,0.1774108658317917,0.15381625929851975,0.14603981478088876,0.14467148728716417,0.1491061392206379,0.16845659318103212,0.13190554936087714,0.12904819713413915,NEMO,0.14976754192047706
11,0.14765623215800147,0.15012301642392795,0.1349353669185392,0.11472748728586472,0.1348194840250033,0.15136374193122393,0.13091362887495467,0.14983501138869668,0.14270535125682696,0.11046933161247234,CC,0.13675486518755112
14,0.15215311973616275,0.1468029693397426,0.152457939431452,0.1327920141160694,0.1455706399373812,0.15221315841577607,0.12915011205791466,0.12954548431197271,0.1390567677185224,0.10962754444490573,NEMO,0.13893697495098994
17,0.15083922616123627,0.14462885229618183,0.15196688436646363,0.13716851619936268,0.14268859085987098,0.14249099220175646,0.14652751995917992,0.13291696424948593,0.13878029194052902,0.09581291869921627,NEMO,0.13838207569332828
20,0.15282266209983286,0.14189875893304027,0.1534514967058647,0.12868404983664972,0.13762812368185082,0.14072134806853698,0.1378806876647051,0.14079452039879337,0.14166883918704284,0.10672126685717041,NEMO,0.13822717534334872
23,0.14715103282137673,0.14783120362248167,0.15669927914740003,0.13949511863049324,0.13716502200526626,0.14057497853727177,0.1350999443329936,0.1283111802171406,0.14857507319312346,0.09975600613786229,NEMO,0.13806588386454094
26,0.14651864771080225,0.14866232661173093,0.15041154107879098,0.13731648075977276,0.1444340872156142,0.14554325233204266,0.13816850395246674,0.1551883651976543,0.1514866029081379,0.09425854044072944,MOFA,0.14119883482077422
