,SNF,PINSPlus,NEMO,COCA,LRAcluster,ConsensusClustering,IntNMF,MOFA,Spectrum,IclusterPlus,Mean
5,0.2298049875354055,0.2917382448166294,0.2744241334233088,0.2252113173922037,0.2894295846931566,0.2885975364495365,0.2986314045585879,0.3046878595791039,0.2366127861327411,0.1913933618256926,0.2630531216406366
8,0.23885213007022,0.3045880057395398,0.2858773457601688,0.2605400333373874,0.2947986659714168,0.292172027757117,0.2984948447879623,0.284175417226589,0.2665533047856373,0.2398228830817076,0.27658746585177457
11,0.2655494416263914,0.3090171168866776,0.2776020369650904,0.2615485283782375,0.31617161114329,0.2846931632854154,0.2944751862415648,0.3087805071807915,0.2734218878581032,0.241775058460374,0.28330345380259353
14,0.2897602021615276,0.319168773625571,0.2966695660384581,0.2894298397912692,0.3032188954875338,0.3030007646247314,0.2881661945460046,0.3135294107823668,0.2886702650034652,0.2400584636381456,0.2931672375699073
17,0.2860099751869703,0.3263692453735149,0.2852186303991911,0.2888949756643085,0.3103502918571413,0.3086861745639359,0.2904580383360796,0.3134488029223322,0.2869888056030651,0.2504661795446292,0.2946891119451168
20,0.2979400680082864,0.3268618604147574,0.2944191435518921,0.2887721073080004,0.3194167665510899,0.3103606134744711,0.2871487592802222,0.3180484040388742,0.284403278095955,0.25422569461866,0.2981596695342208
23,0.2997838719885242,0.3250604406888245,0.3006499227897969,0.2999187143150131,0.321318509160473,0.3093233292005014,0.2882069954572032,0.3139117105270385,0.3059305864361624,0.2500271963500851,0.30141312769136225
26,0.294101030931126,0.3270117946248375,0.2988360060104696,0.3034697093683111,0.3193686121716749,0.3072963952569559,0.3008648211840025,0.3307770814015265,0.2987936134116755,0.2579686637201948,0.3038487728080774
