,SNF,PINSPlus,NEMO,COCA,LRAcluster,ConsensusClustering,IntNMF,MOFA,Spectrum,IclusterPlus,Mean
5,0.2392400196197193,0.261309095662768,0.2824330360899352,0.2288339051374865,0.2656335429908892,0.2920824910857877,0.3003795607839502,0.2854817358020659,0.2162655110881243,0.1761656528357363,0.25478245510964626
8,0.138993359418837,0.1778681083806387,0.1964115616773695,0.1477808000611372,0.1752752989629662,0.2016371336658229,0.1921904376424226,0.1723022152804604,0.1652375089487218,0.1347295755803331,0.1702425999618709
11,0.1335397400436519,0.1544025513092573,0.1218245710050126,0.1047854154893685,0.1556946452975195,0.1474948155103319,0.157957619475969,0.1673240368968516,0.1342848567250585,0.0822730137145046,0.13595812654675254
14,0.1377361143469773,0.1455226552793356,0.1379224073555469,0.1293015235429566,0.1273383188458736,0.1436913628474614,0.1314385173027623,0.1365907390397182,0.1334719845393499,0.0511091655859074,0.12741227886858894
17,0.1218531491763719,0.1454515074945963,0.1107233642716402,0.1024310971203636,0.1265507200079847,0.1435307940541938,0.1164534401666893,0.1331954621108351,0.1180520240017153,0.0514119096236271,0.11696534680280175
20,0.1231285278339437,0.1390245172679714,0.1159003995053303,0.086923663140985,0.1301601656757652,0.1332828253112701,0.1044074457842536,0.1252189396393527,0.0926273391458685,0.0522176444478273,0.11028914677525677
23,0.1190535968628498,0.1177970852990865,0.1197912149653265,0.0993582695473685,0.1185267166615102,0.1258344580146977,0.0993533357459985,0.1201263123570784,0.1236309944762947,0.0383603563579166,0.10818323402881273
26,0.1073471270409924,0.1114818618674252,0.1123605931806949,0.0936150353913933,0.1171270288495508,0.1206307346182922,0.1094126011277956,0.1369006294263199,0.1055689997777896,0.0469478894936151,0.10613925007738689
