,SNF,PINSPlus,NEMO,COCA,LRAcluster,ConsensusClustering,IntNMF,MOFA,Spectrum,IclusterPlus,Mean
GE-CNV,0.1102531232708766,0.2150876180534455,0.1719270635528596,0.2657591227345408,0.1992481296967584,0.317304418799749,0.2894255947880256,0.1973965279052517,0.3993264226958283,0.2281980596979046,0.23939260811952404
GE-ME,0.4878204836057483,0.2944599651425829,0.517430377773104,0.346221112128257,0.2995428351944493,0.4497990057893742,0.301606410291174,0.2868897726997932,0.3969636875556782,0.3036764329539635,0.3684410083134125
GE-ME-CNV,0.3195551368086493,0.2555385574948102,0.3078586987681901,0.2744899162869661,0.2312453492644269,0.3093930530337844,0.3101575172324245,0.1739656892615627,0.4451735739333118,0.2450808253256868,0.2872458317409813
GE-ME-MI,0.5148274262446484,0.2778982653713283,0.4853694987872083,0.3296176249116832,0.3002542530577358,0.4699504785566465,0.3223939769578136,0.2822550645221636,0.4764756567445501,0.2902510108538799,0.37492932560076586
GE-ME-MI-CNV,0.4124476077085874,0.2678292478882366,0.4675887331849518,0.3246474349694369,0.2348252575002066,0.3379398053125587,0.3481975113324762,0.2414501276354987,0.4823664727360251,0.251487262655852,0.336877946092383
GE-MI,0.5300089996742804,0.5959641684859357,0.5202195506232401,0.3429190445638855,0.4180772489813861,0.7413468011321923,0.490126554820177,0.502586286686065,0.4527304953057368,0.3910125290061151,0.49849916792790133
GE-MI-CNV,0.3266968510012825,0.2896436695569871,0.3287640009977722,0.310302092207096,0.2648005505336889,0.455956511696481,0.3196967090816597,0.2057753065616697,0.5146188380925609,0.2849240765962676,0.3301178606325466
