,SNF,PP,NEMO,COCA,LRAclst,CC,IntNMF,MOFA,Spectrum,IclusterPlus,Best,Mean
GE-CNV,0.2731323087656006,0.6076164392489413,0.32525140040356953,0.40766306385599477,0.4804394551560261,0.6836743798002449,0.3681499323850789,0.26042093657323756,0.5043266327922734,0.2167459704261272,CC,0.4127420519407094
GE-ME,0.5672888616818209,0.631962057174169,0.5476782320742024,0.3943374669536229,0.4851180417223626,0.7026575388961159,0.3821373226877658,0.43558459351102635,0.5079037590593828,0.3973406611016948,CC,0.5052008534862165
GE-ME-CNV,0.4420385051792031,0.6074656100084042,0.3834790744441558,0.3806229462106245,0.46554553279238836,0.6558092233636167,0.3613218938580501,0.27792366764776416,0.5313528001180967,0.3377092719590133,CC,0.4443268525581316
GE-ME-MI,0.5678281969399089,0.632712908115466,0.5733185422934116,0.3744779090399378,0.47518029639680764,0.7016742148200241,0.3900892641339677,0.40209096023627006,0.530139404794553,0.38771450727310497,CC,0.5035226204043451
GE-ME-MI-CNV,0.5255983596710296,0.6409206341207345,0.5184033852154291,0.3820238188001411,0.479548046558165,0.6895655204257484,0.3668680630446217,0.33630114472000244,0.5171120092477232,0.30901522527665676,CC,0.47653562070802513
GE-MI,0.5487330091722358,0.6253706942098418,0.5652662903927453,0.40795594907889354,0.4855409292657158,0.7632104457597194,0.5437553222644037,0.4638341085938036,0.4957037797969673,0.5449976044174473,CC,0.5444368132951773
GE-MI-CNV,0.4228149167554962,0.6433198358352528,0.4208040178543177,0.389926043513549,0.4827167947484046,0.712084400289624,0.36794538284736217,0.3052873652532414,0.5141686704136202,0.18883447498931452,CC,0.4447901902500182
