,SNF,PP,NEMO,COCA,LRAclst,CC,IntNMF,MOFA,Spectrum,IclusterPlus,Best,Mean
GE-CNV,0.23863584156687856,0.3471858250249666,0.30617177777793475,0.40040683592247195,0.3345341315720485,0.40543967826324706,0.38302227420913454,0.2950030040389738,0.47227656957690206,0.3157603822634672,Spectrum,0.3498436320216025
GE-ME,0.5307329052272513,0.5523261158413857,0.5179289256950036,0.4153557645722746,0.4395899195197251,0.5764358249139628,0.5105631769678484,0.48896913072490317,0.5186905508467553,0.4703502087783719,CC,0.5020942523087483
GE-ME-CNV,0.34347549808723166,0.349103797219999,0.3571809857972468,0.37582775392113693,0.3227586260698408,0.39872032912016775,0.38029001805557433,0.26811716852614875,0.4949317684988436,0.33073510751165625,Spectrum,0.3621141052807846
GE-ME-MI,0.5574830655247859,0.540093912747581,0.5153792145408653,0.3603169137956354,0.46171918207495644,0.5603283759397885,0.5365535402181941,0.4853543057149928,0.553339448528952,0.4332673772270035,CC,0.5003835336312754
GE-ME-MI-CNV,0.456415184599535,0.45022297202452144,0.4772168602533456,0.38492336901663987,0.38615135707738996,0.46194027726328574,0.39596319402090735,0.33420488958213035,0.5524314141698262,0.3809762815285611,Spectrum,0.4280445799536142
GE-MI,0.6282445626476338,0.5994981864137906,0.5934202032151477,0.40905145253254344,0.49747819044609104,0.7090138602706325,0.5683071104479507,0.48416644323173014,0.5859165539582082,0.44393370529192505,CC,0.5519030268455654
GE-MI-CNV,0.40970132700222855,0.4364100507497824,0.44787764088303056,0.40241311723495604,0.4006906167536414,0.5059076536044432,0.3852131105657284,0.2777997759244914,0.5434431382877917,0.3655054193904119,Spectrum,0.41749618503965047
