,SNF,PP,NEMO,COCA,LRAclst,CC,IntNMF,MOFA,Spectrum,IclusterPlus,Best,Mean
GE-CNV,0.2399952289069526,0.32621708691192547,0.29018696844827613,0.3700667270453719,0.30230344815851834,0.407100519431496,0.37418609470012526,0.2910081446842315,0.47216894690777506,0.31540922840748814,Spectrum,0.33886423936021604
GE-ME,0.5512959344243352,0.39111409530810093,0.5672372353987938,0.43027194888834525,0.3904554168599709,0.5251433239722973,0.3890493180692431,0.37997602856584817,0.4787718239154146,0.38856970930932117,NEMO,0.449188483471167
GE-ME-CNV,0.4032734092733709,0.36073689392848146,0.39274320488955183,0.3638274850803707,0.33380452427113266,0.401890392819,0.39283148068880785,0.2766135843319562,0.5158721433894117,0.35010563656867033,Spectrum,0.37916987552407544
GE-ME-MI,0.5723914257093632,0.37915015543628305,0.5450181518683072,0.40757051690668966,0.39053569356689205,0.5439068230923697,0.40709571848696285,0.37845560319963667,0.5423326174664138,0.37735907243782113,SNF,0.454381577817074
GE-ME-MI-CNV,0.48853405957539886,0.37621866334326787,0.526721553622666,0.39863981933828807,0.3354958424214995,0.43524143853887093,0.42991253276672897,0.34547798250639955,0.5511584036017765,0.3550275455091069,Spectrum,0.42424278412240024
GE-MI,0.5843043867104751,0.6308062307500493,0.5720367164997845,0.4193554683967797,0.4942616767347941,0.7614696087398799,0.5405979555368916,0.5552731230933751,0.5226196814900638,0.4604221561485666,CC,0.5541147004100659
GE-MI-CNV,0.4047511019792915,0.38204639560336445,0.4063366775333024,0.3935439186053629,0.3632091448360352,0.5241897372007698,0.4032958169663286,0.3019377455226964,0.573623504703303,0.3679647717040306,Spectrum,0.41208988146544845
