,SNF,PINSPlus,NEMO,COCA,LRAcluster,ConsensusClustering,IntNMF,MOFA,Spectrum,IclusterPlus,Mean
GE-CNV,0.3534453971786248,0.4200813166390792,0.3929807899175089,0.4414027496544769,0.3966945095957781,0.4820786832611848,0.44677355599194,0.3966508084683088,0.5288780121431127,0.4191492952304852,0.42781351180805
GE-ME,0.5947907926198865,0.4491552067369332,0.6139987851724547,0.4868072958246737,0.4475425108983377,0.5647416635371166,0.4433226735185337,0.4408322238934673,0.5256932510709726,0.4524112638359099,0.5019295667108287
GE-ME-CNV,0.4633295023224513,0.439267086169771,0.4647552855454588,0.4334206241678025,0.4116051248270492,0.4716793293853412,0.4650074439016849,0.3837125169271337,0.5613051321910993,0.4278632687618348,0.4521945314199626
GE-ME-MI,0.6134560646200737,0.43600889419886,0.5889741681952058,0.473586531895755,0.4506974267885613,0.5803865653052607,0.4598705804971903,0.4378527958972417,0.5853694371845302,0.4434869584344706,0.506968942301715
GE-ME-MI-CNV,0.5352396318813045,0.4478995586191179,0.5779722906515723,0.4670655501248186,0.411873846207792,0.4937524729142082,0.492758243173576,0.4297258657389,0.5930319978639768,0.4283941665480386,0.4877713623723305
GE-MI,0.6251081578102119,0.6767038464119566,0.6163968283929642,0.4843233635471942,0.5427035987018433,0.79299448450594,0.5935435856547522,0.6021676575578929,0.5690332235276875,0.5154576717582176,0.601843241786866
GE-MI-CNV,0.4716913330351884,0.4642580355666382,0.4763871492539217,0.4627258867620788,0.4389782222320514,0.5831737429627151,0.4699168228606972,0.408666813240296,0.6166955949289751,0.4595238666127246,0.4852017467455287
