,SNF,PINSPlus,NEMO,COCA,LRAcluster,ConsensusClustering,IntNMF,MOFA,Spectrum,IclusterPlus,Mean
GE-CNV,0.2562871662713564,0.3434823260432516,0.3056530518744599,0.4030383087470981,0.3109677051830186,0.4219184562335541,0.3863591333204102,0.278977097679134,0.4883024058843842,0.2988803302940747,0.3493865981530742
GE-ME,0.5712765270473706,0.4297271140447868,0.5702825432508228,0.4577874387121049,0.4242809044871257,0.5608893025904014,0.4222188703980213,0.4122060891042841,0.5136585331195931,0.4096214311380899,0.4771948753892601
GE-ME-CNV,0.4269355886890121,0.3874050381208632,0.4056156303550065,0.3835719147863435,0.3585630987219218,0.4245987960378743,0.4033294809323141,0.2721625468071723,0.5411377240438237,0.3773728156184893,0.39806926341128207
GE-ME-MI,0.5888907862633674,0.423543306738661,0.5607107886225075,0.4195073939126307,0.4206554008543792,0.581383425415202,0.4390225980058848,0.4152589491795049,0.5651527584701611,0.3983392480251129,0.48124646554874106
GE-ME-MI-CNV,0.5179149391363045,0.4129271835224493,0.5346036370314742,0.4042064729206088,0.3597884235564998,0.4740320373898459,0.4487818437941347,0.3652579541447999,0.5780767402053276,0.3852012073234301,0.44807904390248743
GE-MI,0.5977960026469332,0.6197506773522555,0.5794937704831491,0.4308239970792594,0.522004182521153,0.7500675405815075,0.5381237261357457,0.5610654250361672,0.5460953256367673,0.4747962676813669,0.5620016915154306
GE-MI-CNV,0.4158651219014034,0.3922374816864681,0.4138588823482133,0.4076037768469142,0.3858486617423655,0.5334389569431133,0.4202739189566291,0.2913711167661235,0.5895560810883731,0.3594463719030994,0.42095003701827033
