,SNF,PINSPlus,NEMO,COCA,LRAcluster,ConsensusClustering,IntNMF,MOFA,Spectrum,IclusterPlus,Mean
GE-CNV,0.0232935497886667,0.0587992294552127,0.0454312523223416,0.0264005319082653,0.0592211254456336,0.0332306199809171,0.0553943253271469,0.012633339296992,0.0267466319448632,0.0191374335172685,0.03602880389873076
GE-ME,0.0521952263256746,0.0554757593257014,0.0689789268666346,0.0503058992639643,0.0435123591595244,0.0437325989487162,0.060911735536668,0.0443330586631098,0.0406449439155607,0.0394915435037727,0.049958205150932675
GE-ME-CNV,0.0460085404366808,0.0514941573620371,0.0700487190442682,0.0308645119045469,0.0438859007159389,0.0453466327874946,0.0619138320748153,0.0204213911628386,0.0454688067334118,0.0277007500048204,0.04431532422268526
GE-ME-MI,0.0736426075485461,0.0540237266725624,0.0808235316522024,0.0515949814154353,0.0420313095808942,0.0438466223317512,0.0588371640314817,0.0504293514825604,0.055258556323695,0.0383795497145994,0.05488674007537281
GE-ME-MI-CNV,0.0334201444986306,0.0516711141007561,0.0650222075818645,0.0426837061002037,0.0445656912262903,0.0446696399645964,0.065760767467907,0.0157949585501609,0.0520906264619322,0.0342364533151199,0.04499153092674616
GE-MI,0.0589725743587558,0.0589724465621219,0.0685874245791883,0.0285349516263304,0.060486635192614,0.0755807430851344,0.0529380249859787,0.0657186561835051,0.0693259751580386,0.0586892786709936,0.05978067104026609
GE-MI-CNV,0.0266710110533948,0.055067190348464,0.0745819514728471,0.0335885268663866,0.0635768095250695,0.0442009056123394,0.057954161879305,0.0161005423162423,0.0328602868729498,0.0184914518619946,0.04230928378089931
