,SNF,PP,NEMO,COCA,LRAclst,CC,IntNMF,MOFA,Spectrum,IclusterPlus,Best,Mean
GE-CNV,0.16225492916227066,0.1756483715571313,0.15297606275068165,0.1422139815587039,0.16846966002684294,0.17651295329877392,0.13583260620635354,0.1354717556814313,0.1560757456206353,0.1317655809587612,CC,0.15372216468215857
GE-ME,0.1594565110499622,0.17202423773385775,0.17288008487244036,0.15496825603350572,0.17238597064202443,0.18205304030671346,0.16006104812449481,0.15850843977811505,0.16320669047187275,0.15621391718296804,CC,0.16517581961959546
GE-ME-CNV,0.15182231328058396,0.17483249677330467,0.17485487981003167,0.15585960887855543,0.17028508029000555,0.18225813341157618,0.15847300139120923,0.13876843882667908,0.16860077097718354,0.14181056639272235,CC,0.16175652900318516
GE-ME-MI,0.16919150050469903,0.1739846630138753,0.17385474764335193,0.1578507144767936,0.1707508024141358,0.17787253221059987,0.15792910903443563,0.1612755989635527,0.17641754094482862,0.15418967400395286,CC,0.1673316883210225
GE-ME-MI-CNV,0.1571323892784544,0.17609790600826222,0.16933506637631587,0.15839341922964453,0.16513496427616262,0.17865741156639003,0.15700555327067914,0.14547521503562383,0.16578192057957594,0.1535083031455651,CC,0.16265221487666737
GE-MI,0.16308018329463964,0.17412881135772793,0.1756156741894861,0.14906083742391246,0.17211522213998132,0.1795932472035723,0.16002930027160392,0.17972572968820708,0.16416214823922023,0.171293648000275,MOFA,0.1688804801808626
GE-MI-CNV,0.14418070145947023,0.175068856443127,0.1742684044813009,0.14966710340952133,0.16546668790045127,0.17498770187251922,0.1353373960341689,0.135924717662248,0.15738095678405264,0.13165646361941122,PP,0.15439389896662709
