,SNF,PP,NEMO,COCA,LRAclst,CC,IntNMF,MOFA,Spectrum,IclusterPlus,Best,Mean
GE-CNV,0.16400222903748854,0.1701777286693371,0.15714790592731243,0.13997108724153384,0.16902351080419872,0.14562494831171857,0.16229885445885636,0.1327737737363602,0.16620876020254846,0.12704162557669899,PP,0.15342704239660532
GE-ME,0.16313440534391047,0.1534483163477028,0.1745890751771232,0.14686327158468077,0.15851583689877413,0.16060317418536446,0.15055802345481384,0.15499524167033574,0.15897585834318162,0.15438376170936705,NEMO,0.15760669647152542
GE-ME-CNV,0.16738383394646902,0.15978679926685435,0.17677794688840032,0.13466312320589657,0.15699268592117074,0.16220739081885602,0.15030262787155432,0.12657609142490914,0.16210549227573803,0.1338803572875019,NEMO,0.15306763489073505
GE-ME-MI,0.169609613953016,0.16211709762165927,0.17490249145622302,0.14161220712462727,0.1550578516743355,0.15941411684912446,0.16233352827473493,0.1587560301116173,0.16307499825120422,0.15794351981114305,NEMO,0.16048214551276851
GE-ME-MI-CNV,0.15165610927832696,0.16261669613985588,0.16113825737428122,0.13780478792181702,0.15629036021708284,0.17371336958751404,0.1490081560220923,0.13017911273829888,0.1601426144296342,0.13808098422066717,CC,0.15206304479295707
GE-MI,0.17076095519636647,0.17179094587277774,0.17321584469592924,0.150206009975491,0.1738802452031207,0.17777143582434848,0.17106804773718073,0.1731297195263124,0.1721818437801013,0.16557682545091296,CC,0.1699581873262541
GE-MI-CNV,0.14873286447621906,0.16940922415634777,0.15823059371303794,0.13556686168945856,0.16879480972763597,0.1580614841402691,0.1745660366337866,0.12943671256041903,0.1714590174198514,0.13470600202154953,IntNMF,0.1548963606538575
