,SNF,PP,NEMO,COCA,LRAclst,CC,IntNMF,MOFA,Spectrum,IclusterPlus,Best,Mean
GE-CNV,0.1557358275296368,0.16343283201245506,0.15690505626063764,0.1437035114548551,0.1710537146600288,0.14733732082956152,0.16137433982996088,0.1294437103115983,0.16264001701495,0.1331351910638154,LRAclst,0.15247615209674995
GE-ME,0.16711209794418602,0.1696770495254413,0.17795670895208113,0.15825923630532734,0.15435273825117407,0.1632655929285595,0.1637499725995,0.154944713649336,0.16262284909594413,0.14920881919081394,NEMO,0.16211497784423634
GE-ME-CNV,0.1674376454690557,0.1671237940175554,0.17894482573047796,0.14593137336678533,0.15991741009828217,0.16590453174445974,0.16491218999840293,0.1334852860827542,0.16365738360190288,0.1382144631239521,NEMO,0.15855289032336284
GE-ME-MI,0.1759743711944184,0.1682952783720205,0.18163399291976645,0.160232394890067,0.15472527401384553,0.1631396873419172,0.1620088948031787,0.1593953967335858,0.17473221471687483,0.14806989907065107,NEMO,0.16482074040563252
GE-ME-MI-CNV,0.15115817591698463,0.16690674040619677,0.1740262390103194,0.1564838327558207,0.15949242621264914,0.1648822759170955,0.16812153974309,0.12930965210053924,0.16738940110961512,0.14459096306345556,NEMO,0.1582361246235766
GE-MI,0.16309837303789534,0.16495179052420758,0.1707063883462836,0.15780301005594857,0.1688257174530482,0.18269864875498956,0.15984026772787333,0.16934277501356662,0.18288676869911522,0.16454643528616594,Spectrum,0.16847001748990936
GE-MI-CNV,0.14465509748798944,0.16027566495611847,0.1797909951385691,0.1468841080135864,0.17512455578984698,0.15344465798046095,0.1632805438447085,0.13377226385500718,0.15673576570643216,0.1302581205557818,NEMO,0.15442217733285007
