,SNF,PINSPlus,NEMO,COCA,LRAcluster,ConsensusClustering,IntNMF,MOFA,Spectrum,IclusterPlus,Mean
GE-CNV,0.4162307353369609,0.3711906146405667,0.3693901394957772,0.3719850178799658,0.3884438373178572,0.3733491149211594,0.3688747014755713,0.3602013902401401,0.4097743463771098,0.3577850082136157,0.3787224905898724
GE-ME,0.3804220719410499,0.3796575609190177,0.3854906887211359,0.373968862313989,0.3706060762627173,0.3881391636181498,0.3729316616881604,0.3742211295824189,0.3789102931943937,0.3633202178429758,0.37676677260840086
GE-ME-CNV,0.4031721264870992,0.379067578810451,0.3872140022878586,0.3712994932713585,0.3763741342414792,0.3834098645784326,0.3731278776498818,0.3569525947129268,0.3783052656841458,0.3545486615135926,0.3763471599237226
GE-ME-MI,0.3840106473076734,0.3785920377754022,0.3879933708354771,0.3776622754871337,0.3710545824636915,0.3862197381152532,0.3714775338455951,0.3797042270678364,0.4006869823651457,0.3621168002846314,0.37995181955478396
GE-ME-MI-CNV,0.3708842116679769,0.3783330256355763,0.3828186995586412,0.3781376984031905,0.3750186677844773,0.3803638957191725,0.3758341521670013,0.3534172556232783,0.3862761103038942,0.3596361416988429,0.37407198585620516
GE-MI,0.3733623592440672,0.3746163832062726,0.3786962035809259,0.4068651700378008,0.3813059638953689,0.3948286577245392,0.3709370628380129,0.3771628732681245,0.4001631110738594,0.375051204037868,0.38329889889068397
GE-MI-CNV,0.3770028463082559,0.3686726796146788,0.3872909838148279,0.3700107945648848,0.3929838820363061,0.3694750573460843,0.3711155332769268,0.3661372409874396,0.389068662846344,0.3506763941462679,0.3742434074942016
