,SNF,PINSPlus,NEMO,COCA,LRAcluster,ConsensusClustering,IntNMF,MOFA,Spectrum,IclusterPlus,Mean
GE-CNV,0.0276831974632828,0.0603086519415858,0.0558937769637941,0.0327249845763342,0.0654961812165956,0.0354322275866081,0.0598539926871645,0.0154964013976628,0.051399072722877,0.022483131460562,0.04267716180164669
GE-ME,0.0687189955658336,0.0738978283316048,0.0794005112684729,0.0505029473380287,0.0489397793312805,0.0579250162188125,0.0574065205736716,0.0462799527024793,0.068313310177878,0.0448146962256933,0.05961995577337553
GE-ME-CNV,0.0531322694833871,0.0708096458801781,0.079571755859307,0.0356301149244506,0.0594921953374284,0.068957097867452,0.0596948602705117,0.0230818723724972,0.067198078388151,0.0323939778534433,0.05499618682368065
GE-ME-MI,0.0702698587270357,0.0722700706680969,0.0760850762716199,0.051439927767632,0.0510899299969509,0.0593527015787472,0.0557119865324593,0.0480526116503606,0.0682511054617838,0.0437133472127224,0.05962366158674086
GE-ME-MI-CNV,0.0491701715843464,0.0707160814822579,0.0742378098904525,0.0486300937640679,0.0588929196271798,0.0696132920675176,0.0627696995943617,0.0187167421281785,0.063801466563019,0.0399002941764039,0.05564485708777852
GE-MI,0.056960185510863,0.0612665418042282,0.0648355368787366,0.0380089085037145,0.0646845532711617,0.0776865454552951,0.0556457153596284,0.0651467955890703,0.0791712198654476,0.0598988231496362,0.06233048253877817
GE-MI-CNV,0.0302914351023176,0.0570871249052126,0.0775000501280323,0.0370530026094878,0.0688129758081654,0.0466580109829591,0.0607719363778937,0.0190790082613396,0.0482783474000027,0.0216065156590829,0.04671384072344937
