,SNF,PINSPlus,NEMO,COCA,LRAcluster,ConsensusClustering,IntNMF,MOFA,Spectrum,IclusterPlus,Mean
5,0.6145578181442362,0.3814141810929164,0.4624599359188385,0.330324525554609,0.3754771039630735,0.5090431410689569,0.4701916161200439,0.3469446667731199,0.4001339325006811,-0.0165240416819836,0.3874022879454491
8,0.6239896658623317,0.4142329025986825,0.6108264663036986,0.3101364035382422,0.3446074132835798,0.5563548302909247,0.5168992170382587,0.4069131312912083,0.5346677496830828,0.0005036188478341,0.4319131398737843
11,0.6153093647662675,0.4030691263217559,0.55827584318373,0.2314880986734774,0.3458186984739039,0.5372152150611016,0.4790609613188688,0.3590957955633239,0.58322740458964,0.0274202565588848,0.4139980764510954
14,0.6150435891455501,0.4051433540234385,0.5988347655060074,0.2563191587481759,0.3769501101144201,0.5289565456150975,0.4756397421623392,0.4276002197896328,0.5992754187982751,0.1760630355280764,0.44598259394310136
17,0.5785275044224779,0.3799588405754691,0.5941430731926635,0.2552664741130227,0.3711153126465364,0.5581991510196952,0.4716325608322906,0.4142755345617138,0.5924709255028867,0.2079175931825411,0.44235069700492974
20,0.5679138062592864,0.3621980765939838,0.5986527942461976,0.261805704159309,0.378703853501163,0.5328846803435447,0.4678776855447685,0.4386172096015066,0.5943577185772676,0.2608858233408597,0.4463897352167887
23,0.550118816985204,0.3820975321651471,0.6083806654784895,0.2758214587285903,0.3665299693735905,0.5538107170364467,0.4711308051121027,0.3957120435220734,0.5729360933082793,0.3101271413659285,0.44866652430758525
26,0.5561032022412221,0.3989920253693414,0.6173736096948544,0.3011939667657404,0.3911875270384949,0.5627523753294328,0.4689068840528832,0.4299336483647559,0.557931809876522,0.3309723096744338,0.4615347358407681
