,SNF,PP,NEMO,COCA,LRAclst,CC,IntNMF,MOFA,Spectrum,IclusterPlus,Best,Mean
5,0.6297913853606809,0.6364962614496669,0.5731405467276595,0.4345746144552188,0.4955844574039238,0.6135163951014108,0.5377030156524601,0.5211292795398219,0.4148366331867095,0.1172886956228927,PP,0.4974061284500445
8,0.6236834756663582,0.6150427935698178,0.5710640932844818,0.3907407656242056,0.4989165090335228,0.5661487086431084,0.5598583028213632,0.5196709555695619,0.5049794975690194,0.12478667696288022,SNF,0.4974891778744319
11,0.614320434611036,0.5632963196736177,0.5617266271078413,0.37159090933716366,0.5341588673121697,0.5932392069474232,0.5363453896650107,0.4646411243762727,0.5373253714764307,0.09937497069329015,SNF,0.4876019221200257
14,0.6073941413724918,0.5844869634408938,0.5872986145772462,0.33387691711776735,0.5318185954997818,0.6183580592175125,0.5544488231892519,0.5312935455041563,0.5885119157092489,0.10290657290920983,CC,0.5040394148537561
17,0.6031252908595325,0.5770174959158909,0.5500168705246762,0.31255722800141733,0.505532295375648,0.6188365828143988,0.5432513111153036,0.5271007625935115,0.5247386902218445,0.10863489903275424,CC,0.4870811426454978
20,0.5940776670436831,0.5812897667209745,0.6144346792792731,0.34747458190040453,0.5008511360342321,0.6167992811007545,0.5451568429724941,0.5435325393331444,0.5212539622190906,0.10188252072277114,CC,0.49667529773268226
23,0.5748506729287185,0.616321541431995,0.6125917174583465,0.3350456904512294,0.5058321423068909,0.613062601739391,0.5444736551662269,0.5094695382157525,0.5074337799392342,0.0971981845465532,PP,0.4916279524184338
26,0.6179391668402533,0.5973554444347136,0.5946463085596808,0.34805438769749136,0.5180781849909073,0.6319016217944702,0.5358674869817541,0.5146544480323115,0.5235767731081921,0.0952960753788639,CC,0.49773698978186387
