,SNF,PP,NEMO,COCA,LRAclst,CC,IntNMF,MOFA,Spectrum,IclusterPlus,Best,Mean
5,0.657743258406045,0.4669365803025484,0.4726008307353833,0.47122988239530184,0.42621651180974407,0.4709034420154632,0.618849800508188,0.5237839795204219,0.43968790302906174,0.17290085128342714,SNF,0.4720853040005585
8,0.6858127867946341,0.5441871869313792,0.6098666682658811,0.43077818973787013,0.37367054764882407,0.5273675870109998,0.5664556385378025,0.5708883233052663,0.593038041719029,0.09643017147587257,SNF,0.49984951414275586
11,0.64526078453467,0.48937834206502245,0.6079296928804703,0.39845411295884636,0.37411131159569394,0.4976185430215478,0.5923459070679655,0.5318598511430054,0.6277911111872797,0.15758928120753388,SNF,0.4922338937662035
14,0.6234819491261522,0.519081605949009,0.6029038712335434,0.3754589006769507,0.4019443665425721,0.5135032616807576,0.5778335503987553,0.5924157979184788,0.6224848041968309,0.23396114788374614,SNF,0.5063069255606796
17,0.6182799041121002,0.46417499390099964,0.6117618165742406,0.36241606381133823,0.3951669929023672,0.48901319706286844,0.569138078260213,0.5281614779740699,0.6103323337051024,0.2827191801900228,SNF,0.4931164038493322
20,0.6223395961207959,0.48349435316073236,0.6113829769184552,0.40374705001968886,0.4177610250242057,0.4697443478933481,0.5806090685960833,0.5952439026809399,0.5854639654366748,0.3343339489105286,SNF,0.5104120234761453
23,0.6172410212555005,0.48333403343272785,0.6133813501334946,0.3901797759158597,0.40920360972604514,0.4869214036629786,0.564738141558406,0.5722280017379394,0.6164445827326159,0.37147207085305084,SNF,0.5125143991008619
26,0.6079097289201484,0.49605543604352115,0.6384281835006148,0.3509768201839785,0.4126665816708104,0.5150731899371849,0.5835241521745415,0.5695215126884942,0.6032139999626395,0.4072954463327046,NEMO,0.5184665051414638
