,SNF,PP,NEMO,COCA,LRAclst,CC,IntNMF,MOFA,Spectrum,IclusterPlus,Best,Mean
5,0.6828014766840785,0.5238621008561141,0.5571550504492875,0.4460428802877425,0.5178309349123765,0.5978772297207458,0.5768000733035303,0.4891851961769295,0.5141306575630273,0.1349012167923803,SNF,0.5040586816746213
8,0.6777430987534215,0.5369278799301563,0.6712144292422719,0.41396974516032703,0.4894430200097825,0.6273203066698562,0.6058072288159799,0.5160858218885216,0.6055039823877909,0.1275757635848097,SNF,0.5271591276442917
11,0.6668107120893246,0.5284728303270066,0.6235554731964476,0.34106177935478993,0.4878186808622298,0.606776918755951,0.5697181749981517,0.49029676651937715,0.6377866364606328,0.14395810682805302,SNF,0.5096256079391963
14,0.6700642167922397,0.5249703146450695,0.656478013720834,0.35939968158806784,0.5020247851471966,0.602896467472507,0.5628482142096937,0.5323089036161793,0.6511610009694441,0.28450928886542254,SNF,0.5346660887026654
17,0.6357814568881013,0.5070955966444196,0.6493116232137504,0.3540415028770542,0.4898763514694147,0.6230876083046236,0.5516728277303767,0.520411897285329,0.6475663090427871,0.31475020635773016,NEMO,0.5293595379813587
20,0.624389306781761,0.49425645402379087,0.6473311354510902,0.35953630256752483,0.49704054207564763,0.6009512227139802,0.5473620770424491,0.53160240903738,0.6495055922139074,0.3752478402832376,Spectrum,0.5327222882190769
23,0.614648025616514,0.508937760059873,0.6533030295412912,0.3658380725272023,0.48653761579009686,0.6166843423521826,0.5501192075926632,0.504717398583661,0.6335172940996824,0.4188434585166123,NEMO,0.5353146204679778
26,0.6200467877791863,0.5155028081425485,0.6597390810905468,0.3916543669214993,0.5010552569416241,0.6214826786700323,0.5452956083346852,0.5198323221474409,0.6241751981777877,0.4443431068026507,NEMO,0.5443127215008002
