,SNF,PINSPlus,NEMO,COCA,LRAcluster,ConsensusClustering,IntNMF,MOFA,Spectrum,IclusterPlus,Mean
5,0.6976899255909413,0.545628545758334,0.5828088897694907,0.4800806756574656,0.5387995215938582,0.6185778511851183,0.59684952643551,0.5199533352040149,0.546625430116698,0.2150418793335883,0.534205558064502
8,0.7096081484916403,0.5746879759957857,0.702324323951607,0.4736525040914928,0.5309272259856754,0.662643588747287,0.63895391793081,0.5603776880288553,0.6445022989009676,0.2471149253398136,0.5744792597463934
11,0.7053587167084807,0.5730014882644442,0.6663078383748531,0.421118869123079,0.5363190520901708,0.6497957453411595,0.6147050497124953,0.541833939405879,0.6811843652866416,0.2659502066486269,0.565557527095583
14,0.7086424328444375,0.5738696496290043,0.6971405978315061,0.4404109825353035,0.5541968071163489,0.6464680358708754,0.6130891489522428,0.5819254553439596,0.6950967352657011,0.3890866147152024,0.5899926460104582
17,0.6809148824950588,0.5594377985222663,0.6945706248749592,0.4401720184474394,0.5478179348038863,0.6681357611624271,0.6065642798614145,0.5760112321265022,0.6921275276451226,0.4130455828230788,0.5878797642762155
20,0.6748723607513314,0.5493722685221684,0.6977929304624925,0.4497116928340852,0.5533763135765098,0.6505138267754058,0.6044507122999864,0.5893753748083694,0.6951640101344899,0.463208946496836,0.5927838436661674
23,0.6654571853377803,0.5625297855856253,0.7053808180523047,0.4578114756362408,0.5469565090463628,0.6661354084713969,0.6073634392548571,0.5659038768984136,0.680655915014584,0.4977076811291314,0.5955902094426697
26,0.6712319372535401,0.5706003332639844,0.7119227436213807,0.479275170551757,0.5616919577162712,0.6725095111568329,0.6059330727703662,0.5815431431948067,0.6718514284950697,0.5162646230403491,0.604282392106436
