,SNF,PINSPlus,NEMO,COCA,LRAcluster,ConsensusClustering,IntNMF,MOFA,Spectrum,IclusterPlus,Mean
5,0.7361566863170583,0.6445435757170918,0.6261963256595331,0.5277234396511529,0.6392161791801978,0.6660106969081621,0.6633590773550372,0.6006575865536536,0.5956326100717029,0.2061858127255362,0.5905681990139126
8,0.6996314819062928,0.6218627611960009,0.7004924974715099,0.4581203278512461,0.5927944207600921,0.6629625009713566,0.6615685514788712,0.5809666463455011,0.6373418985793224,0.1351087465667814,0.5750849833126974
11,0.6797640547932255,0.6093478763948201,0.6460827380307597,0.3705783702678134,0.5813182920226146,0.6333197958655921,0.615388513963091,0.5699605645889286,0.6489481395056169,0.1385038572766474,0.5493212202709109
14,0.6865066283867314,0.5958979402827658,0.6734586778249885,0.3814689034807241,0.5749274382108209,0.6332648209315481,0.599815751514499,0.5874010357149457,0.6591108488443558,0.2883782163529889,0.5680230261544368
17,0.6479019837467671,0.5818901508355234,0.6592211715736284,0.3666860160707005,0.5506958069578215,0.6429279127317484,0.5768216424974252,0.5709489251677711,0.6581004739803521,0.3232874430675707,0.5578481526629309
20,0.6303817533346651,0.5711990169552206,0.6455476816445807,0.3670915107091804,0.55904145914927,0.61945516102299,0.5697578332825923,0.566814642702264,0.6589950479299647,0.4016487510120172,0.5589932857742744
23,0.6283680745265576,0.5821859624288467,0.6461476050930794,0.3638812832167758,0.5461263689503372,0.6301069015487043,0.5718633784110297,0.5525362753304961,0.646959873976184,0.4486955530547771,0.5616871276536787
26,0.6328052238427968,0.5769160657943195,0.6499208899554052,0.3944939634470005,0.5502862860701064,0.629186149523831,0.5610468681808061,0.5480201748827602,0.642742356161771,0.4857923876931693,0.5671210365551966
