,SNF,PINSPlus,NEMO,COCA,LRAcluster,ConsensusClustering,IntNMF,MOFA,Spectrum,IclusterPlus,Mean
C1-C2a,0.7953113393557244,0.4842188559765604,0.6047060437199391,0.3876639662475215,0.592021363722846,0.5750156382054438,0.6003167328404299,0.1548053678858826,0.5575262897176976,0.0264262627702631,0.4778011860442307
C1-C2a-C2b,0.7544413467489572,0.3737241551797016,0.6606469399054316,0.35552160771304,0.4472877598854797,0.5186853690354016,0.3423343401490336,0.392436114820653,0.5676224498391431,0.1614156164903642,0.4574115699767206
C1-C2b,0.972807663964628,0.6018800236774763,0.9351722243494324,0.4086819396659527,0.8011028101101847,0.8979924465212754,0.642496319962423,0.6334266132648704,0.793036699221074,-0.006618187000299,0.6679978553737017
C2a-C2b,0.6514657242885622,0.647032170367014,0.5360105139299349,0.1352391891382547,0.6646307148362535,0.619764559524626,0.4989816700610997,0.5706198697990378,0.6520963363844767,0.1359920522881204,0.511183280061738
