,SNF,PINSPlus,NEMO,COCA,LRAcluster,ConsensusClustering,IntNMF,MOFA,Spectrum,IclusterPlus,Mean
C1-C2a,0.8959569785052317,0.7524882724330914,0.8025984667493052,0.7104530624759101,0.8009934615871103,0.7880790000743343,0.7961965976140484,0.6292110662049326,0.7828439457359284,0.5110630157896328,0.7469883867169524
C1-C2a-C2b,0.8342283965435688,0.6199829449276427,0.771866444509804,0.579191047279916,0.6469126827509435,0.6803784477696901,0.5721840979039202,0.6196474895381912,0.711730955259158,0.4713523295010186,0.6507474835983853
C1-C2b,0.9860879904875148,0.7986924266453561,0.9669901110211422,0.711811652761838,0.8987290773641969,0.9480327650495785,0.8189146651795951,0.8142154936818893,0.8952895033646147,0.5033475661330717,0.8342111251688799
C2a-C2b,0.8225449722430159,0.8224299065420559,0.7640170426398037,0.5775969077603134,0.8307640840350029,0.8141583382975371,0.7534246575342466,0.7861271676300579,0.8244757389984871,0.5657816664847864,0.7561320482165307
