,SNF,PINSPlus,NEMO,COCA,LRAcluster,ConsensusClustering,IntNMF,MOFA,Spectrum,IclusterPlus,Mean
C1-C2a,0.7613680314737041,0.4604975803765266,0.5704275571832784,0.4186822918320299,0.5727548604828476,0.547930695785967,0.5251957413628225,0.1959759869671774,0.5548954974904737,0.0386377669501703,0.46463660099049975
C1-C2a-C2b,0.7527979098680164,0.5081036543682895,0.6574319872428243,0.3929674499719426,0.524097982489279,0.5644924069963354,0.4200205902426413,0.4839924662372447,0.6037673414726967,0.2517691122755652,0.5159440901164836
C1-C2b,0.9633926444783923,0.5617050861360218,0.9185571144411672,0.3791950332633313,0.7426835471208458,0.8723789069676915,0.5965228034538962,0.5867735405355724,0.7635144015901331,0.0121085256734931,0.6396831603660545
C2a-C2b,0.585296460133433,0.6307390792650448,0.4695709524258932,0.1406180560102915,0.6155047562545821,0.6033193017973753,0.5243821634784851,0.5746457266987035,0.6065017266796446,0.1472426315208533,0.48978208542643065
