,SNF,PINSPlus,NEMO,COCA,LRAcluster,ConsensusClustering,IntNMF,MOFA,Spectrum,IclusterPlus,Mean
5,0.5962106856445837,0.3473396228326041,0.4751332825590252,0.3992508254541301,0.4180926683802369,0.5560649731700328,0.2976594546253457,0.3813257378278221,0.2973784821825197,-0.0091951971730418,0.3759260535503258
8,0.8079773741095915,0.3798987332822581,0.5664551027075551,0.4397086774807855,0.467411615463168,0.6406366860160475,0.368805530451359,0.4637231501924824,0.5652440540967957,0.0108448151616361,0.4710705738961679
11,0.8281910853624062,0.3567676831499978,0.6255787357357726,0.3257503440055175,0.4850968280690876,0.5919923369769695,0.4309419691747636,0.4064321986280621,0.7431891539374409,-0.0107705896547944,0.4783169745385223
14,0.8126869805787947,0.3389492681656022,0.7112472537641086,0.3511798765687884,0.4114180942268812,0.617437074542641,0.3972245065275742,0.4123795401419841,0.7558168904720318,0.0695944470753756,0.48779339320637816
17,0.7767495006216523,0.3666820393229207,0.6196285979172961,0.3527092793941698,0.4176247560638191,0.5676700078491469,0.341472369999563,0.405115867805596,0.6478270548382581,0.0809293344676746,0.4576408808280096
20,0.7625939799164281,0.3300222890821648,0.6995075160383246,0.3023313711767752,0.4301629760161852,0.5525861621925392,0.3594578728696473,0.4286941148704413,0.5215572811271859,0.1598227247423409,0.4546736288032032
