,SNF,PP,NEMO,COCA,LRAclst,CC,IntNMF,MOFA,Spectrum,IclusterPlus,Best,Mean
5,0.607058928190657,0.5439521848413937,0.4793093380335367,0.5140724198129559,0.5393785504926724,0.5276377055993183,0.6444107898424062,0.5262329704265927,0.3616594311772762,0.20511894103937958,IntNMF,0.4948831259456189
8,0.6001418303955339,0.5167257728364445,0.5755305312576521,0.4181918824245243,0.4696357356062502,0.5643810921095551,0.5744093796334664,0.4309192166193038,0.5040666946705398,0.14639450235524404,SNF,0.48003966379085145
11,0.6408087553403384,0.5610034143040101,0.5317818247737075,0.428262220522801,0.4280742148699867,0.5642673811793283,0.5542865094239667,0.48929030366094856,0.5262863382613896,0.15562329737176137,SNF,0.4879684259708238
14,0.6446275067556902,0.6069845908539336,0.5806030758107305,0.4517732352265047,0.4578335095297817,0.598989678106946,0.631348521524086,0.5342377604420229,0.5879847573665322,0.22225017175026543,SNF,0.5316632807366493
17,0.5938338351831932,0.5738977094743442,0.5324444600174393,0.44532010340297107,0.43677895468595707,0.5673016789726938,0.6157528472104468,0.5016628283902084,0.5287216044882311,0.20055648454001848,IntNMF,0.49962705063655033
20,0.6124602395158214,0.5673744287763055,0.5883742258334279,0.40395159844077827,0.4589752087209305,0.5503166883882268,0.605875116982077,0.46144818280127936,0.5417916528419957,0.24290556144278316,SNF,0.5033472903743627
