,SNF,PP,NEMO,COCA,LRAclst,CC,IntNMF,MOFA,Spectrum,IclusterPlus,Best,Mean
5,0.7340228240223836,0.4836164458417169,0.542431058942737,0.47948633962337867,0.5594826949296475,0.5423508970005052,0.4967925527768538,0.4599788141065136,0.5057252892818319,0.1282728455757355,SNF,0.4932159762101304
8,0.8611468702578363,0.5770128807784013,0.6013347196033467,0.49853886235434963,0.5886580823038665,0.5954539131865745,0.525705386966872,0.5999965629336841,0.6688081550652202,0.14202794023210913,SNF,0.5658683373682261
11,0.7860690822997632,0.5870106754816229,0.5822614574638604,0.5467218299083596,0.5500557961383489,0.5981880098827891,0.5246017136076989,0.5804356495536881,0.7516323854345751,0.13979524344733865,SNF,0.5646771843218045
14,0.7492757801197737,0.5773063942286447,0.6528101066962254,0.4243589528219968,0.5685676050314227,0.6010565713338762,0.5025840235312643,0.6037852571078771,0.6981902123445582,0.2520388804313512,SNF,0.5629973783646991
17,0.7117958717280342,0.5379914561290438,0.5876590270124716,0.39670785299693995,0.5580979532740387,0.5725714792297026,0.5011230393826113,0.5985314122468041,0.632964703607858,0.24699139089374955,SNF,0.5344434186501253
20,0.6897170672959517,0.5689673645453523,0.6359434572979928,0.43335267801900706,0.5320479006071324,0.5771119491419382,0.4989981785540039,0.5485241270837081,0.615102089023918,0.2867921241148402,SNF,0.5386556935683846
