,SNF,PP,NEMO,COCA,LRAclst,CC,IntNMF,MOFA,Spectrum,IclusterPlus,Best,Mean
5,0.6677077178802132,0.5017920933594204,0.5673218497761763,0.5139666839392631,0.5457218567546669,0.6359308265049272,0.44370886169224527,0.5168326183812993,0.4464317510316831,0.14752902762948786,SNF,0.49869432869493824
8,0.8352012655560884,0.5157453399798687,0.6384618514442638,0.5327214516868036,0.5727479744844934,0.6997724168600877,0.48811805982119755,0.5691072362904046,0.6386435160106628,0.1513147843881327,SNF,0.5641833896522003
11,0.8478979331256881,0.4893893079237535,0.6800242006503656,0.43013648354882106,0.5774900851216692,0.6552030982047666,0.5281633942829455,0.5237257598191681,0.7729299037888655,0.1274539121258734,SNF,0.5632414078591916
14,0.8294289677669034,0.4788515414133761,0.7460504767111678,0.4494495088841175,0.5195151291318978,0.6717796471677141,0.4946712440178438,0.523225412646952,0.7881508048183345,0.20082079905296712,SNF,0.5701943531611274
17,0.797790428186753,0.49497757007755255,0.6658282302166603,0.4480191192121434,0.516025016293738,0.6304335982662211,0.44669412895294885,0.5062577520008866,0.6943996941895522,0.20874195381303196,SNF,0.5409167491209488
20,0.7855457318656685,0.4639546006733574,0.7347384666166761,0.3951589672981324,0.528777502370909,0.6121926969294581,0.45676902937048536,0.5188402252276586,0.5943889832795862,0.2799829632676069,SNF,0.5370349166899538
