,SNF,PINSPlus,NEMO,COCA,LRAcluster,ConsensusClustering,IntNMF,MOFA,Spectrum,IclusterPlus,Mean
5,0.7166835853907668,0.5782924178493798,0.6314549180327869,0.585274663570069,0.6145766139061748,0.6878196619362205,0.5354016830504829,0.6006823863548088,0.5380350195726855,0.2978053124181555,0.5786026262081531
8,0.8671391220586211,0.6085561793639074,0.7045847526027832,0.6246831093989079,0.6498106628297589,0.7543256296893782,0.58619232197786,0.6464951283598523,0.7070294969077583,0.3296001569881437,0.647841656017697
11,0.882430188532549,0.5969431058110728,0.7463356666176022,0.5568126224223927,0.6595406662735377,0.724148064490016,0.6262184093757198,0.6280022566225358,0.8242754087018836,0.3303332439446366,0.6575039632791946
14,0.8724800294450153,0.5945318974211731,0.8042327129087126,0.5770583509689143,0.623426767860366,0.7424623062802044,0.6069955312341928,0.6308437191628311,0.8351489255484917,0.3994177142058063,0.6686597955035707
17,0.8488588535932511,0.6123022557479038,0.7460438860077996,0.5791141520538551,0.6245543758010628,0.7128766753756068,0.5706947685443817,0.6179780201755535,0.763871786548219,0.4004641304709884,0.647675890431862
20,0.839837502897044,0.5928813707809988,0.8004901235099199,0.5463721189044098,0.63687651319546,0.7009002148088832,0.5800439048680561,0.6345516501689772,0.6841840472945363,0.4588007364039518,0.6474938182832237
