,SNF,PINSPlus,NEMO,COCA,LRAcluster,ConsensusClustering,IntNMF,MOFA,Spectrum,IclusterPlus,Mean
5,0.6902288826052894,0.5797442393962774,0.5953773487367167,0.5573745627935903,0.6044962879775889,0.6639078444085283,0.4980654474009072,0.5684897309612672,0.5038817513398439,0.1539769676433499,0.5415543063263359
8,0.8304873005000525,0.5587811072934407,0.6443456990224531,0.5337725681807177,0.6010216451605533,0.7043549348748378,0.5093563270343736,0.5971034303188791,0.6436569970274346,0.1134993810146183,0.573637939042736
11,0.8330725254821093,0.51445713481019,0.6681581995977219,0.4078464842185531,0.5878327610223826,0.6494688931473145,0.527329804298353,0.5367428242069063,0.7513251487272719,0.062799082087778,0.5539032857598581
14,0.8031198932769001,0.5030734586533531,0.7226714634606822,0.4201102991146497,0.5237005253084461,0.6554395606802972,0.4797936942917643,0.5264529786360408,0.7734865984344801,0.1334502358777195,0.5541298707734333
17,0.7677629303453555,0.5059484151618334,0.6318122067248851,0.4122339261884051,0.5058959170163321,0.6107541115739095,0.4279152483149017,0.4956793680215103,0.6715002411821791,0.1448323965004329,0.5174334761029744
20,0.7542057127835333,0.4689601421569087,0.7042177603017838,0.3367734118132121,0.519293017901082,0.5830917137869519,0.4308053103737526,0.4932749106435571,0.5774256214170367,0.2213254286565281,0.5089373029834346
