,SNF,PINSPlus,NEMO,COCA,LRAcluster,ConsensusClustering,IntNMF,MOFA,Spectrum,IclusterPlus,Mean
GE-CNV,0.0092171371737283,0.0143492850989743,0.021161550658396,0.0166440121907726,0.0250608718058286,0.018339675743165,0.0277350899589917,0.0122562399593821,0.0241466488327605,-0.0033856730875739,0.01655248383344252
GE-ME,0.0298562264848851,0.0269557731565945,0.0284001637428214,0.0432423457934118,0.0333355954011508,0.0420079837060609,0.0553648940323084,0.0343541147274212,0.0246492507517019,0.0046022459331666,0.03227685937295226
GE-ME-CNV,0.0206177913154482,0.0489191769587063,0.0228845930900721,0.0445210775586128,0.0258828947798252,0.0239227886784349,0.0530924071205682,0.0341550843400045,0.0407695310365322,0.0002513606714021,0.03150167055496064
GE-ME-MI,0.040020703384573,0.0141455761608855,0.0702923378092527,0.0183096850124468,-0.0109988447003113,0.0380010342145846,0.0181555553742257,0.0035871345904769,0.0425791848727859,0.0018163132941975,0.02359086800131173
GE-ME-MI-CNV,0.0974113186657095,0.0164204249200059,0.0614410994525621,0.0427969791359577,0.0164115331115972,0.1026781937806753,0.1088790717776411,0.0236540731940934,0.0341444334887709,0.001436205185473,0.05052733327124862
GE-MI,0.0202629398209335,0.0152174063982521,0.0101891222733946,0.0058484006542793,0.0056506640943061,0.011544953367284,0.0183971630055708,0.0282741807943452,0.0132896173926088,0.0126971902502814,0.01413716380512558
GE-MI-CNV,0.0339990599538551,0.0331947864947145,0.0355380797349248,-0.0028908219968509,0.0273594863669414,0.0485261994304554,0.0831209939855128,0.0114467168650019,0.0225172340943694,-0.0036686236203713,0.028914311130855314
