,SNF,PP,NEMO,COCA,LRAclst,CC,IntNMF,MOFA,Spectrum,IclusterPlus,Best,Mean
GE-CNV,0.1384295725830588,0.13574908438939284,0.1429592733850312,0.1326461126720504,0.1456855737992437,0.1357508605372295,0.13546731386062558,0.1358070556101317,0.13593636827458613,0.11639124349533186,LRAclst,0.13548224586066818
GE-ME,0.1420922046027122,0.13462625574157516,0.13987559893403714,0.1560037342609346,0.1342183428986314,0.13808665726806887,0.1986633814790597,0.1655608041796089,0.1411086900391947,0.11797190009146101,IntNMF,0.14682075694952837
GE-ME-CNV,0.14149220473391816,0.13505480255740313,0.14373773319631877,0.1531924722813004,0.13249662866072345,0.14071840719883585,0.20324483456626571,0.13902913222589244,0.14277761926445093,0.1368684184982685,IntNMF,0.14686122531833773
GE-ME-MI,0.17249153335700004,0.184943919510726,0.1865214004870879,0.1584516191251047,0.15124057953139036,0.18125371779182264,0.1845132531596729,0.17782651801761298,0.16249318372353636,0.13779672403611176,NEMO,0.1697532448740066
GE-ME-MI-CNV,0.1694946019421271,0.1271178386335297,0.19161687635120425,0.16978471758322666,0.13983948498092322,0.1608133915208666,0.1960250238994116,0.23158526384041508,0.17878243718945175,0.11717964538265797,MOFA,0.16822392813238138
GE-MI,0.13403268232540613,0.14145060455913064,0.12939285476090392,0.13283266680724812,0.13726650735447218,0.14917796382940243,0.13676163725675153,0.14269457998410648,0.1397154989990512,0.12323946392416636,CC,0.1366564459800639
GE-MI-CNV,0.13730598308900357,0.1391339383651567,0.1513791456913813,0.13059213706335404,0.14240856464811863,0.14147118838418024,0.1626150731580262,0.16173827332041205,0.1443063621722632,0.11803932067184464,IntNMF,0.14289899865637407
