,SNF,PP,NEMO,COCA,LRAclst,CC,IntNMF,MOFA,Spectrum,IclusterPlus,Best,Mean
GE-CNV,0.13987548746675044,0.1424137953737569,0.13844779572069968,0.14247142391619877,0.14731865016826454,0.14334254414428263,0.13965223096431764,0.14053977169089618,0.15172236937339856,0.11326106479531596,Spectrum,0.13990451336138815
GE-ME,0.14547376688963137,0.1618553131649688,0.14677191462065747,0.167464807274758,0.15485008948363427,0.15998010777642566,0.1826455915491347,0.1660514073240648,0.14401777985168174,0.12100126698288256,IntNMF,0.15501120449178393
GE-ME-CNV,0.13993606790294355,0.17118882178255376,0.14478109126508978,0.16406224510926778,0.1503341954917302,0.14335762440406483,0.16546269909217126,0.16480018510952874,0.15609185321263422,0.11802209394192936,PP,0.15180368773119135
GE-ME-MI,0.16663267298288417,0.17985102551042056,0.20660211417402494,0.1587850619663941,0.12555029191228265,0.17508868739896868,0.17059657116478957,0.1574782117847908,0.16813927935586523,0.13170291700498052,NEMO,0.16404268332554012
GE-ME-MI-CNV,0.2090424162907167,0.15689518088826418,0.19355999189946038,0.16912591382750422,0.14657811134926843,0.22177506512032932,0.22496225731333172,0.15472550418881983,0.1541714785757863,0.12491930647832379,IntNMF,0.1755755225931805
GE-MI,0.1414669073776526,0.14667888806240026,0.13568807259768248,0.14898763344243626,0.13343203602936876,0.14062096159434698,0.14500366252382801,0.165674050734687,0.13349672709338609,0.1317405700188861,MOFA,0.14227895094746745
GE-MI-CNV,0.1488802574495169,0.15673614557524754,0.1625605059848656,0.12764087280070915,0.14855530699844063,0.17077242864804354,0.19012250571999567,0.14792924861687673,0.14339323826078867,0.11682957442217157,IntNMF,0.1513420084476656
