,SNF,PP,NEMO,COCA,LRAclst,CC,IntNMF,MOFA,Spectrum,IclusterPlus,Best,Mean
GE-CNV,0.14041135992852574,0.144527409475429,0.14006137965704166,0.14216374279130214,0.14899059838018966,0.1395924798194764,0.14256978062443312,0.14190970085125063,0.13997553013436276,0.1162897932241787,LRAclst,0.139649177488619
GE-ME,0.13190164300591342,0.12965116848252714,0.1350849338677328,0.14129877986937903,0.12713801159599478,0.1264893895493802,0.13024261171788135,0.14330542841035274,0.1250525398281441,0.12006920866343634,MOFA,0.13102337149907417
GE-ME-CNV,0.13957462116963285,0.1754784512586769,0.1390774088242195,0.1361611350392102,0.16510292340297417,0.17035935954174164,0.16278792422025876,0.15603139751514725,0.13994935412628837,0.11686969242924929,PP,0.15013922675273988
GE-ME-MI,0.17111514730894561,0.15880281831315549,0.19077569627328828,0.14519132463427056,0.157851378234752,0.15387025038121416,0.164613026348138,0.16258038903799843,0.1531640339235061,0.13616445754628353,NEMO,0.1594128522001552
GE-ME-MI-CNV,0.18716494338025366,0.17703190924952084,0.18052124821601026,0.1475946259092937,0.15769581802118934,0.2000880089663961,0.24766802909835697,0.16510555295719556,0.1593448433121202,0.1297245720806511,IntNMF,0.1751939551190988
GE-MI,0.14005530537037328,0.1448102809956797,0.13276295257821671,0.14642804715573346,0.13445053165975893,0.13889370868728565,0.13337105133956395,0.14665014965160142,0.14073292346335878,0.12946392927728906,MOFA,0.13876188801788608
GE-MI-CNV,0.1473027632428042,0.1504400263119083,0.14820971464841576,0.1290003086503021,0.14538815496251667,0.16221720192220887,0.18434734303172498,0.14499352984353336,0.136060465770074,0.12778478602284427,IntNMF,0.14757442944063326
