,SNF,PINSPlus,NEMO,COCA,LRAcluster,ConsensusClustering,IntNMF,MOFA,Spectrum,IclusterPlus,Mean
GE-CNV,0.3797321479903362,0.3748272732705769,0.3602587197479733,0.372065051216191,0.3671097727633612,0.3770094081060119,0.3486686227754873,0.3732886389130544,0.3860076681457339,0.330753658828669,0.36697209617573956
GE-ME,0.3601148640190891,0.3889956181192295,0.3656271205154053,0.3892800310463389,0.366269839099648,0.3665262869424678,0.3886884773075267,0.3900455256406434,0.3591552928569086,0.3331064335802091,0.3707809489127466
GE-ME-CNV,0.3531051683575562,0.3853380509801439,0.3625877424118464,0.3732637483618132,0.3690644820055698,0.3571296418956193,0.3694282565546506,0.3891438767960044,0.3645337395331093,0.3306443707274392,0.3654239077623752
GE-ME-MI,0.3455882845882645,0.4048013727341562,0.3989488357223871,0.3590542563525604,0.3202748946915626,0.3613765886671223,0.3705490279037964,0.3717121951899281,0.3516244621139068,0.3289138418836811,0.3612843759847365
GE-ME-MI-CNV,0.3954107857910879,0.3882118313811936,0.4111843111940151,0.3710220779801234,0.3580699338869633,0.4147175094984578,0.4111906589951378,0.3704705906744199,0.3521853417921274,0.3305339277206521,0.38029969689141785
GE-MI,0.3519434953236396,0.3699874632629666,0.3545783523745797,0.3945761513610001,0.3521919573818071,0.3616018386404013,0.3631388254094455,0.3958553588167394,0.3439842686449533,0.3427208040423476,0.363057851525788
GE-MI-CNV,0.3590637882607724,0.377162752238659,0.3892938468600407,0.358779976765451,0.3683818154513422,0.3852876831468771,0.3838179870647428,0.3812134666795405,0.3561466101627809,0.3287270058763228,0.36878749325065296
