,SNF,PINSPlus,NEMO,COCA,LRAcluster,ConsensusClustering,IntNMF,MOFA,Spectrum,IclusterPlus,Mean
GE-CNV,0.0306771772361868,0.0380648277517195,0.0339231167557297,0.0387052083416327,0.0497853059356038,0.034678548583671,0.0425529801584739,0.036074436200252,0.0450127911417013,0.0124152086448528,0.03618896007498236
GE-ME,0.0464502101649199,0.0696145482190824,0.0462884596037457,0.0698720449845233,0.064944833950104,0.0714060526807482,0.103883403307569,0.0737545816041298,0.0482487959464347,0.025295121435272,0.0619758051896529
GE-ME-CNV,0.0460852440358263,0.0793092374088111,0.0488709382933509,0.0744019094073774,0.0560552096897956,0.0490204426381403,0.073867433601295,0.0711015941925773,0.0629722890682612,0.0231705504269468,0.05848548487623819
GE-ME-MI,0.114289030975815,0.12060612763622,0.150565168990435,0.0989912445341752,0.0673748257455966,0.1258884393151991,0.1230851302163467,0.0971353055739674,0.110214191080903,0.0643785958370629,0.10725280599057208
GE-ME-MI-CNV,0.1343051444153527,0.0660532863635931,0.1080545650518039,0.0935586843664316,0.0652528670492448,0.1479294920818549,0.1548170411672162,0.0700518486979462,0.0761846604464606,0.0427877865288463,0.09589953761687503
GE-MI,0.0521942869883847,0.0548317945259821,0.0422967431450732,0.0465383483120294,0.0424534866119931,0.0487160927753556,0.0534749991564678,0.0728926125929764,0.0432162952425962,0.0398037157640293,0.04964183751148878
GE-MI-CNV,0.0535779241339232,0.0598508979923691,0.0628495913596313,0.0270334636335274,0.0499246191770383,0.0785034033667981,0.1034285361097314,0.0511275623060878,0.0515158705252158,0.0254303410105632,0.05632422096148856
