,SNF,PINSPlus,NEMO,COCA,LRAcluster,ConsensusClustering,IntNMF,MOFA,Spectrum,IclusterPlus,Mean
1-2,0.6978326032354435,0.4601416194850212,0.7038671509787344,0.2689431051791538,0.4406081699771479,0.3424928375693829,0.0015302788050369,0.4574730734987832,0.3531038245851872,0.0036455666334072,0.3729638229947298
1-3,0.9316376455703744,0.9003793126686114,0.9601970487771034,0.6708399521163488,0.9062286294974592,0.81595296817231,0.7660150665292516,0.8829310217567127,0.8282032487872719,0.8420999157596825,0.8504484809635127
1-3-2,0.3819672893877205,0.5577136765316639,0.4787777537670997,0.3552492837840399,0.4548640808720303,0.4278354250749159,0.4427513370924784,0.5483771851559374,0.344596105490159,0.5591050855066169,0.4551237222662662
3-2,0.0184729630083249,0.6427418726880985,0.0211312400592792,0.1809572466777411,0.4149296456924095,0.5767484934912022,0.5853963099266,0.5363714387584435,0.5982251922505936,0.0078475006423407,0.35828219031950337
