,SNF,PP,NEMO,COCA,LRAclst,CC,IntNMF,MOFA,Spectrum,IclusterPlus,Best,Mean
1-2,0.724412126803427,0.5188298217346383,0.7197147275913952,0.39052890016308694,0.5098614023689454,0.42758052831343657,0.17101348007373748,0.5171929929324963,0.47754050595571024,0.17296282760371676,SNF,0.46296373135405905
1-3,0.9271961341750584,0.9024408608689618,0.9571753071326818,0.7008310652671019,0.9104326569116541,0.8314125805658031,0.7882966393295664,0.887157944164216,0.8453077553521545,0.8517884519037141,NEMO,0.8602039395670911
1-3-2,0.4547467968118992,0.6007036136682279,0.5382257002143384,0.43983236902808703,0.5260622056707973,0.5122410662218583,0.5046157121283367,0.6004864213386499,0.4382387755877127,0.6018637076763608,IclusterPlus,0.5217016368346268
3-2,0.1821354678881356,0.6670678276277692,0.18343234294015776,0.3115977978744376,0.5106138467551546,0.6400611052319788,0.6247734110844624,0.5984935852929433,0.6477200363297361,0.17581334266496773,PP,0.45417087636897424
