,SNF,PP,NEMO,COCA,LRAclst,CC,IntNMF,MOFA,Spectrum,IclusterPlus,Best,Mean
1-2,0.6527418958499892,0.5897447408225491,0.6991555077697752,0.4103707675951971,0.515733237478207,0.45857976699132036,0.6170229661565586,0.53487654421975,0.5075977249450464,0.17227532695058176,NEMO,0.5158098478778975
1-3,0.913750929629282,0.812260057794647,0.9580341876013886,0.7334454633263601,0.7391722097934768,0.7168935968638861,0.7688544630869233,0.9349129337572964,0.8246057305295444,0.8736215761528944,NEMO,0.8275551148535699
1-3-2,0.4905427082577298,0.4829986222664003,0.5051027864390545,0.4720575386007046,0.39465984739502263,0.34610165786148817,0.5225914474035116,0.5857186719389736,0.44328050310240635,0.6220146433602538,IclusterPlus,0.4865068426625546
3-2,0.3262605840983906,0.24697980143235454,0.29307365351747167,0.42301946644159,0.23674847738950788,0.27024969874170796,0.6310224836725773,0.7096789877883328,0.4477768428722448,0.1701372288289179,MOFA,0.3754947224783095
