,SNF,PP,NEMO,COCA,LRAclst,CC,IntNMF,MOFA,Spectrum,IclusterPlus,Best,Mean
1-2,0.5702758964468476,0.8095751628044225,0.567096677724214,0.3385901273125323,0.592198137587857,0.27874575933021034,0.17166744884837837,0.5239789814385009,0.4881616123956567,0.17763602865395045,PP,0.451792583254257
1-3,0.9401096969403276,0.9402630408965869,0.97854281555776,0.660567832443398,0.8223118464038475,0.8218126493236096,0.6437361392590025,0.7482452408790832,0.7430828197794521,0.8557937426222586,NEMO,0.8154465824105326
1-3-2,0.5337953837273611,0.7200631726883082,0.5221508897992139,0.39069635660492263,0.5292193647331552,0.4376339096084317,0.40392927363417924,0.3198709661260666,0.4232905826383256,0.45348829524271866,PP,0.4734138194802682
3-2,0.2462009152750856,0.6036630720124683,0.2544793977903335,0.38016114285617625,0.39509460459296264,0.43924180543593566,0.4121152016416018,0.24889436526382838,0.3510550543736186,0.16892602230426965,PP,0.349983158154628
