,SNF,PINSPlus,NEMO,COCA,LRAcluster,ConsensusClustering,IntNMF,MOFA,Spectrum,IclusterPlus,Mean
1-2,0.8486882300507965,0.7276916495112344,0.8507247256712935,0.64599034945851,0.7209316635637901,0.6690246582396883,0.5036891936352462,0.726360600008066,0.6986080565219949,0.5056669327657666,0.6897376059426387
1-3,0.9655151376067528,0.9498424510504008,0.979922263446506,0.8350378084772283,0.9530765583822314,0.907721201542518,0.882739216703899,0.9410669528694522,0.9140563829622852,0.92063631044391,0.9249614283485185
1-3-2,0.5878398825957006,0.7035710780094246,0.6512559050640545,0.5768044865569157,0.6404863385179353,0.6237308712543197,0.6285166981433801,0.7010187045739398,0.5709838378543941,0.7044736702750249,0.6388681472845089
3-2,0.5076099609507156,0.8198129495159179,0.5068656534422693,0.6035506917021594,0.7185450694656534,0.7950017116935463,0.7919711152514028,0.7736487211568279,0.8023186250465271,0.5069527561711152,0.6826277254396136
