,SNF,PINSPlus,NEMO,COCA,LRAcluster,ConsensusClustering,IntNMF,MOFA,Spectrum,IclusterPlus,Mean
1-2,0.6267155471240409,0.3686561962076593,0.6045523061241578,0.2566532458515971,0.3680443735658981,0.2712240891312384,0.0078209677809293,0.3677453052906397,0.3809096367599486,0.0095759834119765,0.3261897651248086
1-3,0.8844356193480483,0.8571008188878734,0.931406609174436,0.5966154352077284,0.8719927828552718,0.7705635719825815,0.7161356347555483,0.8374758578664835,0.7936636343069062,0.7926291295075499,0.8052019093892426
1-3-2,0.3944332184522764,0.540826086463595,0.4846434418118608,0.3874433367433056,0.4828361976224264,0.4851569023363392,0.4425791011491514,0.5520633742860728,0.3991363834185851,0.5420123672474406,0.47111304095310536
3-2,0.0203234797053662,0.5386486606792911,0.0223001353189248,0.1502854552434123,0.3983668251074011,0.5484331105111877,0.4969528080753844,0.4854605959635584,0.5426162916920877,0.0126397711814473,0.32160271334780605
