,SNF,PINSPlus,NEMO,COCA,LRAcluster,ConsensusClustering,IntNMF,MOFA,Spectrum,IclusterPlus,Mean
GE-CNV,0.4302241640419488,0.3241795861725121,0.4762923652905567,0.2795432693428112,0.307824485996629,0.3067475396011763,0.2266394710610539,0.2733675249436498,0.3634861835780577,0.1365779493681982,0.31248825393965934
GE-ME,0.729625192126295,0.3899255379378025,0.6908093957942321,0.2400055346813239,0.3940054603102191,0.5282951832609146,0.3509134137150234,0.3808955401000131,0.6094839972594347,0.2559176592132633,0.4569876914398522
GE-ME-CNV,0.54423721154111,0.5023544447590937,0.5273247082839516,0.3592064581544388,0.5481364041765452,0.4658005279281499,0.4169465867528917,0.4131205786680763,0.5903536405362141,0.1275623020770353,0.4495042862877507
GE-ME-MI,0.7234021876927833,0.3929051562181692,0.6956003920067084,0.2655604992689453,0.4278114866380313,0.5129980455500437,0.3617319137316306,0.4233407203622422,0.5041480466315612,0.1768327165141832,0.4484331164614299
GE-ME-MI-CNV,0.5720782569976879,0.503707951294772,0.5293102068995387,0.3312450441406471,0.5443944910891885,0.4625697987808689,0.419714964490261,0.4007437050371214,0.5817393029807061,0.0592489610603214,0.44047526827711125
GE-MI,0.3394525540937932,0.4814496239768943,0.4220980749063497,0.160824280337068,0.443810532382548,0.6325194257886071,0.6421702452106928,0.2367217451052622,0.3812411572812307,0.0997569077690936,0.38400445468515393
GE-MI-CNV,0.5072071561241549,0.3241795861725121,0.5084469619615062,0.2913348313221821,0.3029819185621409,0.3124800044556338,0.2399991007802743,0.24117175159554,0.5089540613823618,0.0512683434628257,0.32880237158191317
