,SNF,PP,NEMO,COCA,LRAclst,CC,IntNMF,MOFA,Spectrum,IclusterPlus,Best,Mean
GE-CNV,0.49870705917360586,0.5806333876086435,0.5293487819030045,0.440720061274368,0.5330378540341109,0.6239062170531415,0.3420517527869456,0.35836969353470094,0.48619976142942195,0.2686377799394959,CC,0.4661612348737439
GE-ME,0.7216012603348224,0.5380684269067079,0.6939662212192079,0.5082473515592237,0.45973914569697216,0.5274698768407348,0.48691877587619903,0.5708974907225429,0.6434283986906405,0.5639257920529374,SNF,0.5714262739899988
GE-ME-CNV,0.6010945818972797,0.5759571895748606,0.5728017261314876,0.48295097919187596,0.49970197729863214,0.5737360697882379,0.5962945756686678,0.4651356994513403,0.6501112644203243,0.20848718907198846,Spectrum,0.5226271252494695
GE-ME-MI,0.665711526783756,0.5362296626481844,0.5889812014774152,0.43523744100147327,0.4590760067016371,0.5139966692283028,0.4846185136299295,0.6034076535890508,0.5720617506239077,0.42169808863499947,SNF,0.5281018514318656
GE-ME-MI-CNV,0.6113297796643812,0.5766915094848157,0.5589332148520861,0.43709688112513906,0.5169835653894581,0.5713646468528736,0.5982379621581676,0.4592144929663465,0.6227310019964919,0.1646103302391577,Spectrum,0.5117193384728916
GE-MI,0.369913068293702,0.5829580192851244,0.38300604986177217,0.3325795184114873,0.5241121183817866,0.6139290612302927,0.4802061937616851,0.3924346766064232,0.3846106533498725,0.2089308598620461,CC,0.4272680219044192
GE-MI-CNV,0.5073482380381926,0.5806524813050559,0.5278382494560455,0.40196809327866045,0.5302795049648367,0.6313544397932335,0.382285170654471,0.3031092222744681,0.5051033783340394,0.1816959178814538,CC,0.4551634695980457
