,SNF,PP,NEMO,COCA,LRAclst,CC,IntNMF,MOFA,Spectrum,IclusterPlus,Best,Mean
GE-CNV,0.5032085617491922,0.40853950452887583,0.5424597423230125,0.37045966405842234,0.3970807240968619,0.3904883220938107,0.3139174827336278,0.36309023729225515,0.453969533720024,0.2438858201585615,NEMO,0.39870995927546443
GE-ME,0.7573806426385756,0.5041249553176937,0.7223592356004224,0.36772091281166697,0.4952863619857136,0.5906875532970371,0.44964566579817616,0.48804148260600994,0.6637821701672505,0.3959922196061159,SNF,0.5435021199828662
GE-ME-CNV,0.5947257572505587,0.5681725358738018,0.5863935848188861,0.43262689265080817,0.6081683122446295,0.5247049807510936,0.48912187595115925,0.5049222707698964,0.6453962200375193,0.24461231927549856,Spectrum,0.5198844749623851
GE-ME-MI,0.7566215860472637,0.5061908381309638,0.7272363395718507,0.3582859525855208,0.5192847583528933,0.5765872990886813,0.455562151413421,0.5123101594909212,0.5821244819254744,0.3104197145616428,SNF,0.5304623281168632
GE-ME-MI-CNV,0.6260473980024858,0.5687739948837633,0.5884354127460464,0.4194879353445118,0.6032572743809829,0.5211172128155548,0.4899583891707304,0.4951623699880412,0.6353538864601025,0.17928661958690204,Spectrum,0.512688049337912
GE-MI,0.4300714753858422,0.5651351544472288,0.49700168179685916,0.29687857721222954,0.5276968574464352,0.6807963832432554,0.6750015669934898,0.3446189692875164,0.4748779183313132,0.20687320492619746,CC,0.46989517890703675
GE-MI-CNV,0.5668607514087768,0.40853950452887583,0.5700027700409113,0.37926499432104555,0.39254823248264853,0.3945518940398199,0.3267053949110587,0.3335262055653248,0.5745475528823322,0.16667412562306935,Spectrum,0.41132214258038624
