,SNF,PP,NEMO,COCA,LRAclst,CC,IntNMF,MOFA,Spectrum,IclusterPlus,Best,Mean
GE-CNV,0.5045505663043078,0.38105752453862135,0.548183255302389,0.39230712368922643,0.39023133640201396,0.41337039419474264,0.3338253868887667,0.3838733419348044,0.44856852675791253,0.23804627154355787,NEMO,0.4034013727556343
GE-ME,0.6033169303931624,0.5948489673808556,0.6059917879518754,0.41585427329520547,0.5144090181689316,0.4964103072590868,0.6648054458435008,0.3475849087142566,0.555669591947522,0.5059476402769078,IntNMF,0.5304838871231304
GE-ME-CNV,0.5375834619317735,0.36528788763201586,0.5609866715405467,0.40260510687043993,0.356325038298735,0.3606135075635588,0.331182016610179,0.39328063694850646,0.5904875431097255,0.22684013431556413,Spectrum,0.4125192004821045
GE-ME-MI,0.6007845416108131,0.5403508060297392,0.5634759720824408,0.40613030489588814,0.4141298794363328,0.5062267332887073,0.6094013028707488,0.5310045785298815,0.5111162140122381,0.23406141300943553,IntNMF,0.49166817457662243
GE-ME-MI-CNV,0.5692923425886245,0.380392400011333,0.5676137762582294,0.4109218329568634,0.36031177132143094,0.3976865180279588,0.29143633611986286,0.3971274775451504,0.5435743263537915,0.18396933344926078,SNF,0.4102326114632505
GE-MI,0.39192966720567757,0.45575875677004846,0.41543387230103174,0.32795540684144014,0.3798698755836025,0.46687241198024654,0.44397033417945386,0.3734320498922612,0.4252662566058512,0.133450589993333,CC,0.38139392213529466
GE-MI-CNV,0.5568822718359768,0.4062939688325174,0.504098580560764,0.40103672873147317,0.3948874740094596,0.40817984336313334,0.3911743036138233,0.4300162809415526,0.5492014581787971,0.1666169411461656,SNF,0.42083878512136624
