,SNF,PINSPlus,NEMO,COCA,LRAcluster,ConsensusClustering,IntNMF,MOFA,Spectrum,IclusterPlus,Mean
GE-CNV,0.6203050443352585,0.5527654975598648,0.6504689714129055,0.5210561106111359,0.5335136760470535,0.5408412952672241,0.4787212764218257,0.5243314548806036,0.5851126742453886,0.4302929843219051,0.5437408985103167
GE-ME,0.8179237112150186,0.6251615353166985,0.791956573160407,0.5310304031352783,0.6169546804115473,0.6850700146068484,0.5779292824701668,0.6130084812320264,0.7404491261966217,0.5559297976984912,0.6555413605443104
GE-ME-CNV,0.6926439278035244,0.6664208653947783,0.6826374247746019,0.5719175223776769,0.6980943323293303,0.6422521955397723,0.6078867265439676,0.6129103155837179,0.7258037685984615,0.4354565357135899,0.6336023614659421
GE-ME-MI,0.8138386313463608,0.6263982228851269,0.7948487142690053,0.5151699790761919,0.6358895936152343,0.6749380939017161,0.581070898405594,0.6298080569960173,0.6732286274593918,0.4864655371636305,0.6431656355118269
GE-ME-MI-CNV,0.7122435584355853,0.6671721375418544,0.6839061372369144,0.5564017378394752,0.6954946368609052,0.6400933674750074,0.6097356119547507,0.6097956822521409,0.7192524018706536,0.3824349394914533,0.6276530210958742
GE-MI,0.5590371996597259,0.6598147518944913,0.6115131908088591,0.4839890594304427,0.6289307787815852,0.7541247763147391,0.7582219102857255,0.5148093744375405,0.5866103160561089,0.4014133099940168,0.5958464667663235
GE-MI-CNV,0.6692195333162271,0.5527654975598648,0.6704435448630105,0.5251933243503518,0.5307233136222799,0.5434912607411462,0.4881688627989674,0.4987169130193176,0.6700202988597765,0.3678893196196425,0.5516631868750584
