,SNF,PINSPlus,NEMO,COCA,LRAcluster,ConsensusClustering,IntNMF,MOFA,Spectrum,IclusterPlus,Mean
GE-CNV,0.4590964768703692,0.3486734298542507,0.5006178902655753,0.31077961222132,0.3499040102469034,0.3238761314130315,0.2363917007180037,0.2915717320525122,0.4133097433366258,0.1647865267855812,0.33990072537641736
GE-ME,0.7245930245744134,0.4972877926985803,0.6843117378466284,0.3321268006183986,0.4748989452353743,0.5586974620233486,0.4200943012093384,0.4702204264859901,0.6414133870456951,0.3761292019065934,0.5179773079644361
GE-ME-CNV,0.5472961324070416,0.5357422974675334,0.549218621398105,0.3667566974203089,0.5782742002280131,0.4660622187853587,0.4425323145566183,0.488735918057895,0.6200312509778823,0.1708181200358705,0.4765467771334627
GE-ME-MI,0.7326239391026468,0.499269135289595,0.6912599124398389,0.2941273794114252,0.4941531948054145,0.5418257578142843,0.4238836421030384,0.4837817011145041,0.5689967716854699,0.2679608900071147,0.49978823237733316
GE-ME-MI-CNV,0.5938203785741842,0.5354418958146637,0.552089894101686,0.370817024053413,0.5698826951928551,0.460688472190788,0.4404245910671794,0.4749477226748612,0.6050699545289477,0.0961759582089314,0.46993585864075094
GE-MI,0.3917246724040075,0.5541410874703006,0.4573937796753687,0.2458223918691779,0.5103492611751724,0.6557449476264201,0.624612545484051,0.2823257883197467,0.4567822816566,0.119449397015482,0.4298346152696326
GE-MI-CNV,0.5241555647859485,0.3486734298542507,0.5311178032982171,0.3212668272906028,0.3439394652635247,0.3276844169226797,0.2519482211539344,0.2606899520811168,0.5446682984048581,0.0808647137867399,0.3535008692841872
