,SNF,PINSPlus,NEMO,COCA,LRAcluster,ConsensusClustering,IntNMF,MOFA,Spectrum,IclusterPlus,Mean
GE-CNV,0.0286103376850048,0.0328548586340472,0.0386832986652814,0.0121754798955983,0.0311388610367276,0.0315082369566,0.034609151703283,0.0126988534917499,0.0232683892336726,0.002605491298214,0.02481529586001788
GE-ME,0.0322431496984335,0.9073785398804886,0.0707927882073864,0.444650028649162,0.9119535607063474,0.967078036905438,0.8998905791666681,0.7647192093780661,0.9671527735501542,0.3617238303202271,0.6327582496462372
GE-ME-CNV,0.0296451125417482,0.9014031305828248,0.0429581072553122,0.2271158076064058,0.8971395456899758,0.9717651705083796,0.8078539085345998,0.0806743248730351,0.3456036959856625,0.6355485250512548,0.4939707328629198
GE-ME-MI,0.0194649055167217,0.9028813368918694,0.0408340515474724,0.3783697257803005,0.905927067516276,0.968128032900095,0.8998613379018933,0.4325861162805313,0.4200296338274091,0.4525930537659482,0.5420675261928517
GE-ME-MI-CNV,0.0415529953593925,0.8755984417289626,0.0421752334962194,0.3801052010122599,0.905927067516276,0.9728895468494412,0.8164857873668694,0.0554980188211746,0.0199103456436582,0.3632904155659995,0.4473433053360253
GE-MI,-0.0021332741831564,3.944054260862186e-05,-0.0003343980200222,-0.0001562310376666,0.0001697626902018,0.0039644697733086,-0.0004875884081672,0.0013057858031404,-0.0002483962585403,-0.0008971050975623,0.00012224658041444227
GE-MI-CNV,0.0194508186673935,0.0201949994188973,0.0152529913259273,0.0135019277711724,0.0249093575851967,0.0190879040243258,0.0224007279054969,0.0049010824635593,0.0180285504119534,0.0050390121696969,0.01627673717436195
