,SNF,PP,NEMO,COCA,LRAclst,CC,IntNMF,MOFA,Spectrum,IclusterPlus,Best,Mean
GE-CNV,0.19687474947913675,0.1963626774611249,0.2003487248142576,0.19873147352379741,0.20186893047234158,0.2017975874190223,0.19268460323095674,0.18564816778244675,0.18864528864869476,0.17528308729410458,LRAclst,0.19382452901258831
GE-ME,0.21701577793445923,0.9075778787049322,0.22127765038042213,0.5598670483071434,0.9117777296508031,0.9629080283444044,0.901042247424405,0.7966121478796201,0.9638280579229357,0.46259632516196797,Spectrum,0.6904502891711093
GE-ME-CNV,0.1909041802614585,0.9023856108305278,0.20077012073544187,0.3631691996254873,0.8983278818439323,0.9678843882144292,0.8238920824637948,0.23046616080326102,0.4795035058656654,0.6890770537086391,CC,0.5746380184352637
GE-ME-MI,0.20271940369653543,0.9036320470878558,0.19993296858068565,0.5095774429980425,0.9062962227384977,0.9642857606611619,0.9010448820535828,0.545486833563379,0.5461068072942439,0.5367664922515559,CC,0.6215848860925541
GE-ME-MI-CNV,0.19966521267846463,0.8799931744921196,0.19925805262878085,0.48413374287084415,0.9062962227384977,0.9692333439578354,0.8308625286555281,0.2124204943882568,0.20060203671090526,0.4651809273450784,CC,0.5347645736466311
GE-MI,0.17697562903887362,0.20611183837114264,0.1782889787912845,0.21866519021625141,0.193440179752843,0.1875048558710292,0.19983094897884257,0.19025029966391224,0.184609938935451,0.1864768634289233,COCA,0.19221547230485533
GE-MI-CNV,0.18586852276028779,0.18692025458825526,0.17902214959533536,0.19243227125464157,0.1973498619936385,0.19681513284149466,0.18365696203774562,0.18387633360088418,0.18747086501146445,0.1787017516362974,LRAclst,0.18721141053200446
