,SNF,PP,NEMO,COCA,LRAclst,CC,IntNMF,MOFA,Spectrum,IclusterPlus,Best,Mean
GE-CNV,0.19663013699967336,0.2011667560049155,0.21122152035099798,0.1819194786180094,0.19750570484862154,0.23826958313418048,0.19072304897917403,0.19950179869505322,0.19849439325042587,0.1792792152792194,CC,0.19947116361602707
GE-ME,0.3172890179260093,0.2095350147576791,0.6353751311873758,0.3689124948848373,0.20017843182119263,0.3671384219762199,0.9075778787049322,0.8536855256793411,0.9075255441859355,0.46511393579696686,IntNMF,0.5232331396920489
GE-ME-CNV,0.18655026919699194,0.20263912515961266,0.21524608040263202,0.38026598056701105,0.21713052587530826,0.32452152345399904,0.8816165393329104,0.5754220094543959,0.598076747937396,0.7590391577513401,IntNMF,0.43405079591315976
GE-ME-MI,0.21114656996435432,0.1841361817942017,0.17497625865507982,0.6773972728937174,0.18849372840369696,0.22640545404018933,0.9062962227384977,0.7748742267214462,0.2471065821318604,0.5375305421612849,IntNMF,0.4128363039504329
GE-ME-MI-CNV,0.19172332258369637,0.2033845868228401,0.19188006267973057,0.26104525227724634,0.20216402868245797,0.27023587209370153,0.8736541319249996,0.551771024894899,0.23693335937968643,0.5365153761686671,IntNMF,0.3519307017507925
GE-MI,0.1771964996769079,0.1800911718697854,0.17513416533189777,0.20633655710163468,0.18620547630906414,0.22490183513818898,0.19882370621883458,0.5835110860046581,0.18135349417250166,0.18720145810449848,MOFA,0.23007554499279714
GE-MI-CNV,0.18946476897558637,0.1902174771291544,0.18918863230110083,0.18653230525757905,0.18971201998851517,0.2333234853465501,0.18851424648685264,0.18806741694975357,0.18042520094666706,0.1782485563741545,CC,0.19136941097559138
