,SNF,PP,NEMO,COCA,LRAclst,CC,IntNMF,MOFA,Spectrum,IclusterPlus,Best,Mean
GE-CNV,0.1984181632507183,0.1936165092619573,0.19850874596697918,0.19872962327535626,0.20230476093330543,0.20269691130452405,0.1963431539640338,0.189718660992681,0.19330927204663584,0.17973660129150312,CC,0.19533824022876942
GE-ME,0.1795656518321176,0.1658455838794279,0.17268794204269075,0.21757789996239954,0.16891425165486806,0.18052642274853306,0.16521544143637837,0.17762043064422375,0.21910963894974042,0.16699993911947875,Spectrum,0.18140632022698583
GE-ME-CNV,0.18568770366320866,0.1812799134446774,0.17938232400802978,0.18847439000440372,0.174227810067092,0.18420643585904864,0.18047472370363773,0.18029219290552745,0.19897887676894851,0.18258822288917634,Spectrum,0.183559259331375
GE-ME-MI,0.18319002643578963,0.16641735114072445,0.17182971754313867,0.21121731004183708,0.16794088623700498,0.18494194389878518,0.1692178590759411,0.24068475197103964,0.22240244362728992,0.17197668744803654,MOFA,0.18898189774195873
GE-ME-MI-CNV,0.1818654511658798,0.18268893720300372,0.17284594743784773,0.19861411833636258,0.17808646062265934,0.1885919257253813,0.17962636365749207,0.17916200670327834,0.18042914245687383,0.1662665670291157,COCA,0.18081769203378945
GE-MI,0.18129662980830594,0.2093479866532134,0.17163186283129747,0.21866519021625141,0.19928397239673437,0.1726105398499447,0.1764863884758404,0.1902019865398311,0.17715562653295433,0.1688519611456196,COCA,0.18655321444499928
GE-MI-CNV,0.1862748162810339,0.18638990878484576,0.18203544294599092,0.1878147453522756,0.1955951959729275,0.19971509495763276,0.18099153876986548,0.18333073366332156,0.1926097759008626,0.16874125211649782,CC,0.1863498504745254
