,SNF,PINSPlus,NEMO,COCA,LRAcluster,ConsensusClustering,IntNMF,MOFA,Spectrum,IclusterPlus,Mean
GE-CNV,0.5352037316631094,0.5279332581638988,0.5296336705570088,0.5701643599195034,0.5442750905275082,0.543386580138527,0.5158867596978858,0.5312064553840152,0.5219930958149035,0.5187778690869674,0.5338460870953328
GE-ME,0.5692990329245367,0.9535580524344568,0.5372786248126553,0.7498636885544048,0.9558500777598424,0.9834757854826248,0.9498151681885928,0.8969884470525272,0.983515909397139,0.6805174976753674,0.8260162284282145
GE-ME-CNV,0.5179862551079454,0.9505725240231548,0.5241851281271018,0.626552951452011,0.948449718008132,0.9858284912247314,0.9040375659750948,0.5465756875448252,0.7268357906962235,0.8271919104342613,0.7558216022593482
GE-ME-MI,0.5627025812188519,0.9513063036270792,0.5255416386400311,0.7166411960614505,0.952828972805774,0.984002064249774,0.9497983133354486,0.7773024262969963,0.7768723817055249,0.7264502256000515,0.7923446103540982
GE-ME-MI-CNV,0.5232192714563774,0.9376770538243626,0.5215130293557164,0.7007141794700792,0.952828972805774,0.9863918452845092,0.9082969432314412,0.5363592541988464,0.5514960587492788,0.6855032804776542,0.7303999888854039
GE-MI,0.5319540126830347,0.6145233590182266,0.5324826927402169,0.6533617889616903,0.5759486447256953,0.5507205487428107,0.597359338232854,0.5631488971039053,0.5517701292039103,0.5549272146005039,0.5726196626012847
GE-MI-CNV,0.5199817876531676,0.5218343055732367,0.5077186069435011,0.5505753774820963,0.5414666256607903,0.5496316421877183,0.5094639340951158,0.5397613260423655,0.5267788639203357,0.5234548041751932,0.5290667273733519
