,SNF,PINSPlus,NEMO,COCA,LRAcluster,ConsensusClustering,IntNMF,MOFA,Spectrum,IclusterPlus,Mean
GE-CNV,0.026810179089296,0.0282999155854287,0.0327292052204827,0.0138545807562906,0.030192839852789,0.0304979451619398,0.0275578982917015,0.0130391944715751,0.0206743808975082,0.0044659014971323,0.02281220408241439
GE-ME,0.0495051511804075,0.8617970437998512,0.0557615381212247,0.4850874277178635,0.8675295504862195,0.9381702626451502,0.8534209949179541,0.7281287872082667,0.9408154908215138,0.3455476474903094,0.612576389438876
GE-ME-CNV,0.0250811731346819,0.8551811778856038,0.0351671268239116,0.2358388398180452,0.849394381833689,0.9460595029101768,0.7597847728816897,0.0641484699919228,0.3660710309151104,0.6044907256404012,0.47412172018352317
GE-ME-MI,0.0259907243540328,0.8567085007446187,0.0334232155545535,0.4337214071523766,0.8601326278934434,0.940727184833617,0.8534749949234064,0.4265719581126094,0.4414184063497978,0.431256197388668,0.5303425217307124
GE-ME-MI-CNV,0.034223371219624,0.8267040279230333,0.0340858950344068,0.3715818481301933,0.8601326278934434,0.9484186397395556,0.7678048553682739,0.0454042101447493,0.0303997057397788,0.3467490859915813,0.426550426718464
GE-MI,0.0011061486167426,0.0037727155525926,0.0027186416536588,0.0027900127247306,0.0042021318426319,0.0078295490969683,0.0026210971118409,0.0062962160846911,0.002308083860983,0.0054004807838283,0.0039045077328668104
GE-MI-CNV,0.0181729619603023,0.0187314587726318,0.0140948505165776,0.013219508510656,0.0256736027349285,0.0217258523124399,0.0191062241126241,0.0069665922967278,0.0176051807021043,0.0076114385640021,0.01629076704829944
