,SNF,PINSPlus,NEMO,COCA,LRAcluster,ConsensusClustering,IntNMF,MOFA,Spectrum,IclusterPlus,Mean
GE-CNV,0.3893471894814306,0.403612055550297,0.4383919090758303,0.258756638597192,0.348291077339615,0.3450126103061054,0.3017627240655243,0.2636263783740349,0.3827458658217506,0.23798977251497,0.33695362211267504
GE-ME,0.496613546239826,0.4049819873737868,0.5591896598100419,0.3792355679624713,0.3773581963712298,0.6293324558401854,0.4651270251797103,0.4635607119536654,0.4651415439907036,0.3402879975343486,0.4580828692255968
GE-ME-CNV,0.5388375876843433,0.652425147643447,0.5939258880460695,0.3221698669581027,0.4331029165234798,0.6185797606252815,0.6087998825848956,0.5647968720211186,0.6287098446384237,0.4780507489069739,0.5439398515632136
GE-ME-MI,0.556660456984283,0.409086610753137,0.5914726178900247,0.2523216305635854,0.4024931840583288,0.6234898534011251,0.4672899408455679,0.4335407331166096,0.5448160147811889,0.3829983474629953,0.4664169389856845
GE-ME-MI-CNV,0.585061113512168,0.6531467496593673,0.6211786417127451,0.2899098097450857,0.4676898058274442,0.6177741499911635,0.6050711924333558,0.5388614009075633,0.6045234347596884,0.4837431856370732,0.5466959484185654
GE-MI,0.4500104488749864,0.2394304710759691,0.4450196346224825,0.1430854766008096,0.19663266194092,0.5114017875018055,0.4386981296490971,0.2837546945907071,0.3153098076965042,0.204280464312259,0.3227623576865541
GE-MI-CNV,0.4598102709609638,0.4034966766904778,0.4854797249031942,0.2328235764789479,0.3759099836693085,0.3642033642737697,0.3509131182680579,0.2730379776876105,0.492493783712535,0.2021395223947718,0.3640307999039637
