,SNF,PP,NEMO,COCA,LRAclst,CC,IntNMF,MOFA,Spectrum,IclusterPlus,Best,Mean
GE-CNV,0.44373185261669396,0.46667913058007415,0.48204209248251645,0.33883328984316846,0.41353264082537605,0.4312546486828623,0.38917086921751576,0.3154525902646888,0.44512335157737687,0.31766103184809247,NEMO,0.4043481497938365
GE-ME,0.6593120497237224,0.6157518772719044,0.6657665913589392,0.39943117496291175,0.5816190866365795,0.636067296857653,0.5395190556770254,0.5754154310450763,0.5081906961569574,0.5090713839858216,NEMO,0.5690144643676591
GE-ME-CNV,0.5531803519426318,0.6781270992215416,0.6035671613232031,0.47317034386904916,0.6207851704103396,0.6304678129877392,0.5873280249966403,0.5191688771306538,0.670827965073281,0.5084882961012339,PP,0.5845111103056314
GE-ME-MI,0.6244931405415115,0.6040334074552588,0.6206518155922389,0.3111285944251758,0.5498803607919799,0.6280350135331165,0.542569846562882,0.5143407574381288,0.554156617449291,0.2564356189811046,CC,0.5205725172770687
GE-ME-MI-CNV,0.6106921883728529,0.6490805722155616,0.6069482261010571,0.3270093352958183,0.6276791920645145,0.6472541255976412,0.6059769435510477,0.5728470094463963,0.6364121847239744,0.22102166893401654,PP,0.5504921446302881
GE-MI,0.40338394019999085,0.2856793456352787,0.41167474787937514,0.23471863807928606,0.2665332295680585,0.3988433104057352,0.44272230929464057,0.38138302308200234,0.3758429615815752,0.14235734007315357,IntNMF,0.3343138845799096
GE-MI-CNV,0.4813430649944869,0.4550340157445163,0.49681793622757664,0.2948561933715667,0.34781884509760513,0.4265978939875125,0.460154617785564,0.44506570976806276,0.49377865898641277,0.18847651619462424,NEMO,0.4089943452157928
