,SNF,PP,NEMO,COCA,LRAclst,CC,IntNMF,MOFA,Spectrum,IclusterPlus,Best,Mean
GE-CNV,0.45802484121497544,0.5093884458695124,0.4948378353597285,0.3462942846774976,0.36520135288653033,0.5633653901956451,0.4350973751747725,0.33753072304413423,0.4571085833983786,0.2993256659006666,CC,0.4266174497721841
GE-ME,0.5597607973904751,0.5339037047568728,0.6438674523142948,0.4222425200871416,0.4479232078642384,0.5284600396383844,0.5756057218234139,0.55434753571029,0.5360133638109698,0.45020200480617323,NEMO,0.5252326348202254
GE-ME-CNV,0.5888933149624672,0.5481740877100933,0.6231780750871799,0.37697822248602986,0.430855729614873,0.5624726309847352,0.6718525033368339,0.5309911417470812,0.6586924762719982,0.45199572967570356,IntNMF,0.5444083911876996
GE-ME-MI,0.6143934947820581,0.5339037047568728,0.6174451555895099,0.36606743999893165,0.4529422309542929,0.5103158119221384,0.5722862417997088,0.5839549034902402,0.5958516246296075,0.4494969226190016,NEMO,0.5296657530542361
GE-ME-MI-CNV,0.6345830951780173,0.5449040857133528,0.6618297617426938,0.3890754025742058,0.42764963243463905,0.5893733307243123,0.6768465793520176,0.5333527554744957,0.5972312486179717,0.4371758228200033,IntNMF,0.5492021714631709
GE-MI,0.500036423789933,0.5073098217024415,0.503933216591871,0.23527521673256044,0.3278906721173522,0.5263131365788416,0.5133311156858574,0.35420042070865326,0.4680145947364684,0.4048106776822682,CC,0.43411152963262467
GE-MI-CNV,0.5230938824633206,0.52316359415619,0.5469352748988566,0.31777295462437133,0.3812353405952342,0.6056709961445189,0.43380458697967583,0.3434821894389802,0.5491506455173715,0.2997312491651627,CC,0.45240407139836813
