,SNF,PP,NEMO,COCA,LRAclst,CC,IntNMF,MOFA,Spectrum,IclusterPlus,Best,Mean
GE-CNV,0.4428734292978433,0.46258370517852015,0.48211279115537486,0.34258866103118657,0.41398338923373484,0.4124342842707913,0.3752581526544094,0.3373630774658207,0.4463435658498969,0.32195010754275116,NEMO,0.4037491163680329
GE-ME,0.5913038751897045,0.5226854489838754,0.6126248139453212,0.46110372246326364,0.49979840355519345,0.6700875350699275,0.5388292289521988,0.5521756261856734,0.5527856211963412,0.4735349203379566,CC,0.5474929195879457
GE-ME-CNV,0.5778102707121886,0.6901629137804699,0.626748852841584,0.4044996734682957,0.5326759266971102,0.6667868391490991,0.6446617841900707,0.6189710507625542,0.6677578571608763,0.5455990054578592,PP,0.5975674174220108
GE-ME-MI,0.6205806443232637,0.5221256204322197,0.632474405147898,0.34746369280048245,0.5152770090021473,0.6661248313377011,0.5421877790183753,0.528683625343742,0.6126125055184349,0.4991452993859913,CC,0.5486675412310256
GE-ME-MI-CNV,0.6216232040152484,0.6903437967414238,0.6540537389681945,0.37389795499702116,0.5560039840186151,0.6664616574785538,0.639932761492531,0.6009075459855968,0.6478671934807371,0.549851507131039,PP,0.600094334430896
GE-MI,0.5113848918879255,0.3348434503120427,0.5091340877531958,0.23837708632802332,0.29790480832589267,0.5742404316674615,0.4979057606631674,0.3691178662582975,0.41399801671489006,0.3022068245269975,CC,0.4049113224437894
GE-MI-CNV,0.5057464335941165,0.4624870211697543,0.5271131474562808,0.3208095865094933,0.4390571335501705,0.43151758129681556,0.4155726369101842,0.35301970218638656,0.5400299958730229,0.3040056674808587,Spectrum,0.4299358906027083
