,SNF,PINSPlus,NEMO,COCA,LRAcluster,ConsensusClustering,IntNMF,MOFA,Spectrum,IclusterPlus,Mean
GE-CNV,0.543121999505941,0.5519426382824498,0.5766900368402286,0.455977680013741,0.5133983460297764,0.5105810446281811,0.4748653449713318,0.454049974503154,0.5403125793081347,0.442902306149596,0.5063841950232535
GE-ME,0.6376037549588461,0.5767424524791878,0.6704357117021598,0.5387768251472023,0.5604664403060251,0.720331031750308,0.6030120575396637,0.6080820773894737,0.6102063809018675,0.5364728805320372,0.6062129612706771
GE-ME-CNV,0.6528432371876008,0.7387538583569533,0.6933317795452433,0.496434910663473,0.5948078516496362,0.7143476897731424,0.7048126208329614,0.6748447359326768,0.7212411534076116,0.614192878126256,0.6605610715475556
GE-ME-MI,0.6719391806503323,0.576588989578326,0.6917697605267794,0.4441840392360687,0.5738554856247069,0.7160169226111213,0.6049115560659822,0.5874350937351889,0.6632064122623031,0.5595761440522914,0.60894835843431
GE-ME-MI-CNV,0.6868445191497181,0.7391153323025101,0.7139448371764171,0.4734791679584696,0.6148709768303104,0.7138404526987109,0.7018430096149311,0.6575486652977787,0.7026424214665251,0.6185283095355592,0.6622657692030931
GE-MI,0.5880838625829397,0.438451041104838,0.5861503755616436,0.3668137577379925,0.4047682181688052,0.6374506167881141,0.5795210688614892,0.4751877232036815,0.5018382569622687,0.4132552376025781,0.49915201585743507
GE-MI-CNV,0.5933019674580932,0.5551206525279464,0.6114096582619488,0.4306404973683697,0.5338065566735404,0.5286600896187282,0.5133489472132451,0.4703281863918227,0.6188500856130275,0.4337716985159009,0.5289238339642625
