,SNF,PINSPlus,NEMO,COCA,LRAcluster,ConsensusClustering,IntNMF,MOFA,Spectrum,IclusterPlus,Mean
GE-CNV,0.3961510989061582,0.4321964217028137,0.4312564275500657,0.3130316644826267,0.3802607443318133,0.3817091978780874,0.3491463889263722,0.2944128795202734,0.4159722524198054,0.2849582439636876,0.36790953196817033
GE-ME,0.6396943243704413,0.5863319070986515,0.6082490703237621,0.4652987742801174,0.5615705739883254,0.660599117619289,0.5483486041372224,0.584884089213881,0.5830089386964526,0.543843882947484,0.5781829282675627
GE-ME-CNV,0.5417499872646218,0.6793097353410091,0.5929888909334392,0.3948942427833113,0.5701170119182144,0.6674330670488728,0.6203728491523548,0.6172715443338672,0.6533225734365935,0.5445533893403478,0.5882013291552632
GE-ME-MI,0.6331422953351755,0.5807012609651958,0.61418083702689,0.3458854086017932,0.5694823573234065,0.658867718000857,0.5543618401435757,0.5650750491794275,0.6298150895118126,0.5548614066426871,0.5706373262730822
GE-ME-MI-CNV,0.5929639793838593,0.6787693082623936,0.6270377380154215,0.3583048872875082,0.5854511693980906,0.667770369745787,0.6128840824293059,0.6063125717514485,0.6364357242159979,0.5472830262204846,0.5913212856710297
GE-MI,0.4960603642058504,0.3266488387553211,0.4962322530754613,0.2052320246452678,0.2923135448679529,0.5738688907124648,0.475498083478916,0.3484111809805038,0.4248459854858975,0.2890847716661553,0.39281959378737913
GE-MI-CNV,0.4641270623632926,0.4288437342908388,0.4844500592036992,0.2989646856811624,0.4074548603076626,0.4016892899979488,0.3824558452492497,0.3156929424797265,0.5087461182935061,0.2761057815319035,0.396853037939899
