,SNF,PINSPlus,NEMO,COCA,LRAcluster,ConsensusClustering,IntNMF,MOFA,Spectrum,IclusterPlus,Mean
GE-CNV,0.0167707903597269,0.0296425345502317,0.0242207578803818,0.0084017103869548,0.0274111491807508,0.0315799720626824,0.0180054564950649,0.0071521958584225,0.0115356995445206,0.0067914516902607,0.018151171800899712
GE-ME,0.0533138572442757,0.8195326535505141,0.1433530582121612,0.2836514418795254,0.9745494787890784,0.951630805980985,0.9022283363942988,0.2734966538064026,0.9767407737682374,0.5700692250708903,0.5948566284696369
GE-ME-CNV,0.0212020763123335,0.8305472326840297,0.3340684814246943,0.4773519282465351,0.9192272908660136,0.9438138512852547,0.8239009146736664,0.0155605605219147,0.8601762397852788,0.3205496472045945,0.5546398223004315
GE-ME-MI,0.0282568241059522,0.8105027554686177,0.0738718860052434,0.0503237837690174,0.9708971807756948,0.948033542066552,0.8861279978756877,0.5539659907925952,0.8621713612133981,0.6452900075338244,0.5829441329606583
GE-ME-MI-CNV,0.0431368352648779,0.8218328592474823,0.1076242873677431,0.2849282375582022,0.9267662172752336,0.925945399116708,0.7970186156917092,0.0118441356061766,0.7125419640289177,-0.0015256895362453,0.46301128616208054
GE-MI,0.0005654945725404,0.000814445493263,0.000214153887785,0.0009197177185402,0.0020621443457323,0.0012926053162348,0.0035702742199385,0.0037503119492108,-0.0004663043244262,0.0039156373459791,0.00166384805247979
GE-MI-CNV,0.0237837670229153,0.025243037800467,0.0279021382949062,0.0193930826628904,0.0282134871867705,0.0319200253602605,0.0038470159785345,0.0115176025251943,0.0125115946956638,-0.0022905134309784,0.01820412380966241
