,SNF,PP,NEMO,COCA,LRAclst,CC,IntNMF,MOFA,Spectrum,IclusterPlus,Best,Mean
GE-CNV,0.20638616840694937,0.20013449855573684,0.1994878035531533,0.18443518620676172,0.20199585667375697,0.20220672318303742,0.1852967471360307,0.18446442551566047,0.1997455269540708,0.18140385009374047,SNF,0.1945556786278898
GE-ME,0.1830392439556734,0.17463220681858885,0.18041069084909947,0.17988259391662667,0.1736864820595704,0.1782489486063095,0.17177239843988354,0.17325823411037478,0.18666526866985267,0.171475425863747,Spectrum,0.17730714932897262
GE-ME-CNV,0.20164004197175156,0.2004379364183236,0.17577874464929014,0.18225109305290407,0.20141207691763816,0.19949958165036172,0.20062329636938045,0.17648654448678244,0.18843777743118698,0.17560114399257898,SNF,0.19021682369401982
GE-ME-MI,0.18388042044975886,0.16784113908970102,0.179436957885214,0.1804305560666247,0.17452585252741648,0.18071581950800533,0.17155150690773616,0.17850577148993116,0.20013667982743033,0.1688765588905856,Spectrum,0.1785901262642404
GE-ME-MI-CNV,0.20181357379525108,0.19743189350270954,0.17264111024563603,0.17731637116643187,0.20429026262938046,0.20162624033203502,0.213291111730646,0.17348012625583617,0.18678318529038038,0.16557047077762135,IntNMF,0.18942443457259275
GE-MI,0.20070361345326734,0.2050107691537536,0.20069210609157193,0.20873415392184258,0.2023040555042479,0.20277490866982528,0.19735352215135368,0.18793848644470568,0.19885541777653204,0.17492512333711022,COCA,0.19792921565042101
GE-MI-CNV,0.2088104291783416,0.1955933127577625,0.1897806708090999,0.18652687579559424,0.20180187365913818,0.198350802195682,0.19952516857369743,0.1890138959516248,0.1868624310621129,0.16939838399449206,SNF,0.1925663843977546
