,SNF,PP,NEMO,COCA,LRAclst,CC,IntNMF,MOFA,Spectrum,IclusterPlus,Best,Mean
GE-CNV,0.21569417632398233,0.1865528196230126,0.22038998165161253,0.19096895420418838,0.1830782604260737,0.176878241479298,0.18164108711049942,0.19305742539388226,0.2007877491337524,0.1801045077705622,NEMO,0.19291532031168637
GE-ME,0.5157508152877616,0.20553124115663055,0.8448076540894326,0.22500799884235537,0.20284364786389508,0.19635945826484413,0.8424120546262932,0.8762103888631695,0.9709220200187101,0.4552037077834798,Spectrum,0.5335048986796572
GE-ME-CNV,0.25314709722249307,0.1953423150528053,0.5736640032486653,0.20941745657871236,0.1926749285404978,0.1802722477186167,0.8500710726181523,0.6202134979936171,0.9567821727739695,0.3041423329990282,Spectrum,0.43357271247465573
GE-ME-MI,0.17472855756765895,0.20499116186862756,0.21503260119412504,0.31871973402246984,0.20002677592282156,0.19269886118914636,0.8363325299246055,0.8945082719746846,0.7268635437780891,0.5195876824896358,MOFA,0.42834897199318644
GE-ME-MI-CNV,0.22344259454326765,0.20248795477111767,0.26430569168609486,0.18011608140807034,0.20557298260755666,0.17165290173487147,0.836368762729363,0.6607282279421607,0.9059917024523466,0.1671196207845004,Spectrum,0.3817786520659349
GE-MI,0.19890690155467017,0.20514474696988172,0.19906057996949247,0.20348860692126935,0.2034815662299921,0.192540690017497,0.19631236583644618,0.25926720522280866,0.1997339729289631,0.1975835433167672,MOFA,0.20555201789677877
GE-MI-CNV,0.2157316874970799,0.1939930244191127,0.1928211784502525,0.19071558047118323,0.18772971149028983,0.1726869917962546,0.1732481635078693,0.18855279567840422,0.19731922321491915,0.16751346944535817,SNF,0.18803118259707235
