,SNF,PP,NEMO,COCA,LRAclst,CC,IntNMF,MOFA,Spectrum,IclusterPlus,Best,Mean
GE-CNV,0.20977568453647008,0.19994344687826462,0.20277985668901424,0.19010328281652836,0.20210960094500963,0.20254497528627846,0.18074648679650032,0.18181899292423298,0.19697651499788962,0.1743306775486916,SNF,0.19411295194188802
GE-ME,0.21760210649975287,0.8333070916232285,0.2810352240099222,0.42247102488043486,0.9689859919706598,0.9483457835198914,0.9030122963782707,0.418567003098691,0.972839847905646,0.6307386700411571,Spectrum,0.6596905039927654
GE-ME-CNV,0.20499760337870318,0.842335214562917,0.42310942281604585,0.5509980740050587,0.9187568885060527,0.9412084541907855,0.8369136770850009,0.19272690309500287,0.8627434763556692,0.42786367447740115,CC,0.6201653388472637
GE-ME-MI,0.20005077274659164,0.8259845565101861,0.22626699225372907,0.23974690636412485,0.9648312778525389,0.9451628147394303,0.8889995160807692,0.6319410032891615,0.8648178222061139,0.6915920604133313,LRAclst,0.6479393722455977
GE-ME-MI-CNV,0.21911162424306882,0.8352140871185227,0.25113692782787594,0.4095457892971499,0.9251287965822893,0.9239844356765824,0.8153203439167064,0.18360092649383,0.7475296641105199,0.16678365374199433,LRAclst,0.5477356249008539
GE-MI,0.2012792970590168,0.20648612427967086,0.19977282548533107,0.20635193193175227,0.2010047792204758,0.19536724907229086,0.19356042141004648,0.19700934273096293,0.19946359026675828,0.18230518994731879,PP,0.19826007514036242
GE-MI-CNV,0.21347186813563424,0.1945255581443559,0.19623763097454053,0.19526668949510292,0.1987536979358365,0.20045845605691578,0.1713599448254667,0.192603421172881,0.19634225101026814,0.16599224369235197,SNF,0.1925011761443354
