,SNF,PINSPlus,NEMO,COCA,LRAcluster,ConsensusClustering,IntNMF,MOFA,Spectrum,IclusterPlus,Mean
GE-CNV,0.5886731048447125,0.541446715069019,0.557071609777527,0.5523308847998532,0.5501613727804233,0.5450813050702266,0.508502840078922,0.5302048430616708,0.5635352158098776,0.5080546608290859,0.5445062552121318
GE-ME,0.5510591764096029,0.9099167297501892,0.5819372088081176,0.6974604882203671,0.9872394041750508,0.9757576617640862,0.951039196540661,0.6790822603889196,0.9883386353119584,0.7856626052027618,0.8107493366571713
GE-ME-CNV,0.5691134703910625,0.9152942313106118,0.6700140781824278,0.740765119438586,0.959575417989154,0.9718223372870872,0.9120030930578344,0.5466356565628545,0.9300516719594898,0.6601538553966948,0.7875428931575803
GE-ME-MI,0.5442844797294427,0.9054407913878382,0.5447297182968188,0.5914030489212594,0.9854060671823116,0.9739550801861322,0.9429945054945056,0.8040937657829306,0.9310921164523538,0.8225372044837966,0.8045936777917391
GE-ME-MI-CNV,0.5693216416356455,0.910958857058225,0.5598962132499341,0.6558071483036911,0.9633473581076524,0.9628657601402086,0.898726350704192,0.5269948110422795,0.8643925685567238,0.500204180043789,0.7412514888842341
GE-MI,0.5994467513632308,0.6136687145489301,0.5960034613934555,0.6125688165937512,0.5951514890662508,0.5808292211390945,0.5702611378836253,0.5810260651882817,0.5970662463338383,0.5372586456599328,0.5883280549170392
GE-MI-CNV,0.583330459166411,0.5341884328043776,0.5343033609303419,0.5477536150275812,0.5404243211503639,0.5392719585238681,0.5046129823841935,0.555039122875847,0.5609083338134899,0.4991483277013531,0.5398980914377827
