,SNF,PINSPlus,NEMO,COCA,LRAcluster,ConsensusClustering,IntNMF,MOFA,Spectrum,IclusterPlus,Mean
GE-CNV,0.0238831584049708,0.0287410910155432,0.0270472024091339,0.0095772532627772,0.0287562808738548,0.0309736487259264,0.0157311638155141,0.0080999398526056,0.0158586296392707,0.0081459201267283,0.019681428812632497
GE-ME,0.04843328584538,0.770471891568982,0.1178154050094878,0.2863011445414122,0.94516909294785,0.9176488828146028,0.8557693561998525,0.3031220951007508,0.9534401346367424,0.5364841798498194,0.5734655468514879
GE-ME-CNV,0.0246772634327135,0.7811641796941096,0.2652457088410154,0.4348771743300549,0.8774679566629906,0.9079891740000144,0.7748370235235015,0.0159844922002394,0.7980025173222389,0.3028875208309142,0.5183133010837793
GE-ME-MI,0.02761101440438,0.7620101226741024,0.060199372459125,0.0775138864020977,0.93819058559961,0.9134998219656068,0.8378760448721143,0.5377632532919587,0.8011899889525902,0.606948969222373,0.5562803059843958
GE-ME-MI-CNV,0.0448763958286831,0.7728505450498613,0.0858902828659507,0.2879019820295565,0.8852728143639818,0.8831421477728305,0.7502160653542178,0.0119638328330339,0.6656544597459183,0.0016724707184393,0.4389440996562473
GE-MI,0.0038256452412791,0.0049752127968195,0.0031008611747527,0.0055672614829654,0.0058007042494443,0.0039799207615433,0.0068498521265756,0.0062516510553963,0.0017908287908627,0.0057412868360445,0.004788322451568341
GE-MI-CNV,0.0333013782175764,0.0241452038282231,0.0265073936983735,0.0186533707948371,0.0276232854703751,0.0301833842866187,0.0056198361136722,0.0112535381176018,0.0156068245216507,0.0011189168066812,0.01940131318556098
