,SNF,PINSPlus,NEMO,COCA,LRAcluster,ConsensusClustering,IntNMF,MOFA,Spectrum,IclusterPlus,Mean
GE-CNV,0.1118562044657631,0.0161753359933782,0.1207437474909706,0.0595503309326184,0.0370734354937184,0.0133225305142315,0.101504494477585,0.0139523357569334,0.0892642950707662,0.0038381026296442,0.056728081282560905
GE-ME,0.6101957123988601,0.7550432674168396,0.4958868424322425,0.4654483525756149,0.6640239431390805,0.911891688814528,0.7197038448429718,0.7479221672842615,0.8067680606633317,0.7454856002406557,0.6922369479808387
GE-ME-CNV,0.1279560397558661,0.7349477609537788,0.1818372444463651,0.3767437907157456,0.7224947745824828,0.7168997687920929,0.732713871797773,0.6618216807134181,0.7380501004135416,0.7349477609537788,0.5728412793124843
GE-ME-MI,0.4040315849706117,0.7748530840502553,0.3059227856232918,0.4362365555626543,0.6281863795376397,0.9602231063989954,0.7295077294487108,0.777454864561393,0.7471935825661347,0.7697767760601749,0.6533386448779861
GE-ME-MI-CNV,0.1216461480641228,0.7433492549170339,0.1625195046275144,0.4365710095117176,0.6693585191761477,0.7423466423601937,0.7434298450229938,0.7357925811594014,0.6557974857183716,0.7537163908502496,0.5764527381407747
GE-MI,0.1183293413709654,0.1658254528662248,0.1458428467999739,0.0234610708174769,0.1611188359725941,0.1543884801760631,0.1985606908958649,0.1570763323121413,0.1525400260955369,0.130395527309575,0.14075386046164162
GE-MI-CNV,0.0855372731220831,0.0193146479047348,0.1133832301557075,0.0429865148634509,0.0147131774412526,0.0199305869853754,0.1133531156132339,0.0135066113202971,0.1062403038500099,0.0105560115051671,0.053952147276131235
