,SNF,PP,NEMO,COCA,LRAclst,CC,IntNMF,MOFA,Spectrum,IclusterPlus,Best,Mean
GE-CNV,0.24775127303243394,0.2160812114790469,0.26056077477252143,0.2291915953264865,0.22098959476252503,0.21055964001905722,0.256039313015263,0.19249576884255928,0.2384383464951831,0.20813200350994285,NEMO,0.22802395212550194
GE-ME,0.23171070579351047,0.23159404442573914,0.2274554928482647,0.2207757754763535,0.22241492455866121,0.21664055957635134,0.2445832981970313,0.23332262250480953,0.2121821036917176,0.21144448119358306,IntNMF,0.22521240082660218
GE-ME-CNV,0.23904836373582397,0.2120618801834786,0.2440071993327589,0.2188126302369525,0.22437563343841735,0.21156203576911817,0.23550499815804646,0.20686695071622793,0.24564717288111085,0.21000799862521533,Spectrum,0.22478948630771503
GE-ME-MI,0.2376405369110454,0.23509067586263013,0.23615668455473152,0.21635660704830104,0.2486708803734696,0.22781619369023942,0.25446128398791745,0.2371436806934372,0.23628895587059562,0.19283805303853244,IntNMF,0.23224635520308995
GE-ME-MI-CNV,0.24239599566358253,0.22123258419534153,0.24752263814622366,0.22759758671363084,0.22031356548831382,0.2201677658428667,0.22899384986016955,0.22235074536437002,0.21478623305231484,0.18510521085139245,NEMO,0.2230466175178206
GE-MI,0.2385135635549683,0.26424519305330535,0.25349387842810084,0.23878188478759554,0.26710473919377925,0.25984854152706327,0.3005272003406554,0.2100000524913673,0.2937955865188872,0.2046190236621334,IntNMF,0.2530929663557856
GE-MI-CNV,0.23537591165537095,0.22075290335715714,0.25098653523394404,0.2373286091249617,0.21963612950214595,0.22056439940920916,0.2457027157798263,0.22187249981314405,0.2566309477895345,0.20656822105071096,Spectrum,0.2315418872716005
