,SNF,PP,NEMO,COCA,LRAclst,CC,IntNMF,MOFA,Spectrum,IclusterPlus,Best,Mean
GE-CNV,0.24559333315694828,0.26863636468848123,0.25631067385070944,0.22153600844309884,0.29508324667731006,0.2522119016021172,0.21264893655803352,0.20555882755100305,0.2465998845285564,0.21041480538257404,LRAclst,0.2414593982438832
GE-ME,0.6340215305891781,0.2728587932794995,0.5858932056576558,0.7535520065785452,0.2705555638178445,0.2347957603553198,0.761119921371011,0.764929710161799,0.9016297700291087,0.7990342391577929,Spectrum,0.5978390500997754
GE-ME-CNV,0.26925620757760294,0.2623869963856503,0.3084043090660575,0.6144325975211379,0.36171610324132986,0.25747039859485965,0.7831534258003451,0.6491768015130739,0.6986325818092665,0.6803753704468883,IntNMF,0.48850047919562123
GE-ME-MI,0.33159245853933367,0.2851695359835416,0.3586217078375127,0.7505507440706835,0.2793459028015795,0.2368974232005647,0.7754120443805457,0.7835534146941562,0.703348959371248,0.8162736911086949,IclusterPlus,0.532076588198786
GE-ME-MI-CNV,0.25476664884473404,0.2745587468754354,0.2843567098306495,0.6973541864311071,0.3224996615190885,0.24355495990534357,0.8077503094509435,0.4587630755448364,0.5732319292332674,0.5652621950281287,IntNMF,0.4482098422663534
GE-MI,0.24750009011765672,0.26544898440068554,0.25596835627013675,0.23181179006992525,0.27200881389601056,0.24596572457179722,0.28373712986518,0.42427441007199357,0.24425629306698649,0.24397270740434662,MOFA,0.27149442997347184
GE-MI-CNV,0.21972404953368438,0.27614645467035975,0.24529669920419794,0.23876602904734442,0.2621985001014885,0.23643426164213124,0.20288784039632501,0.2130496844203332,0.24924073614047307,0.20080871647320053,PP,0.23445529716295382
