,SNF,PP,NEMO,COCA,LRAclst,CC,IntNMF,MOFA,Spectrum,IclusterPlus,Best,Mean
GE-CNV,0.25073766345273546,0.21609015114741567,0.25777045701051016,0.23310250410813657,0.21948514686769519,0.2107683036564347,0.24462733969147543,0.2021322598842671,0.2389860431329703,0.20813200350994285,NEMO,0.22818318724615838
GE-ME,0.6550048599625072,0.7779228380940744,0.5504963033116707,0.5423772295885038,0.7087699650394331,0.907562908657941,0.7503793409904208,0.7723371203197874,0.8216781435291612,0.7704370782281899,CC,0.7256965787721689
GE-ME-CNV,0.2627815508178129,0.7642378993559659,0.30433540709926754,0.45698722629536853,0.7554975518601571,0.7359892987663065,0.7615054597704803,0.7051304763516688,0.7563631407935366,0.7642378993559659,"PP,IclusterPlus",0.626706591046653
GE-ME-MI,0.48119255091743063,0.7955195542354891,0.3992685569507146,0.5185197738743846,0.6831853716233232,0.9587654239933124,0.7600686736358956,0.7976001425645243,0.7721276060925687,0.791513487371376,CC,0.695776114125902
GE-ME-MI-CNV,0.2583025593644431,0.7685567112658568,0.2903143444034158,0.5049666544134785,0.7131867223777787,0.7564190314474312,0.7637701381693253,0.7627137782533077,0.70283219972415,0.7767082599080367,IclusterPlus,0.6297770399327224
GE-MI,0.2591309148545042,0.30322862556153063,0.2859044178539075,0.23878188478759554,0.29709303413708943,0.2886102732224974,0.32373697169393884,0.2951048054326475,0.28760904223660205,0.27754392597845085,IntNMF,0.2856743895758764
GE-MI-CNV,0.2310783381169135,0.2216860690065672,0.2521391058982818,0.23302731095293538,0.22249334774439056,0.22026585996624545,0.25430436109415594,0.2113520890820104,0.2528734906303714,0.21779822377537897,IntNMF,0.23170181962672504
