,SNF,PINSPlus,NEMO,COCA,LRAcluster,ConsensusClustering,IntNMF,MOFA,Spectrum,IclusterPlus,Mean
GE-CNV,0.5533442269366449,0.5982325480728817,0.5584361401851996,0.57758284931721,0.579800134562013,0.5921501102440101,0.5513988802601142,0.570191392503623,0.5541566692748443,0.6056567802030273,0.5740949731559568
GE-ME,0.806831257558456,0.8775482927640057,0.7476170460323611,0.7376346800893815,0.8337513347446819,0.9557030143033028,0.8602628985322773,0.8740535995010733,0.9038521333998532,0.872861150495533,0.8470115407420927
GE-ME-CNV,0.5611871896093714,0.867770293908702,0.5894663155945646,0.6891357808697298,0.8621349179119173,0.8579509959852067,0.86664882119452,0.8320696839131976,0.8691214322610268,0.867770293908702,0.7863255725156939
GE-ME-MI,0.703429604798012,0.8873233239138401,0.6512835646232232,0.723168040502831,0.8164047057980233,0.9799990803372614,0.8651034808867599,0.888609753012758,0.8739193026328376,0.8848247151056257,0.8274065571611173
GE-ME-MI-CNV,0.5581344200904722,0.8717285366184262,0.5801555848703338,0.7184030192233737,0.836602794381905,0.8704817685431173,0.8715508356451173,0.8680434890837118,0.8333938495809887,0.8768238429197692,0.7885318140957216
GE-MI,0.562691844579779,0.5971749468521814,0.5855345458989692,0.6216280888195876,0.5929471931760422,0.5842870144845675,0.6064143509912794,0.5921232560471578,0.5838846271679758,0.5832091537344917,0.5909895021752031
GE-MI-CNV,0.5400983140101333,0.6028303319218087,0.5544219796778544,0.5913449339067439,0.6118734137246871,0.5997629540437065,0.5581194924134729,0.5915068257637192,0.5613896073731711,0.6108194380714632,0.582216729090676
