,SNF,PINSPlus,NEMO,COCA,LRAcluster,ConsensusClustering,IntNMF,MOFA,Spectrum,IclusterPlus,Mean
GE-CNV,0.0870125589557984,0.0338625693759871,0.0941314833553603,0.0621743320745812,0.0415818705473542,0.0268322702110625,0.0809786443367271,0.0222530513922449,0.0735371650533004,0.0149011276971571,0.053726507299957316
GE-ME,0.5479876099302059,0.7011769541013778,0.4079850214704083,0.4240486561005148,0.6285346172345367,0.8550940228559923,0.6711712795960135,0.6950355941740275,0.7544142365242987,0.6929644839483808,0.6378412475935755
GE-ME-CNV,0.0992014230882011,0.6899956432054168,0.1417026612568729,0.3050821073006302,0.681862963086071,0.6331171315216202,0.6851536863191477,0.6215000644283906,0.6619178897060412,0.6899956432054168,0.5209529213117808
GE-ME-MI,0.3361164629836682,0.724382254742372,0.2405993206056287,0.3961547255576685,0.6049650295343063,0.9360740852436804,0.6855948105722158,0.7267358101194216,0.6952699330787341,0.7199389709483277,0.6065831403386024
GE-ME-MI-CNV,0.0951271099387343,0.6905923422621104,0.1282679437123993,0.3599259345053443,0.6335988535752831,0.6564286834389824,0.6763297338398646,0.6843052645168095,0.6193052638730898,0.6995845459540915,0.5243465675616709
GE-MI,0.096371558612768,0.1466854769661856,0.1263358608627794,0.0712564947257221,0.137213073262632,0.1271553250068615,0.1662358731946723,0.1361148279386435,0.1264024734462935,0.1190270968912859,0.12527980609078437
GE-MI-CNV,0.0675994272185241,0.0429132271931582,0.0886121078612835,0.0647504840886113,0.040893452067232,0.0411040388696544,0.091440475255761,0.0290428301620149,0.0909905606679332,0.0320192217495066,0.05893658251336792
